{
"type": "FeatureCollection",
"name": "districts",
"crs": { "type": "name", "properties": { "name": "urn:ogc:def:crs:OGC:1.3:CRS84" } },
"features": [
{ "type": "Feature", "properties": { "state": "Andaman and Nicobar", "district": "Nicobar Islands" }, "geometry": { "type": "MultiPolygon", "coordinates": [ [ [ [ 93.5503, 7.517 ], [ 93.5406, 7.5239 ], [ 93.5436, 7.525 ], [ 93.5503, 7.517 ] ] ], [ [ [ 93.3427, 7.9051 ], [ 93.3404, 7.9047 ], [ 93.3413, 7.9065 ], [ 93.3427, 7.9051 ] ] ], [ [ [ 93.3402, 7.9095 ], [ 93.3394, 7.9111 ], [ 93.3402, 7.9109 ], [ 93.3402, 7.9095 ] ] ], [ [ [ 93.3794, 8.0247 ], [ 93.465, 7.93 ], [ 93.4617, 7.8722 ], [ 93.4225, 7.9072 ], [ 93.3564, 7.8889 ], [ 93.3581, 7.9417 ], [ 93.3172, 7.9336 ], [ 93.3364, 8.0122 ], [ 93.3794, 8.0247 ] ] ], [ [ [ 93.5433, 8.025 ], [ 93.5828, 7.9917 ], [ 93.5775, 7.9283 ], [ 93.5053, 7.9936 ], [ 93.5325, 8.025 ], [ 93.5508, 7.9962 ], [ 93.5433, 8.025 ] ] ], [ [ [ 93.5628, 8.1208 ], [ 93.6014, 8.05 ], [ 93.5928, 8.0378 ], [ 93.5628, 8.1208 ] ] ], [ [ [ 93.5425, 8.1931 ], [ 93.5031, 8.1482 ], [ 93.5503, 8.0361 ], [ 93.5306, 8.0489 ], [ 93.4933, 7.9989 ], [ 93.4853, 8.0444 ], [ 93.5299, 8.0787 ], [ 93.485, 8.0519 ], [ 93.4539, 8.1736 ], [ 93.5213, 8.2332 ], [ 93.5425, 8.1931 ] ] ], [ [ [ 93.2497, 8.2406 ], [ 93.2214, 8.2417 ], [ 93.235, 8.2656 ], [ 93.2497, 8.2406 ] ] ], [ [ [ 93.1408, 8.3372 ], [ 93.1264, 8.2764 ], [ 93.1994, 8.1939 ], [ 93.1208, 8.2225 ], [ 93.0872, 8.2694 ], [ 93.0947, 8.3392 ], [ 93.1408, 8.3372 ] ] ], [ [ [ 93.0572, 8.4592 ], [ 93.0344, 8.4511 ], [ 93.0436, 8.4736 ], [ 93.0572, 8.4592 ] ] ], [ [ [ 92.8554, 8.8348 ], [ 92.8601, 8.8205 ], [ 92.852, 8.8216 ], [ 92.8554, 8.8348 ] ] ], [ [ [ 92.7922, 9.1178 ], [ 92.7986, 9.1186 ], [ 92.7967, 9.1177 ], [ 92.7922, 9.1178 ] ] ], [ [ [ 92.8037, 9.1196 ], [ 92.7997, 9.1186 ], [ 92.8042, 9.1208 ], [ 92.8037, 9.1196 ] ] ], [ [ [ 92.8147, 9.1258 ], [ 92.8117, 9.1244 ], [ 92.8136, 9.1269 ], [ 92.8147, 9.1258 ] ] ], [ [ [ 92.8255, 9.1921 ], [ 92.8114, 9.1236 ], [ 92.7266, 9.1302 ], [ 92.7211, 9.2142 ], [ 92.7681, 9.2161 ], [ 92.7747, 9.2569 ], [ 92.8243, 9.1958 ], [ 92.8544, 9.2092 ], [ 92.8255, 9.1921 ] ] ], [ [ [ 93.7874, 6.8526 ], [ 93.7909, 6.851 ], [ 93.7844, 6.8489 ], [ 93.7874, 6.8526 ] ] ], [ [ [ 93.8472, 7.2442 ], [ 93.8828, 7.2036 ], [ 93.8878, 7.0864 ], [ 93.9455, 7.0094 ], [ 93.9139, 7.0 ], [ 93.9455, 6.9558 ], [ 93.8972, 6.9022 ], [ 93.9021, 6.813 ], [ 93.8826, 6.7928 ], [ 93.8509, 6.8161 ], [ 93.8283, 6.7543 ], [ 93.8049, 6.7645 ], [ 93.8156, 6.8161 ], [ 93.7453, 6.9619 ], [ 93.6939, 7.0151 ], [ 93.663, 7.0066 ], [ 93.6556, 7.1253 ], [ 93.6861, 7.19 ], [ 93.8025, 7.2014 ], [ 93.8069, 7.2336 ], [ 93.8472, 7.2442 ] ] ], [ [ [ 93.7091, 7.2313 ], [ 93.7215, 7.2131 ], [ 93.7196, 7.2069 ], [ 93.7117, 7.2094 ], [ 93.7091, 7.2313 ] ] ], [ [ [ 93.8463, 7.2869 ], [ 93.8442, 7.2884 ], [ 93.8483, 7.2904 ], [ 93.8463, 7.2869 ] ] ], [ [ [ 93.7061, 7.445 ], [ 93.7557, 7.3598 ], [ 93.6483, 7.2425 ], [ 93.6325, 7.3706 ], [ 93.7139, 7.3928 ], [ 93.7061, 7.445 ] ] ], [ [ [ 93.6662, 7.3835 ], [ 93.662, 7.3832 ], [ 93.6634, 7.3841 ], [ 93.6662, 7.3835 ] ] ], [ [ [ 93.7622, 7.3981 ], [ 93.7725, 7.3983 ], [ 93.77, 7.3936 ], [ 93.7622, 7.3981 ] ] ], [ [ [ 93.695, 7.3989 ], [ 93.6831, 7.4061 ], [ 93.6922, 7.4083 ], [ 93.695, 7.3989 ] ] ], [ [ [ 93.6442, 7.4708 ], [ 93.6528, 7.4728 ], [ 93.6519, 7.4703 ], [ 93.6442, 7.4708 ] ] ], [ [ [ 93.6331, 7.4755 ], [ 93.6305, 7.48 ], [ 93.6345, 7.4781 ], [ 93.6331, 7.4755 ] ] ], [ [ [ 93.6531, 8.3878 ], [ 93.6517, 8.3947 ], [ 93.6572, 8.3908 ], [ 93.6531, 8.3878 ] ] ], [ [ [ 93.6342, 8.398 ], [ 93.6354, 8.395 ], [ 93.6339, 8.3949 ], [ 93.6342, 8.398 ] ] ], [ [ [ 93.6115, 8.4861 ], [ 93.6136, 8.4853 ], [ 93.6115, 8.4845 ], [ 93.6115, 8.4861 ] ] ], [ [ [ 93.6125, 8.5758 ], [ 93.6424, 8.4685 ], [ 93.6229, 8.4216 ], [ 93.6125, 8.5758 ] ] ], [ [ [ 93.6094, 8.5797 ], [ 93.6066, 8.5813 ], [ 93.6092, 8.582 ], [ 93.6094, 8.5797 ] ] ] ] } },
{ "type": "Feature", "properties": { "state": "Andaman and Nicobar", "district": "North and Middle Andaman" }, "geometry": { "type": "MultiPolygon", "coordinates": [ [ [ [ 92.7254, 12.1861 ], [ 92.7325, 12.1824 ], [ 92.7285, 12.1816 ], [ 92.7254, 12.1861 ] ] ], [ [ [ 92.7309, 12.2141 ], [ 92.7623, 12.2294 ], [ 92.7637, 12.1822 ], [ 92.7312, 12.193 ], [ 92.7234, 12.1888 ], [ 92.7298, 12.2425 ], [ 92.7309, 12.2141 ] ] ], [ [ [ 92.6963, 12.2462 ], [ 92.6996, 12.2458 ], [ 92.6986, 12.2447 ], [ 92.6963, 12.2462 ] ] ], [ [ [ 92.7053, 12.2985 ], [ 92.7192, 12.2589 ], [ 92.7107, 12.2303 ], [ 92.7053, 12.2985 ] ] ], [ [ [ 92.739, 12.2657 ], [ 92.7395, 12.2821 ], [ 92.7484, 12.2885 ], [ 92.7348, 12.2485 ], [ 92.739, 12.2657 ] ] ], [ [ [ 92.7384, 12.2755 ], [ 92.7365, 12.2693 ], [ 92.7351, 12.2705 ], [ 92.7384, 12.2755 ] ] ], [ [ [ 92.7368, 12.2819 ], [ 92.7354, 12.2885 ], [ 92.7382, 12.2924 ], [ 92.7368, 12.2819 ] ] ], [ [ [ 92.7533, 12.2947 ], [ 92.7533, 12.2919 ], [ 92.7522, 12.2928 ], [ 92.7533, 12.2947 ] ] ], [ [ [ 92.6687, 12.5348 ], [ 92.6846, 12.5388 ], [ 92.6777, 12.5223 ], [ 92.6687, 12.5348 ] ] ], [ [ [ 92.7024, 12.6379 ], [ 92.7016, 12.6405 ], [ 92.7034, 12.6394 ], [ 92.7024, 12.6379 ] ] ], [ [ [ 92.7312, 12.7045 ], [ 92.7325, 12.7031 ], [ 92.7309, 12.7026 ], [ 92.7312, 12.7045 ] ] ], [ [ [ 92.727, 12.7362 ], [ 92.727, 12.7267 ], [ 92.7229, 12.7359 ], [ 92.727, 12.7362 ] ] ], [ [ [ 92.7268, 12.7514 ], [ 92.7254, 12.7528 ], [ 92.7265, 12.7537 ], [ 92.7268, 12.7514 ] ] ], [ [ [ 92.6575, 12.7732 ], [ 92.6545, 12.772 ], [ 92.6561, 12.7741 ], [ 92.6575, 12.7732 ] ] ], [ [ [ 92.7123, 12.7771 ], [ 92.708, 12.7198 ], [ 92.7077, 12.8293 ], [ 92.7123, 12.7771 ] ] ], [ [ [ 92.7153, 12.7783 ], [ 92.7222, 12.7786 ], [ 92.725, 12.7617 ], [ 92.72, 12.7778 ], [ 92.7153, 12.7783 ] ] ], [ [ [ 92.7162, 12.7748 ], [ 92.7171, 12.7767 ], [ 92.7176, 12.7756 ], [ 92.7162, 12.7748 ] ] ], [ [ [ 92.7165, 12.7959 ], [ 92.7151, 12.795 ], [ 92.7154, 12.797 ], [ 92.7165, 12.7959 ] ] ], [ [ [ 92.7165, 12.8009 ], [ 92.7156, 12.7993 ], [ 92.7156, 12.8006 ], [ 92.7165, 12.8009 ] ] ], [ [ [ 92.716, 12.8026 ], [ 92.7173, 12.8042 ], [ 92.7176, 12.8031 ], [ 92.716, 12.8026 ] ] ], [ [ [ 92.7248, 12.8339 ], [ 92.7267, 12.8334 ], [ 92.7254, 12.8323 ], [ 92.7248, 12.8339 ] ] ], [ [ [ 92.7175, 12.8336 ], [ 92.7203, 12.8644 ], [ 92.7275, 12.8653 ], [ 92.7175, 12.8336 ] ] ], [ [ [ 92.7318, 12.8564 ], [ 92.7296, 12.8548 ], [ 92.7298, 12.8564 ], [ 92.7318, 12.8564 ] ] ], [ [ [ 92.757, 12.8784 ], [ 92.7589, 12.8764 ], [ 92.7571, 12.8761 ], [ 92.757, 12.8784 ] ] ], [ [ [ 92.6698, 12.9625 ], [ 92.7199, 12.9784 ], [ 92.7195, 12.8742 ], [ 92.6682, 12.7826 ], [ 92.6632, 12.8791 ], [ 92.6299, 12.8827 ], [ 92.6645, 12.8806 ], [ 92.6706, 12.9123 ], [ 92.6369, 12.9195 ], [ 92.6701, 12.918 ], [ 92.6804, 12.9481 ], [ 92.6698, 12.9625 ] ] ], [ [ [ 92.7531, 12.8892 ], [ 92.754, 12.8931 ], [ 92.754, 12.9131 ], [ 92.7568, 12.8945 ], [ 92.7531, 12.8892 ] ] ], [ [ [ 92.6701, 12.9495 ], [ 92.6726, 12.9489 ], [ 92.6701, 12.9483 ], [ 92.6701, 12.9495 ] ] ], [ [ [ 92.6698, 12.9528 ], [ 92.6687, 12.9516 ], [ 92.6681, 12.9536 ], [ 92.6698, 12.9528 ] ] ], [ [ [ 92.7011, 13.0708 ], [ 92.7211, 13.0956 ], [ 92.7044, 13.0697 ], [ 92.7011, 13.0708 ] ] ], [ [ [ 92.7278, 13.0908 ], [ 92.7306, 13.0957 ], [ 92.7315, 13.0938 ], [ 92.7278, 13.0908 ] ] ], [ [ [ 92.8461, 12.151 ], [ 92.8458, 12.1476 ], [ 92.844, 12.1484 ], [ 92.8461, 12.151 ] ] ], [ [ [ 92.7961, 12.3039 ], [ 92.8303, 12.3003 ], [ 92.8664, 12.3056 ], [ 92.8697, 12.2903 ], [ 92.8867, 12.2867 ], [ 92.8589, 12.2458 ], [ 92.8805, 12.1951 ], [ 92.8466, 12.1977 ], [ 92.8506, 12.1573 ], [ 92.8226, 12.1655 ], [ 92.8125, 12.1069 ], [ 92.7647, 12.0633 ], [ 92.7392, 12.0948 ], [ 92.7677, 12.1866 ], [ 92.7699, 12.2369 ], [ 92.7423, 12.2455 ], [ 92.7506, 12.2741 ], [ 92.7645, 12.2638 ], [ 92.7818, 12.2855 ], [ 92.7713, 12.3129 ], [ 92.7961, 12.3039 ] ] ], [ [ [ 92.8635, 12.2381 ], [ 92.8692, 12.248 ], [ 92.8662, 12.2355 ], [ 92.8635, 12.2381 ] ] ], [ [ [ 92.8794, 12.2486 ], [ 92.8819, 12.2489 ], [ 92.8811, 12.2453 ], [ 92.8794, 12.2486 ] ] ], [ [ [ 92.7531, 12.2775 ], [ 92.7674, 12.273 ], [ 92.7635, 12.2662 ], [ 92.7531, 12.2775 ] ] ], [ [ [ 92.7689, 12.2885 ], [ 92.7684, 12.293 ], [ 92.7712, 12.2949 ], [ 92.7689, 12.2885 ] ] ], [ [ [ 92.8797, 12.2979 ], [ 92.8781, 12.2937 ], [ 92.8767, 12.2948 ], [ 92.8797, 12.2979 ] ] ], [ [ [ 92.7637, 12.2982 ], [ 92.7648, 12.2968 ], [ 92.7637, 12.2966 ], [ 92.7637, 12.2982 ] ] ], [ [ [ 92.8888, 12.4076 ], [ 92.884, 12.3742 ], [ 92.8444, 12.395 ], [ 92.8518, 12.4089 ], [ 92.8888, 12.4076 ] ] ], [ [ [ 92.8891, 12.4126 ], [ 92.8886, 12.4142 ], [ 92.8895, 12.414 ], [ 92.8891, 12.4126 ] ] ], [ [ [ 92.8659, 12.421 ], [ 92.8623, 12.4126 ], [ 92.8589, 12.4168 ], [ 92.8659, 12.421 ] ] ], [ [ [ 92.83, 12.4211 ], [ 92.8458, 12.4178 ], [ 92.8461, 12.4147 ], [ 92.83, 12.4211 ] ] ], [ [ [ 92.8759, 12.4447 ], [ 92.8743, 12.4445 ], [ 92.8745, 12.4453 ], [ 92.8759, 12.4447 ] ] ], [ [ [ 92.8978, 12.9274 ], [ 92.9533, 12.8094 ], [ 92.9342, 12.7738 ], [ 92.9805, 12.7097 ], [ 92.9684, 12.4967 ], [ 92.9321, 12.4807 ], [ 92.9579, 12.4677 ], [ 92.9153, 12.4437 ], [ 92.9145, 12.4059 ], [ 92.909, 12.4211 ], [ 92.8783, 12.4447 ], [ 92.8858, 12.454 ], [ 92.8347, 12.4948 ], [ 92.849, 12.4586 ], [ 92.899, 12.4156 ], [ 92.875, 12.4137 ], [ 92.865, 12.4258 ], [ 92.8465, 12.4234 ], [ 92.8196, 12.4375 ], [ 92.8184, 12.4338 ], [ 92.8044, 12.4404 ], [ 92.7965, 12.438 ], [ 92.8003, 12.4644 ], [ 92.7911, 12.4697 ], [ 92.7942, 12.4382 ], [ 92.8303, 12.4278 ], [ 92.8286, 12.4231 ], [ 92.8339, 12.4092 ], [ 92.8416, 12.4059 ], [ 92.8386, 12.395 ], [ 92.8598, 12.3626 ], [ 92.89, 12.3504 ], [ 92.8951, 12.3203 ], [ 92.7715, 12.3197 ], [ 92.7204, 12.3003 ], [ 92.7075, 12.5969 ], [ 92.6845, 12.6081 ], [ 92.7533, 12.6708 ], [ 92.7854, 12.6192 ], [ 92.7886, 12.6745 ], [ 92.7874, 12.7072 ], [ 92.7792, 12.7131 ], [ 92.7689, 12.6721 ], [ 92.7329, 12.6744 ], [ 92.7461, 12.7225 ], [ 92.7239, 12.8271 ], [ 92.7378, 12.8103 ], [ 92.7608, 12.8594 ], [ 92.7822, 12.8075 ], [ 92.7919, 12.8899 ], [ 92.811, 12.8975 ], [ 92.8417, 12.8756 ], [ 92.8735, 12.8812 ], [ 92.896, 12.8988 ], [ 92.8978, 12.9274 ] ] ], [ [ [ 92.7672, 12.8579 ], [ 92.7612, 12.8677 ], [ 92.7658, 12.8726 ], [ 92.7672, 12.8579 ] ] ], [ [ [ 92.7777, 12.8667 ], [ 92.7769, 12.8648 ], [ 92.7759, 12.866 ], [ 92.7777, 12.8667 ] ] ], [ [ [ 92.7817, 12.8914 ], [ 92.7906, 12.8847 ], [ 92.7856, 12.8819 ], [ 92.7817, 12.8914 ] ] ], [ [ [ 92.8005, 12.8975 ], [ 92.7742, 12.9109 ], [ 92.7916, 12.9166 ], [ 92.8005, 12.8975 ] ] ], [ [ [ 92.8631, 12.9144 ], [ 92.865, 12.9139 ], [ 92.8642, 12.9125 ], [ 92.8631, 12.9144 ] ] ], [ [ [ 92.7667, 12.9172 ], [ 92.7682, 12.9175 ], [ 92.7682, 12.9164 ], [ 92.7667, 12.9172 ] ] ], [ [ [ 92.7673, 12.9203 ], [ 92.7623, 12.9219 ], [ 92.7659, 12.9248 ], [ 92.7673, 12.9203 ] ] ], [ [ [ 92.7756, 12.9306 ], [ 92.7695, 12.9231 ], [ 92.7715, 12.9309 ], [ 92.7756, 12.9306 ] ] ], [ [ [ 92.8844, 12.9296 ], [ 92.865, 12.9167 ], [ 92.8613, 12.9337 ], [ 92.8844, 12.9296 ] ] ], [ [ [ 92.7662, 12.9292 ], [ 92.7609, 12.9308 ], [ 92.7626, 12.935 ], [ 92.7662, 12.9292 ] ] ], [ [ [ 92.7944, 13.1711 ], [ 92.7968, 13.1676 ], [ 92.7936, 13.1686 ], [ 92.7944, 13.1711 ] ] ], [ [ [ 92.8119, 13.4059 ], [ 92.8189, 13.4164 ], [ 92.8145, 13.4031 ], [ 92.8119, 13.4059 ] ] ], [ [ [ 92.8658, 13.4136 ], [ 92.8675, 13.4116 ], [ 92.8658, 13.4114 ], [ 92.8658, 13.4136 ] ] ], [ [ [ 92.835, 13.4203 ], [ 92.8217, 13.4367 ], [ 92.8425, 13.4447 ], [ 92.835, 13.4203 ] ] ], [ [ [ 92.8667, 13.5092 ], [ 92.8747, 13.5044 ], [ 92.8711, 13.5019 ], [ 92.8667, 13.5092 ] ] ], [ [ [ 92.8786, 13.5378 ], [ 92.8739, 13.5367 ], [ 92.8747, 13.5408 ], [ 92.8786, 13.5378 ] ] ], [ [ [ 92.9332, 12.1959 ], [ 92.9273, 12.2217 ], [ 92.938, 12.2252 ], [ 92.9416, 12.2174 ], [ 92.9332, 12.1959 ] ] ], [ [ [ 92.9116, 12.228 ], [ 92.8792, 12.2083 ], [ 92.8711, 12.2452 ], [ 92.8845, 12.2392 ], [ 92.8999, 12.2564 ], [ 92.9116, 12.228 ] ] ], [ [ [ 92.9014, 12.2622 ], [ 92.8994, 12.2608 ], [ 92.9, 12.2625 ], [ 92.9014, 12.2622 ] ] ], [ [ [ 92.9221, 12.231 ], [ 92.9015, 12.2882 ], [ 92.9267, 12.2806 ], [ 92.9344, 12.3106 ], [ 92.9221, 12.231 ] ] ], [ [ [ 92.9117, 12.3322 ], [ 92.9111, 12.3347 ], [ 92.9136, 12.3331 ], [ 92.9117, 12.3322 ] ] ], [ [ [ 92.9057, 12.3384 ], [ 92.9054, 12.3411 ], [ 92.9066, 12.3399 ], [ 92.9057, 12.3384 ] ] ], [ [ [ 92.9188, 12.3502 ], [ 92.9103, 12.3509 ], [ 92.9166, 12.3549 ], [ 92.9188, 12.3502 ] ] ], [ [ [ 92.8969, 12.3921 ], [ 92.8956, 12.3944 ], [ 92.8978, 12.3943 ], [ 92.8969, 12.3921 ] ] ], [ [ [ 92.9308, 12.359 ], [ 92.9259, 12.4036 ], [ 92.9563, 12.4355 ], [ 92.9607, 12.4198 ], [ 92.9308, 12.359 ] ] ], [ [ [ 92.8992, 12.4114 ], [ 92.8992, 12.4078 ], [ 92.8975, 12.4089 ], [ 92.8992, 12.4114 ] ] ], [ [ [ 92.9049, 12.4231 ], [ 92.9, 12.421 ], [ 92.9004, 12.426 ], [ 92.9049, 12.4231 ] ] ], [ [ [ 92.892, 12.8998 ], [ 92.8935, 12.8975 ], [ 92.8916, 12.8976 ], [ 92.892, 12.8998 ] ] ], [ [ [ 92.9123, 12.9137 ], [ 92.9087, 12.9145 ], [ 92.9131, 12.9175 ], [ 92.9123, 12.9137 ] ] ], [ [ [ 92.9364, 12.9173 ], [ 92.9342, 12.913 ], [ 92.9314, 12.9187 ], [ 92.9364, 12.9173 ] ] ], [ [ [ 92.89, 12.9372 ], [ 92.8928, 12.9364 ], [ 92.8901, 12.935 ], [ 92.89, 12.9372 ] ] ], [ [ [ 92.8998, 12.9411 ], [ 92.9028, 12.9391 ], [ 92.9031, 12.9383 ], [ 92.8998, 12.9411 ] ] ], [ [ [ 93.0072, 12.9975 ], [ 92.9792, 12.9328 ], [ 92.952, 12.9405 ], [ 92.9742, 12.9453 ], [ 92.9525, 12.9797 ], [ 93.0072, 12.9975 ] ] ], [ [ [ 92.9881, 12.9978 ], [ 92.9875, 13.0003 ], [ 92.9897, 13.0003 ], [ 92.9881, 12.9978 ] ] ], [ [ [ 92.9108, 13.0036 ], [ 92.9117, 13.005 ], [ 92.9125, 13.0025 ], [ 92.9108, 13.0036 ] ] ], [ [ [ 92.94, 13.0253 ], [ 92.9214, 13.0006 ], [ 92.9225, 13.0286 ], [ 92.94, 13.0253 ] ] ], [ [ [ 92.9494, 13.0247 ], [ 92.9472, 13.0244 ], [ 92.9453, 13.0253 ], [ 92.9494, 13.0247 ] ] ], [ [ [ 92.9143, 13.0435 ], [ 92.9194, 13.0408 ], [ 92.9167, 13.04 ], [ 92.9143, 13.0435 ] ] ], [ [ [ 92.9325, 13.05 ], [ 92.9318, 13.0524 ], [ 92.9344, 13.0514 ], [ 92.9325, 13.05 ] ] ], [ [ [ 92.913, 13.0627 ], [ 92.9168, 13.0626 ], [ 92.9174, 13.0581 ], [ 92.913, 13.0627 ] ] ], [ [ [ 93.0272, 13.5792 ], [ 93.0211, 13.4311 ], [ 93.0708, 13.4061 ], [ 93.0283, 13.3732 ], [ 93.0553, 13.3822 ], [ 93.0906, 13.3359 ], [ 93.0658, 13.3031 ], [ 93.0417, 13.3672 ], [ 92.9868, 13.329 ], [ 92.9694, 13.3605 ], [ 92.9505, 13.3439 ], [ 92.9648, 13.3245 ], [ 93.0095, 13.32 ], [ 93.0068, 13.3093 ], [ 93.0219, 13.2953 ], [ 93.0126, 13.2952 ], [ 93.0125, 13.2767 ], [ 93.0667, 13.2725 ], [ 93.0322, 13.1789 ], [ 93.0349, 13.081 ], [ 93.0039, 13.0286 ], [ 92.9658, 13.035 ], [ 92.9746, 13.0129 ], [ 92.9348, 13.0428 ], [ 92.943, 13.0547 ], [ 92.9367, 13.0847 ], [ 92.8943, 13.0565 ], [ 92.9163, 13.0542 ], [ 92.9017, 13.0218 ], [ 92.9081, 13.0 ], [ 92.9385, 12.9713 ], [ 92.9127, 12.9465 ], [ 92.9069, 12.985 ], [ 92.8823, 12.9827 ], [ 92.8544, 12.9274 ], [ 92.8729, 12.8832 ], [ 92.8417, 12.8766 ], [ 92.7942, 12.9144 ], [ 92.7941, 12.9856 ], [ 92.8251, 13.0127 ], [ 92.7883, 13.0192 ], [ 92.81, 13.1269 ], [ 92.8475, 13.1392 ], [ 92.8097, 13.1531 ], [ 92.8544, 13.2572 ], [ 92.8225, 13.2772 ], [ 92.8394, 13.3747 ], [ 92.8669, 13.3856 ], [ 92.8431, 13.4022 ], [ 92.8678, 13.4022 ], [ 92.8842, 13.4297 ], [ 92.8717, 13.4714 ], [ 92.9294, 13.5017 ], [ 92.9175, 13.5364 ], [ 92.99, 13.5292 ], [ 92.9878, 13.5731 ], [ 93.0101, 13.542 ], [ 93.0272, 13.5792 ] ] ], [ [ [ 92.9661, 13.3356 ], [ 92.9678, 13.3353 ], [ 92.9681, 13.3325 ], [ 92.9661, 13.3356 ] ] ], [ [ [ 92.9214, 13.5139 ], [ 92.9133, 13.5081 ], [ 92.9178, 13.5156 ], [ 92.9214, 13.5139 ] ] ], [ [ [ 92.9061, 13.5303 ], [ 92.91, 13.5372 ], [ 92.9125, 13.5333 ], [ 92.9061, 13.5303 ] ] ], [ [ [ 92.8853, 13.5742 ], [ 92.8953, 13.6011 ], [ 92.9036, 13.5992 ], [ 92.8853, 13.5742 ] ] ], [ [ [ 93.0158, 13.6761 ], [ 93.0278, 13.6269 ], [ 92.9769, 13.6569 ], [ 93.0158, 13.6761 ] ] ], [ [ [ 93.0593, 13.2266 ], [ 93.0584, 13.2241 ], [ 93.0576, 13.2261 ], [ 93.0593, 13.2266 ] ] ], [ [ [ 93.0167, 13.2842 ], [ 93.0148, 13.2848 ], [ 93.0161, 13.285 ], [ 93.0167, 13.2842 ] ] ], [ [ [ 93.0775, 13.2986 ], [ 93.0737, 13.3033 ], [ 93.0787, 13.3018 ], [ 93.0775, 13.2986 ] ] ], [ [ [ 93.0251, 13.3283 ], [ 93.0094, 13.311 ], [ 93.0163, 13.3316 ], [ 93.0251, 13.3283 ] ] ], [ [ [ 93.0161, 13.3379 ], [ 93.014, 13.3388 ], [ 93.0156, 13.3404 ], [ 93.0161, 13.3379 ] ] ], [ [ [ 93.0375, 13.3406 ], [ 93.0372, 13.3437 ], [ 93.0386, 13.3433 ], [ 93.0375, 13.3406 ] ] ], [ [ [ 93.0762, 13.3668 ], [ 93.078, 13.3638 ], [ 93.0745, 13.3644 ], [ 93.0762, 13.3668 ] ] ], [ [ [ 93.0822, 13.3669 ], [ 93.0825, 13.37 ], [ 93.0835, 13.368 ], [ 93.0822, 13.3669 ] ] ], [ [ [ 93.0636, 13.3868 ], [ 93.0616, 13.385 ], [ 93.0633, 13.3869 ], [ 93.0636, 13.3868 ] ] ], [ [ [ 93.0901, 13.4191 ], [ 93.0915, 13.4103 ], [ 93.0886, 13.4102 ], [ 93.0901, 13.4191 ] ] ], [ [ [ 93.0719, 13.4136 ], [ 93.0676, 13.4242 ], [ 93.0727, 13.4311 ], [ 93.0719, 13.4136 ] ] ], [ [ [ 93.0986, 13.4381 ], [ 93.1042, 13.4299 ], [ 93.0964, 13.4344 ], [ 93.0986, 13.4381 ] ] ], [ [ [ 94.275, 13.4406 ], [ 94.2494, 13.4463 ], [ 94.2728, 13.4653 ], [ 94.275, 13.4406 ] ] ], [ [ [ 93.0079, 13.5554 ], [ 93.0052, 13.5586 ], [ 93.0065, 13.56 ], [ 93.0079, 13.5554 ] ] ], [ [ [ 93.0571, 13.5667 ], [ 93.0539, 13.5597 ], [ 93.0522, 13.5647 ], [ 93.0571, 13.5667 ] ] ], [ [ [ 93.047, 13.6208 ], [ 93.0565, 13.6542 ], [ 93.0675, 13.6506 ], [ 93.047, 13.6208 ] ] ], [ [ [ 93.024, 13.6735 ], [ 93.0228, 13.6732 ], [ 93.0227, 13.6743 ], [ 93.024, 13.6735 ] ] ], [ [ [ 93.2183, 13.9756 ], [ 93.2228, 14.0167 ], [ 93.2231, 13.9716 ], [ 93.2183, 13.9756 ] ] ], [ [ [ 93.3667, 14.0475 ], [ 93.364, 14.0563 ], [ 93.365, 14.0569 ], [ 93.3667, 14.0475 ] ] ], [ [ [ 93.3653, 14.1567 ], [ 93.3781, 14.1208 ], [ 93.3643, 14.0587 ], [ 93.3653, 14.1567 ] ] ], [ [ [ 93.3814, 14.1275 ], [ 93.3822, 14.1294 ], [ 93.3836, 14.1274 ], [ 93.3814, 14.1275 ] ] ], [ [ [ 93.3601, 14.188 ], [ 93.3728, 14.1897 ], [ 93.3672, 14.1789 ], [ 93.3601, 14.188 ] ] ], [ [ [ 93.3608, 14.1906 ], [ 93.3547, 14.1906 ], [ 93.3561, 14.1925 ], [ 93.3608, 14.1906 ] ] ], [ [ [ 93.5506, 14.7839 ], [ 93.5496, 14.7868 ], [ 93.5503, 14.7884 ], [ 93.5506, 14.7839 ] ] ], [ [ [ 93.572, 14.8472 ], [ 93.5692, 14.8483 ], [ 93.5703, 14.8494 ], [ 93.572, 14.8472 ] ] ], [ [ [ 93.5725, 14.8597 ], [ 93.5697, 14.8603 ], [ 93.5713, 14.8613 ], [ 93.5725, 14.8597 ] ] ], [ [ [ 93.64, 14.9028 ], [ 93.6086, 14.8464 ], [ 93.6129, 14.8737 ], [ 93.64, 14.9028 ] ] ], [ [ [ 93.568, 14.8706 ], [ 93.5727, 14.8704 ], [ 93.5732, 14.8685 ], [ 93.568, 14.8706 ] ] ], [ [ [ 93.6503, 14.934 ], [ 93.6501, 14.9298 ], [ 93.6461, 14.9353 ], [ 93.6503, 14.934 ] ] ] ] } },
{ "type": "Feature", "properties": { "state": "Andaman and Nicobar", "district": "South Andaman" }, "geometry": { "type": "MultiPolygon", "coordinates": [ [ [ [ 92.5211, 10.8969 ], [ 92.5589, 10.8622 ], [ 92.5605, 10.8009 ], [ 92.5877, 10.7869 ], [ 92.5968, 10.6783 ], [ 92.5398, 10.6106 ], [ 92.5694, 10.5789 ], [ 92.5131, 10.5117 ], [ 92.4347, 10.5483 ], [ 92.3853, 10.5322 ], [ 92.4206, 10.6147 ], [ 92.3803, 10.6675 ], [ 92.3761, 10.7817 ], [ 92.3975, 10.7606 ], [ 92.4925, 10.8892 ], [ 92.5106, 10.8692 ], [ 92.5211, 10.8969 ] ] ], [ [ [ 92.2214, 10.9829 ], [ 92.2222, 10.9728 ], [ 92.2147, 10.9775 ], [ 92.2214, 10.9829 ] ] ], [ [ [ 92.5619, 11.3928 ], [ 92.5564, 11.3952 ], [ 92.5618, 11.3976 ], [ 92.5619, 11.3928 ] ] ], [ [ [ 92.5458, 11.3948 ], [ 92.551, 11.3965 ], [ 92.548, 11.3929 ], [ 92.5458, 11.3948 ] ] ], [ [ [ 92.6132, 11.5106 ], [ 92.611, 11.5042 ], [ 92.6092, 11.5056 ], [ 92.6132, 11.5106 ] ] ], [ [ [ 92.2733, 11.5165 ], [ 92.2707, 11.516 ], [ 92.2728, 11.5182 ], [ 92.2733, 11.5165 ] ] ], [ [ [ 92.5615, 11.5168 ], [ 92.5589, 11.5413 ], [ 92.5664, 11.517 ], [ 92.5615, 11.5168 ] ] ], [ [ [ 92.6024, 11.5382 ], [ 92.6061, 11.5345 ], [ 92.6065, 11.5219 ], [ 92.6024, 11.5382 ] ] ], [ [ [ 92.6191, 11.5596 ], [ 92.6069, 11.5371 ], [ 92.6071, 11.5632 ], [ 92.6191, 11.5596 ] ] ], [ [ [ 92.5967, 11.539 ], [ 92.5845, 11.5515 ], [ 92.5924, 11.5774 ], [ 92.5967, 11.539 ] ] ], [ [ [ 92.2708, 11.5764 ], [ 92.2698, 11.5225 ], [ 92.2145, 11.5295 ], [ 92.2155, 11.5946 ], [ 92.2708, 11.5764 ] ] ], [ [ [ 92.577, 11.5709 ], [ 92.5745, 11.5626 ], [ 92.5729, 11.5656 ], [ 92.577, 11.5709 ] ] ], [ [ [ 92.5672, 11.5693 ], [ 92.5656, 11.5707 ], [ 92.5675, 11.5708 ], [ 92.5672, 11.5693 ] ] ], [ [ [ 92.6173, 11.5665 ], [ 92.6012, 11.5856 ], [ 92.6102, 11.5883 ], [ 92.6173, 11.5665 ] ] ], [ [ [ 92.5336, 11.6014 ], [ 92.5651, 11.5729 ], [ 92.5302, 11.5541 ], [ 92.5336, 11.6014 ] ] ], [ [ [ 92.5781, 11.5817 ], [ 92.5766, 11.5849 ], [ 92.5797, 11.5831 ], [ 92.5781, 11.5817 ] ] ], [ [ [ 92.5514, 11.7253 ], [ 92.5512, 11.7214 ], [ 92.5495, 11.7243 ], [ 92.5514, 11.7253 ] ] ], [ [ [ 92.5958, 11.9092 ], [ 92.6017, 11.9186 ], [ 92.5964, 11.9053 ], [ 92.5958, 11.9092 ] ] ], [ [ [ 92.568, 11.9501 ], [ 92.5686, 11.9437 ], [ 92.5629, 11.9473 ], [ 92.568, 11.9501 ] ] ], [ [ [ 92.6008, 11.9714 ], [ 92.5986, 11.9278 ], [ 92.5889, 11.9761 ], [ 92.6008, 11.9714 ] ] ], [ [ [ 92.5813, 11.9781 ], [ 92.5844, 11.9825 ], [ 92.5824, 11.9757 ], [ 92.5813, 11.9781 ] ] ], [ [ [ 92.6151, 10.9272 ], [ 92.6089, 10.9386 ], [ 92.6209, 10.9299 ], [ 92.6151, 10.9272 ] ] ], [ [ [ 92.6686, 10.9911 ], [ 92.6597, 10.9833 ], [ 92.6608, 10.9922 ], [ 92.6686, 10.9911 ] ] ], [ [ [ 92.7225, 11.1425 ], [ 92.7253, 11.1444 ], [ 92.7242, 11.1403 ], [ 92.7225, 11.1425 ] ] ], [ [ [ 92.7311, 11.1497 ], [ 92.7303, 11.1415 ], [ 92.7269, 11.1453 ], [ 92.7311, 11.1497 ] ] ], [ [ [ 92.6731, 11.1856 ], [ 92.6811, 11.1806 ], [ 92.6772, 11.1769 ], [ 92.6731, 11.1856 ] ] ], [ [ [ 92.6875, 11.2464 ], [ 92.6925, 11.2808 ], [ 92.7056, 11.2894 ], [ 92.7058, 11.2631 ], [ 92.6875, 11.2464 ] ] ], [ [ [ 92.6975, 11.3092 ], [ 92.7103, 11.3086 ], [ 92.7122, 11.3031 ], [ 92.6975, 11.3092 ] ] ], [ [ [ 92.7136, 11.3083 ], [ 92.7183, 11.3303 ], [ 92.7227, 11.3331 ], [ 92.7136, 11.3083 ] ] ], [ [ [ 92.632, 11.5145 ], [ 92.6835, 11.4265 ], [ 92.6493, 11.4072 ], [ 92.6909, 11.3703 ], [ 92.5928, 11.3498 ], [ 92.632, 11.5145 ] ] ], [ [ [ 92.672, 11.4891 ], [ 92.6712, 11.4873 ], [ 92.6705, 11.4879 ], [ 92.672, 11.4891 ] ] ], [ [ [ 92.6462, 11.5145 ], [ 92.6444, 11.513 ], [ 92.6451, 11.5156 ], [ 92.6462, 11.5145 ] ] ], [ [ [ 92.6271, 11.5427 ], [ 92.6296, 11.5485 ], [ 92.6288, 11.5423 ], [ 92.6271, 11.5427 ] ] ], [ [ [ 92.7008, 11.6594 ], [ 92.6976, 11.6644 ], [ 92.7013, 11.6629 ], [ 92.7008, 11.6594 ] ] ], [ [ [ 92.7246, 11.6866 ], [ 92.7228, 11.6896 ], [ 92.7267, 11.6876 ], [ 92.7246, 11.6866 ] ] ], [ [ [ 92.6976, 12.2397 ], [ 92.7037, 12.1654 ], [ 92.7575, 12.1764 ], [ 92.7362, 12.1066 ], [ 92.7353, 12.0653 ], [ 92.7836, 12.0469 ], [ 92.7619, 12.0206 ], [ 92.7392, 12.0409 ], [ 92.7688, 11.999 ], [ 92.7281, 11.9948 ], [ 92.7144, 11.933 ], [ 92.7244, 11.8509 ], [ 92.6801, 11.8186 ], [ 92.7182, 11.8245 ], [ 92.7463, 11.9318 ], [ 92.7845, 11.9361 ], [ 92.7886, 11.9012 ], [ 92.7551, 11.7011 ], [ 92.7019, 11.7071 ], [ 92.7082, 11.6701 ], [ 92.6662, 11.6539 ], [ 92.6946, 11.6227 ], [ 92.7215, 11.6863 ], [ 92.7567, 11.6651 ], [ 92.7113, 11.4773 ], [ 92.6469, 11.522 ], [ 92.6473, 11.5724 ], [ 92.6179, 11.5628 ], [ 92.6191, 11.5827 ], [ 92.6074, 11.5948 ], [ 92.6082, 11.6197 ], [ 92.6361, 11.6156 ], [ 92.6444, 11.6363 ], [ 92.6084, 11.634 ], [ 92.5881, 11.7179 ], [ 92.5616, 11.6949 ], [ 92.5464, 11.8349 ], [ 92.5135, 11.848 ], [ 92.5624, 11.9465 ], [ 92.6042, 11.8582 ], [ 92.6457, 12.1792 ], [ 92.662, 12.2155 ], [ 92.6551, 12.1817 ], [ 92.685, 12.2087 ], [ 92.6976, 12.2397 ] ] ], [ [ [ 92.7264, 11.941 ], [ 92.7233, 11.9529 ], [ 92.7331, 11.9594 ], [ 92.7264, 11.941 ] ] ], [ [ [ 92.7418, 12.1109 ], [ 92.7387, 12.1069 ], [ 92.7429, 12.115 ], [ 92.7418, 12.1109 ] ] ], [ [ [ 92.6285, 12.1137 ], [ 92.6304, 12.1166 ], [ 92.6282, 12.1122 ], [ 92.6285, 12.1137 ] ] ], [ [ [ 92.6315, 12.1205 ], [ 92.6306, 12.1179 ], [ 92.6302, 12.1189 ], [ 92.6315, 12.1205 ] ] ], [ [ [ 92.7189, 12.1803 ], [ 92.7212, 12.1817 ], [ 92.7196, 12.1795 ], [ 92.7189, 12.1803 ] ] ], [ [ [ 92.6828, 12.2244 ], [ 92.683, 12.2149 ], [ 92.6802, 12.2194 ], [ 92.6828, 12.2244 ] ] ], [ [ [ 92.761, 11.6698 ], [ 92.7664, 11.6806 ], [ 92.7625, 11.6698 ], [ 92.761, 11.6698 ] ] ], [ [ [ 93.086, 11.7852 ], [ 93.0776, 11.7805 ], [ 93.0854, 11.7894 ], [ 93.086, 11.7852 ] ] ], [ [ [ 93.07, 11.8422 ], [ 93.05, 11.8122 ], [ 93.0123, 11.849 ], [ 93.0356, 11.8361 ], [ 93.07, 11.8422 ] ] ], [ [ [ 92.7666, 11.9542 ], [ 92.7379, 11.958 ], [ 92.763, 11.9668 ], [ 92.7666, 11.9542 ] ] ], [ [ [ 93.0033, 12.0292 ], [ 93.054, 11.9032 ], [ 93.0427, 11.8823 ], [ 92.9255, 11.9958 ], [ 92.965, 12.0497 ], [ 93.0033, 12.0292 ] ] ], [ [ [ 92.7452, 11.9666 ], [ 92.7428, 11.9644 ], [ 92.7423, 11.9666 ], [ 92.7452, 11.9666 ] ] ], [ [ [ 92.7755, 12.0183 ], [ 92.7718, 12.0135 ], [ 92.7708, 12.0173 ], [ 92.7755, 12.0183 ] ] ], [ [ [ 92.9709, 12.0653 ], [ 92.9697, 12.0639 ], [ 92.9695, 12.0649 ], [ 92.9709, 12.0653 ] ] ], [ [ [ 93.0042, 12.1044 ], [ 92.9928, 12.0436 ], [ 92.9596, 12.1065 ], [ 93.0042, 12.1044 ] ] ], [ [ [ 92.9578, 12.0991 ], [ 92.9501, 12.111 ], [ 92.9483, 12.1158 ], [ 92.9578, 12.0991 ] ] ], [ [ [ 93.0275, 12.1667 ], [ 93.0536, 12.0761 ], [ 93.0455, 12.0454 ], [ 93.0073, 12.1072 ], [ 92.9564, 12.1475 ], [ 93.0042, 12.1133 ], [ 93.0275, 12.1667 ] ] ], [ [ [ 92.9925, 12.1105 ], [ 92.9939, 12.1111 ], [ 92.9939, 12.1099 ], [ 92.9925, 12.1105 ] ] ], [ [ [ 93.0979, 12.1335 ], [ 93.0964, 12.1366 ], [ 93.0987, 12.136 ], [ 93.0979, 12.1335 ] ] ], [ [ [ 93.1156, 12.13 ], [ 93.1205, 12.1484 ], [ 93.1236, 12.1403 ], [ 93.1156, 12.13 ] ] ], [ [ [ 93.0683, 12.2116 ], [ 93.0933, 12.1105 ], [ 93.0746, 12.0836 ], [ 93.0365, 12.1569 ], [ 93.0683, 12.2116 ] ] ], [ [ [ 92.7565, 12.1808 ], [ 92.7637, 12.1769 ], [ 92.7589, 12.1666 ], [ 92.7595, 12.178 ], [ 92.7565, 12.1808 ] ] ], [ [ [ 93.0207, 12.2229 ], [ 93.0199, 12.2252 ], [ 93.0218, 12.2239 ], [ 93.0207, 12.2229 ] ] ], [ [ [ 93.0778, 12.2619 ], [ 93.106, 12.2602 ], [ 93.1007, 12.2039 ], [ 93.0625, 12.2339 ], [ 93.0778, 12.2619 ] ] ], [ [ [ 93.0303, 12.2779 ], [ 93.0219, 12.275 ], [ 93.0303, 12.2797 ], [ 93.0303, 12.2779 ] ] ], [ [ [ 93.8397, 12.3208 ], [ 93.8807, 12.2366 ], [ 93.8625, 12.266 ], [ 93.8617, 12.2338 ], [ 93.832, 12.2412 ], [ 93.8521, 12.2674 ], [ 93.8267, 12.2449 ], [ 93.8187, 12.3004 ], [ 93.8506, 12.2869 ], [ 93.8397, 12.3208 ] ] ], [ [ [ 93.0729, 12.3154 ], [ 93.063, 12.3159 ], [ 93.0724, 12.3194 ], [ 93.0729, 12.3154 ] ] ] ] } },
{ "type": "Feature", "properties": { "state": "Andhra Pradesh", "district": "Anantapur" }, "geometry": { "type": "Polygon", "coordinates": [ [ [ 77.887, 13.9312 ], [ 77.8064, 13.9176 ], [ 77.8277, 13.8606 ], [ 77.7129, 13.7905 ], [ 77.7087, 13.7327 ], [ 77.6491, 13.7758 ], [ 77.6105, 13.7554 ], [ 77.6212, 13.7274 ], [ 77.5956, 13.7436 ], [ 77.5561, 13.7165 ], [ 77.5197, 13.7438 ], [ 77.5215, 13.6879 ], [ 77.4873, 13.7068 ], [ 77.4765, 13.6776 ], [ 77.4448, 13.6958 ], [ 77.4575, 13.7971 ], [ 77.4087, 13.7993 ], [ 77.4245, 13.8351 ], [ 77.2504, 13.8395 ], [ 77.2338, 13.8949 ], [ 77.1788, 13.8598 ], [ 77.177, 13.9174 ], [ 77.1625, 13.857 ], [ 77.1239, 13.8494 ], [ 77.1622, 13.8207 ], [ 77.1666, 13.7547 ], [ 77.06, 13.7389 ], [ 77.0264, 13.7714 ], [ 76.9926, 13.7426 ], [ 76.9684, 13.8144 ], [ 77.0358, 13.9256 ], [ 76.9311, 14.0227 ], [ 76.975, 14.0653 ], [ 76.927, 14.1272 ], [ 76.8837, 14.131 ], [ 76.8914, 14.159 ], [ 76.9416, 14.1893 ], [ 77.0198, 14.1727 ], [ 77.0237, 14.0533 ], [ 77.1211, 14.0422 ], [ 77.1473, 13.9916 ], [ 77.3135, 14.0248 ], [ 77.3538, 13.9823 ], [ 77.3483, 13.8965 ], [ 77.3971, 13.8805 ], [ 77.4306, 13.9688 ], [ 77.3757, 13.9691 ], [ 77.3834, 14.0074 ], [ 77.3262, 14.0229 ], [ 77.3954, 14.1034 ], [ 77.3445, 14.096 ], [ 77.3477, 14.1243 ], [ 77.4097, 14.1697 ], [ 77.5004, 14.151 ], [ 77.4994, 14.2605 ], [ 77.3857, 14.3249 ], [ 77.4157, 14.212 ], [ 77.3838, 14.1918 ], [ 77.3593, 14.2693 ], [ 77.2796, 14.2761 ], [ 77.2811, 14.3311 ], [ 77.232, 14.3111 ], [ 77.1522, 14.3377 ], [ 77.1051, 14.2133 ], [ 76.9378, 14.2401 ], [ 76.9501, 14.294 ], [ 76.8791, 14.3464 ], [ 76.8831, 14.3903 ], [ 76.9416, 14.3995 ], [ 76.9734, 14.4783 ], [ 76.8702, 14.4684 ], [ 76.7609, 14.5963 ], [ 76.7981, 14.7346 ], [ 76.7803, 14.7793 ], [ 76.8487, 14.804 ], [ 76.8655, 14.9376 ], [ 76.8645, 14.964 ], [ 76.7638, 14.9699 ], [ 76.7842, 15.0808 ], [ 76.8767, 15.0287 ], [ 77.0469, 15.0292 ], [ 77.041, 15.0055 ], [ 77.0788, 15.0 ], [ 77.1564, 15.1399 ], [ 77.2886, 15.1247 ], [ 77.3606, 15.2156 ], [ 77.521, 15.217 ], [ 77.6065, 15.1755 ], [ 77.6563, 15.2256 ], [ 77.7832, 15.0984 ], [ 77.8122, 15.1338 ], [ 77.8695, 15.1274 ], [ 77.8882, 15.17 ], [ 78.0183, 15.1074 ], [ 77.989, 15.0396 ], [ 78.137, 14.9409 ], [ 78.0922, 14.8655 ], [ 78.1038, 14.8186 ], [ 78.0488, 14.7695 ], [ 78.0778, 14.7481 ], [ 78.0667, 14.7134 ], [ 78.1363, 14.6767 ], [ 78.1261, 14.6207 ], [ 78.0898, 14.6178 ], [ 78.0394, 14.531 ], [ 77.9798, 14.533 ], [ 77.9592, 14.5761 ], [ 77.9398, 14.5593 ], [ 78.0297, 14.4562 ], [ 78.2375, 14.307 ], [ 78.4168, 14.2707 ], [ 78.401, 14.199 ], [ 78.4559, 14.104 ], [ 78.4332, 14.0199 ], [ 78.4616, 14.0017 ], [ 78.2663, 13.8864 ], [ 78.235, 13.8379 ], [ 78.2532, 13.7882 ], [ 78.2204, 13.7713 ], [ 78.1182, 13.7769 ], [ 78.106, 13.8535 ], [ 78.0412, 13.8867 ], [ 78.0378, 13.8528 ], [ 77.9852, 13.8617 ], [ 77.9446, 13.82 ], [ 77.9786, 13.9477 ], [ 77.9116, 13.8972 ], [ 77.887, 13.9312 ] ] ] } },
{ "type": "Feature", "properties": { "state": "Andhra Pradesh", "district": "Chittoor" }, "geometry": { "type": "Polygon", "coordinates": [ [ [ 78.6467, 12.919 ], [ 78.5277, 12.679 ], [ 78.5109, 12.7217 ], [ 78.4797, 12.73 ], [ 78.5105, 12.7018 ], [ 78.4577, 12.6622 ], [ 78.4548, 12.612 ], [ 78.3683, 12.6118 ], [ 78.2644, 12.6918 ], [ 78.1898, 12.6813 ], [ 78.2289, 12.7202 ], [ 78.2411, 12.8474 ], [ 78.3031, 12.8472 ], [ 78.3454, 12.9281 ], [ 78.3783, 12.8952 ], [ 78.4358, 12.9007 ], [ 78.4542, 12.8532 ], [ 78.4227, 12.9686 ], [ 78.4579, 12.9632 ], [ 78.4516, 13.0315 ], [ 78.5046, 13.0528 ], [ 78.528, 13.0974 ], [ 78.5088, 13.1196 ], [ 78.5691, 13.1565 ], [ 78.5409, 13.1873 ], [ 78.5775, 13.262 ], [ 78.5557, 13.2994 ], [ 78.5208, 13.2556 ], [ 78.4717, 13.3079 ], [ 78.367, 13.32 ], [ 78.3974, 13.3323 ], [ 78.3552, 13.3551 ], [ 78.3908, 13.5781 ], [ 78.2277, 13.5872 ], [ 78.1833, 13.5564 ], [ 78.1939, 13.6162 ], [ 78.1558, 13.6487 ], [ 78.0807, 13.6353 ], [ 78.0626, 13.6856 ], [ 78.1054, 13.6844 ], [ 78.0849, 13.7335 ], [ 78.1182, 13.7769 ], [ 78.248, 13.7826 ], [ 78.235, 13.8379 ], [ 78.2663, 13.8864 ], [ 78.4562, 13.9848 ], [ 78.4864, 13.9295 ], [ 78.5364, 13.9809 ], [ 78.5739, 13.9736 ], [ 78.5786, 13.9012 ], [ 78.647, 13.8965 ], [ 78.6351, 13.8584 ], [ 78.7141, 13.8764 ], [ 78.7621, 13.8178 ], [ 78.7894, 13.8689 ], [ 78.9958, 13.8969 ], [ 79.0902, 13.8376 ], [ 79.1397, 13.8493 ], [ 79.2072, 13.7989 ], [ 79.1809, 13.7821 ], [ 79.216, 13.7457 ], [ 79.2839, 13.7462 ], [ 79.3, 13.7122 ], [ 79.4609, 13.7835 ], [ 79.4242, 13.8576 ], [ 79.47, 13.8985 ], [ 79.5777, 13.9071 ], [ 79.6041, 13.8371 ], [ 79.6589, 13.8227 ], [ 79.6704, 13.9112 ], [ 79.7199, 13.8896 ], [ 79.7333, 13.843 ], [ 79.7602, 13.8375 ], [ 79.8002, 13.9122 ], [ 79.831, 13.8434 ], [ 79.8661, 13.8532 ], [ 79.8404, 13.7467 ], [ 79.8595, 13.6952 ], [ 79.9465, 13.6943 ], [ 79.9563, 13.6397 ], [ 80.0398, 13.5455 ], [ 79.9897, 13.5268 ], [ 80.036, 13.4845 ], [ 79.9619, 13.4513 ], [ 79.9255, 13.3359 ], [ 79.7798, 13.2821 ], [ 79.7541, 13.3028 ], [ 79.7218, 13.2657 ], [ 79.7849, 13.2235 ], [ 79.7444, 13.1949 ], [ 79.7228, 13.2219 ], [ 79.6888, 13.2074 ], [ 79.6685, 13.2819 ], [ 79.5803, 13.2454 ], [ 79.5358, 13.3111 ], [ 79.4014, 13.3158 ], [ 79.3746, 13.303 ], [ 79.425, 13.2813 ], [ 79.4108, 13.2122 ], [ 79.4455, 13.2168 ], [ 79.4238, 13.1875 ], [ 79.3478, 13.163 ], [ 79.3546, 13.1298 ], [ 79.3079, 13.0969 ], [ 79.2674, 13.1412 ], [ 79.2183, 13.1356 ], [ 79.1527, 13.0073 ], [ 79.0691, 13.0142 ], [ 78.9796, 13.0765 ], [ 78.9144, 13.0678 ], [ 78.8935, 13.0351 ], [ 78.9174, 13.0325 ], [ 78.9286, 13.0215 ], [ 78.9246, 13.0186 ], [ 78.8819, 13.0198 ], [ 78.876, 13.0862 ], [ 78.7024, 13.0562 ], [ 78.6938, 13.0044 ], [ 78.6511, 13.0179 ], [ 78.6137, 12.9789 ], [ 78.6467, 12.919 ] ] ] } },
{ "type": "Feature", "properties": { "state": "Andhra Pradesh", "district": "East Godavari" }, "geometry": { "type": "MultiPolygon", "coordinates": [ [ [ [ 82.3162, 16.5765 ], [ 82.3168, 16.574 ], [ 82.3149, 16.5738 ], [ 82.3162, 16.5765 ] ] ], [ [ [ 82.3251, 16.714 ], [ 82.3371, 16.6913 ], [ 82.3682, 16.724 ], [ 82.3185, 16.6288 ], [ 82.3096, 16.6513 ], [ 82.3121, 16.6024 ], [ 82.2838, 16.6426 ], [ 82.256, 16.6537 ], [ 82.266, 16.6715 ], [ 82.2588, 16.6901 ], [ 82.3251, 16.714 ] ] ], [ [ [ 82.2607, 16.676 ], [ 82.2635, 16.6735 ], [ 82.2624, 16.6696 ], [ 82.2607, 16.676 ] ] ], [ [ [ 82.3071, 16.7129 ], [ 82.3051, 16.7162 ], [ 82.309, 16.716 ], [ 82.3071, 16.7129 ] ] ], [ [ [ 82.2994, 16.7141 ], [ 82.2995, 16.7143 ], [ 82.2996, 16.714 ], [ 82.2994, 16.7141 ] ] ], [ [ [ 82.3149, 16.726 ], [ 82.314, 16.7196 ], [ 82.309, 16.7196 ], [ 82.3149, 16.726 ] ] ], [ [ [ 82.3337, 16.7251 ], [ 82.3315, 16.7254 ], [ 82.3324, 16.7282 ], [ 82.3337, 16.7251 ] ] ], [ [ [ 82.3685, 17.1187 ], [ 82.2493, 16.9074 ], [ 82.3118, 16.8401 ], [ 82.3615, 16.8835 ], [ 82.3243, 16.9888 ], [ 82.3574, 16.9651 ], [ 82.3657, 16.9021 ], [ 82.3429, 16.7379 ], [ 82.227, 16.7172 ], [ 82.2177, 16.7517 ], [ 82.1746, 16.7251 ], [ 82.2585, 16.6899 ], [ 82.2615, 16.6682 ], [ 82.254, 16.6568 ], [ 82.2565, 16.6426 ], [ 82.2924, 16.6087 ], [ 82.266, 16.5976 ], [ 82.2599, 16.5868 ], [ 82.2996, 16.5918 ], [ 82.2679, 16.564 ], [ 82.3104, 16.5682 ], [ 81.719, 16.3101 ], [ 81.7028, 16.4481 ], [ 81.7479, 16.4257 ], [ 81.8435, 16.5138 ], [ 81.858, 16.6053 ], [ 81.7393, 16.8032 ], [ 81.7293, 17.0249 ], [ 81.643, 17.2067 ], [ 81.6499, 17.3126 ], [ 81.6087, 17.3497 ], [ 81.6041, 17.4166 ], [ 81.5063, 17.4723 ], [ 81.5239, 17.5726 ], [ 81.5029, 17.5899 ], [ 81.5766, 17.7261 ], [ 81.7944, 17.8442 ], [ 81.7583, 17.8934 ], [ 81.801, 17.9361 ], [ 81.9731, 18.0057 ], [ 82.0228, 17.9285 ], [ 81.9947, 17.8773 ], [ 82.0108, 17.8334 ], [ 81.9795, 17.8409 ], [ 81.8582, 17.7437 ], [ 82.0088, 17.7511 ], [ 82.0067, 17.6095 ], [ 82.093, 17.6449 ], [ 82.1696, 17.6015 ], [ 82.22, 17.6275 ], [ 82.3355, 17.575 ], [ 82.3235, 17.5062 ], [ 82.3611, 17.5093 ], [ 82.3689, 17.4753 ], [ 82.4421, 17.4727 ], [ 82.4617, 17.5284 ], [ 82.481, 17.4968 ], [ 82.5484, 17.5153 ], [ 82.5951, 17.459 ], [ 82.5145, 17.291 ], [ 82.5376, 17.2463 ], [ 82.3685, 17.1187 ] ] ] ] } },
{ "type": "Feature", "properties": { "state": "Andhra Pradesh", "district": "Guntur" }, "geometry": { "type": "MultiPolygon", "coordinates": [ [ [ [ 80.791, 15.8312 ], [ 80.7893, 15.8243 ], [ 80.7821, 15.8376 ], [ 80.791, 15.8312 ] ] ], [ [ [ 80.7879, 15.8376 ], [ 80.7862, 15.8426 ], [ 80.7904, 15.8407 ], [ 80.7879, 15.8376 ] ] ], [ [ [ 80.7879, 15.8546 ], [ 80.7838, 15.8521 ], [ 80.7868, 15.856 ], [ 80.7879, 15.8546 ] ] ], [ [ [ 80.7801, 15.8479 ], [ 80.7718, 15.856 ], [ 80.7729, 15.8618 ], [ 80.7801, 15.8479 ] ] ], [ [ [ 80.8001, 16.2751 ], [ 80.8955, 15.9899 ], [ 80.8962, 15.9129 ], [ 80.8285, 15.7575 ], [ 80.809, 15.7318 ], [ 80.7971, 15.7443 ], [ 80.7804, 15.7854 ], [ 80.8135, 15.7396 ], [ 80.8118, 15.8329 ], [ 80.7904, 15.8568 ], [ 80.774, 15.8663 ], [ 80.6101, 15.8715 ], [ 80.4283, 15.8032 ], [ 80.4246, 15.8455 ], [ 80.4718, 15.8878 ], [ 80.3891, 15.8947 ], [ 80.3691, 15.9765 ], [ 80.4124, 15.9913 ], [ 80.3304, 16.0057 ], [ 80.2967, 16.0443 ], [ 80.1779, 16.0159 ], [ 80.1371, 16.0351 ], [ 80.0926, 16.0 ], [ 80.0615, 16.0822 ], [ 80.0342, 16.0807 ], [ 80.0415, 16.1167 ], [ 79.8896, 16.1564 ], [ 79.8573, 16.1313 ], [ 79.9125, 16.0614 ], [ 79.8608, 16.0068 ], [ 79.9156, 15.9559 ], [ 79.8782, 15.9111 ], [ 79.7934, 15.9304 ], [ 79.7509, 15.8156 ], [ 79.6956, 15.8901 ], [ 79.5605, 15.9387 ], [ 79.5666, 16.1888 ], [ 79.5388, 16.305 ], [ 79.4556, 16.3033 ], [ 79.2175, 16.1739 ], [ 79.192, 16.2227 ], [ 79.2251, 16.2501 ], [ 79.2253, 16.5082 ], [ 79.2661, 16.5615 ], [ 79.4266, 16.5825 ], [ 79.7749, 16.7295 ], [ 79.9426, 16.6326 ], [ 80.1024, 16.8264 ], [ 80.1396, 16.7478 ], [ 80.1375, 16.6555 ], [ 80.219, 16.6155 ], [ 80.4996, 16.5766 ], [ 80.6361, 16.4902 ], [ 80.8001, 16.2751 ] ] ] ] } },
{ "type": "Feature", "properties": { "state": "Andhra Pradesh", "district": "Krishna" }, "geometry": { "type": "MultiPolygon", "coordinates": [ [ [ [ 81.0238, 15.7579 ], [ 81.0276, 15.7657 ], [ 81.0296, 15.7651 ], [ 81.0238, 15.7579 ] ] ], [ [ [ 81.5468, 16.349 ], [ 81.5132, 16.3501 ], [ 81.5204, 16.3546 ], [ 81.5285, 16.3507 ], [ 81.5426, 16.3549 ], [ 81.5468, 16.349 ] ] ], [ [ [ 81.5335, 16.3524 ], [ 81.5324, 16.3554 ], [ 81.5351, 16.356 ], [ 81.5335, 16.3524 ] ] ], [ [ [ 80.8221, 15.7129 ], [ 80.8962, 15.9129 ], [ 80.8955, 15.9899 ], [ 80.8001, 16.2751 ], [ 80.6361, 16.4902 ], [ 80.4996, 16.5766 ], [ 80.219, 16.6155 ], [ 80.1375, 16.6555 ], [ 80.1118, 16.8211 ], [ 80.0697, 16.8136 ], [ 79.9917, 16.8633 ], [ 80.0459, 16.9653 ], [ 80.1339, 16.9854 ], [ 80.1943, 17.0425 ], [ 80.2013, 17.0131 ], [ 80.2622, 17.0106 ], [ 80.289, 16.9768 ], [ 80.3192, 16.8709 ], [ 80.3729, 16.8111 ], [ 80.3997, 16.8497 ], [ 80.4564, 16.79 ], [ 80.5628, 16.7628 ], [ 80.6041, 16.7878 ], [ 80.5546, 16.8248 ], [ 80.5842, 16.9265 ], [ 80.4913, 16.9482 ], [ 80.4878, 16.9174 ], [ 80.3582, 16.9706 ], [ 80.3901, 17.0762 ], [ 80.4462, 17.017 ], [ 80.4961, 17.1079 ], [ 80.5602, 17.138 ], [ 80.6566, 17.0878 ], [ 80.6396, 17.0551 ], [ 80.7257, 17.0646 ], [ 80.8325, 17.0257 ], [ 80.8717, 17.0586 ], [ 80.9341, 17.056 ], [ 80.9555, 17.0324 ], [ 80.931, 16.938 ], [ 81.0298, 16.7886 ], [ 80.9741, 16.7076 ], [ 81.007, 16.6412 ], [ 80.9459, 16.6551 ], [ 81.0014, 16.5518 ], [ 81.1712, 16.6136 ], [ 81.227, 16.5681 ], [ 81.3062, 16.6816 ], [ 81.3431, 16.5954 ], [ 81.3212, 16.5094 ], [ 81.3618, 16.4989 ], [ 81.3693, 16.4516 ], [ 81.4279, 16.4029 ], [ 81.5707, 16.3494 ], [ 81.5601, 16.3457 ], [ 81.5429, 16.3582 ], [ 81.5188, 16.3585 ], [ 81.3974, 16.344 ], [ 81.3829, 16.3618 ], [ 81.3693, 16.3621 ], [ 81.3457, 16.3307 ], [ 81.3799, 16.3599 ], [ 81.3926, 16.3421 ], [ 81.2654, 16.2813 ], [ 81.1826, 16.1435 ], [ 81.1457, 15.9738 ], [ 80.9932, 15.8213 ], [ 81.001, 15.7518 ], [ 80.8221, 15.7129 ] ] ] ] } },
{ "type": "Feature", "properties": { "state": "Andhra Pradesh", "district": "Kurnool" }, "geometry": { "type": "Polygon", "coordinates": [ [ [ 77.897, 15.1696 ], [ 77.8695, 15.1274 ], [ 77.8122, 15.1338 ], [ 77.7871, 15.0973 ], [ 77.6702, 15.2234 ], [ 77.6065, 15.1755 ], [ 77.521, 15.217 ], [ 77.3606, 15.2156 ], [ 77.2886, 15.1247 ], [ 77.1926, 15.153 ], [ 77.1354, 15.136 ], [ 77.1645, 15.1685 ], [ 77.1235, 15.2333 ], [ 77.1641, 15.2591 ], [ 77.1097, 15.3273 ], [ 77.0616, 15.3219 ], [ 77.0274, 15.4352 ], [ 76.9704, 15.4909 ], [ 77.0266, 15.5 ], [ 77.0293, 15.6338 ], [ 77.1209, 15.6372 ], [ 77.0432, 15.7345 ], [ 77.0639, 15.8232 ], [ 77.0223, 15.8318 ], [ 77.066, 15.8993 ], [ 77.2489, 15.9577 ], [ 77.7992, 15.8653 ], [ 77.8877, 15.8959 ], [ 78.0019, 15.8592 ], [ 78.0363, 15.9021 ], [ 78.0637, 15.8446 ], [ 78.1096, 15.8272 ], [ 78.238, 15.9291 ], [ 78.2567, 16.0313 ], [ 78.421, 16.0828 ], [ 78.5591, 16.0564 ], [ 78.617, 16.0989 ], [ 78.7539, 16.021 ], [ 78.8216, 16.0622 ], [ 78.8378, 16.1567 ], [ 78.8891, 16.0986 ], [ 78.9134, 16.1088 ], [ 78.9134, 15.9929 ], [ 78.805, 15.8677 ], [ 78.7673, 15.6715 ], [ 78.7656, 15.3986 ], [ 78.7353, 15.2976 ], [ 78.7609, 15.0566 ], [ 78.7113, 15.0131 ], [ 78.7101, 14.9572 ], [ 78.6277, 14.9153 ], [ 78.6006, 14.941 ], [ 78.5474, 14.9179 ], [ 78.5392, 14.9523 ], [ 78.4743, 14.8924 ], [ 78.5142, 15.0581 ], [ 78.4222, 15.0263 ], [ 78.3991, 14.9537 ], [ 78.3415, 14.9928 ], [ 78.3873, 15.0466 ], [ 78.2887, 15.0654 ], [ 78.2296, 14.9471 ], [ 78.1368, 14.938 ], [ 77.989, 15.0396 ], [ 78.0183, 15.1074 ], [ 77.897, 15.1696 ] ] ] } },
{ "type": "Feature", "properties": { "state": "Andhra Pradesh", "district": "Nellore" }, "geometry": { "type": "MultiPolygon", "coordinates": [ [ [ [ 80.1885, 13.5151 ], [ 80.194, 13.5201 ], [ 80.1971, 13.5129 ], [ 80.1885, 13.5151 ] ] ], [ [ [ 80.184, 13.5354 ], [ 80.1837, 13.5326 ], [ 80.1799, 13.5335 ], [ 80.184, 13.5354 ] ] ], [ [ [ 80.1204, 13.6057 ], [ 80.1676, 13.5899 ], [ 80.1418, 13.5449 ], [ 80.1265, 13.5849 ], [ 80.1582, 13.591 ], [ 80.1204, 13.6057 ] ] ], [ [ [ 80.0546, 13.5865 ], [ 80.056, 13.5885 ], [ 80.0568, 13.5868 ], [ 80.0546, 13.5865 ] ] ], [ [ [ 80.0949, 13.6412 ], [ 80.0971, 13.6387 ], [ 80.0912, 13.6368 ], [ 80.0949, 13.6412 ] ] ], [ [ [ 80.1082, 13.6468 ], [ 80.1001, 13.6393 ], [ 80.1062, 13.6529 ], [ 80.1082, 13.6468 ] ] ], [ [ [ 80.1021, 13.6776 ], [ 80.1054, 13.6768 ], [ 80.104, 13.6682 ], [ 80.1021, 13.6776 ] ] ], [ [ [ 80.1315, 13.7257 ], [ 80.1262, 13.6115 ], [ 80.1068, 13.7093 ], [ 80.1004, 13.7021 ], [ 80.1035, 13.6543 ], [ 80.051, 13.589 ], [ 80.1169, 13.5028 ], [ 80.0694, 13.5376 ], [ 80.0341, 13.5218 ], [ 79.9465, 13.6943 ], [ 79.8595, 13.6952 ], [ 79.841, 13.7549 ], [ 79.8713, 13.8429 ], [ 79.831, 13.8434 ], [ 79.8002, 13.9122 ], [ 79.7602, 13.8375 ], [ 79.6704, 13.9112 ], [ 79.6589, 13.8227 ], [ 79.6041, 13.8371 ], [ 79.5777, 13.9071 ], [ 79.4332, 13.8777 ], [ 79.4419, 14.0924 ], [ 79.4074, 14.2757 ], [ 79.2263, 14.5781 ], [ 79.1696, 14.6122 ], [ 79.1672, 14.7044 ], [ 79.0638, 14.9529 ], [ 79.0803, 15.0766 ], [ 79.2897, 15.0816 ], [ 79.3151, 15.1079 ], [ 79.3229, 15.08 ], [ 79.3435, 15.1018 ], [ 79.4117, 15.047 ], [ 79.5425, 15.0134 ], [ 79.7339, 15.0217 ], [ 79.78, 15.0509 ], [ 79.7719, 14.9655 ], [ 79.8478, 14.9435 ], [ 79.9369, 15.0094 ], [ 79.9898, 14.9765 ], [ 80.0535, 15.0097 ], [ 80.0888, 14.8115 ], [ 80.0807, 14.8101 ], [ 80.0682, 14.8196 ], [ 80.0593, 14.8199 ], [ 80.0818, 14.8076 ], [ 80.0932, 14.8101 ], [ 80.199, 14.5871 ], [ 80.1221, 14.1146 ], [ 80.2449, 13.8196 ], [ 80.2329, 13.6637 ], [ 80.2688, 13.5625 ], [ 80.1315, 13.7257 ] ] ] ] } },
{ "type": "Feature", "properties": { "state": "Andhra Pradesh", "district": "Prakasam" }, "geometry": { "type": "MultiPolygon", "coordinates": [ [ [ [ 80.0607, 15.1988 ], [ 80.0624, 15.1971 ], [ 80.0593, 15.199 ], [ 80.0607, 15.1988 ] ] ], [ [ [ 80.2115, 15.499 ], [ 80.2099, 15.5015 ], [ 80.2113, 15.5007 ], [ 80.2115, 15.499 ] ] ], [ [ [ 80.0535, 15.0097 ], [ 79.9898, 14.9765 ], [ 79.9369, 15.0094 ], [ 79.8478, 14.9435 ], [ 79.7719, 14.9655 ], [ 79.78, 15.0509 ], [ 79.7339, 15.0217 ], [ 79.5425, 15.0134 ], [ 79.4117, 15.047 ], [ 79.3435, 15.1018 ], [ 79.3229, 15.08 ], [ 79.3151, 15.1079 ], [ 79.2897, 15.0816 ], [ 79.1145, 15.0943 ], [ 79.0673, 15.0459 ], [ 79.0592, 15.1677 ], [ 78.9618, 15.1639 ], [ 78.9409, 15.2289 ], [ 78.9146, 15.1881 ], [ 78.7416, 15.1744 ], [ 78.7673, 15.6715 ], [ 78.805, 15.8677 ], [ 78.9134, 15.9929 ], [ 78.9081, 16.191 ], [ 79.0309, 16.2457 ], [ 79.2064, 16.2217 ], [ 79.2175, 16.1739 ], [ 79.4556, 16.3033 ], [ 79.5388, 16.305 ], [ 79.5666, 16.1888 ], [ 79.5605, 15.9387 ], [ 79.6956, 15.8901 ], [ 79.7509, 15.8156 ], [ 79.7934, 15.9304 ], [ 79.8782, 15.9111 ], [ 79.9156, 15.9559 ], [ 79.8608, 16.0068 ], [ 79.9125, 16.0614 ], [ 79.8617, 16.1152 ], [ 79.8771, 16.1573 ], [ 80.0415, 16.1167 ], [ 80.0342, 16.0807 ], [ 80.0615, 16.0822 ], [ 80.0926, 16.0 ], [ 80.1371, 16.0351 ], [ 80.1779, 16.0159 ], [ 80.2967, 16.0443 ], [ 80.3304, 16.0057 ], [ 80.4124, 15.9913 ], [ 80.3691, 15.9765 ], [ 80.3891, 15.8947 ], [ 80.4718, 15.8878 ], [ 80.4246, 15.8455 ], [ 80.4282, 15.8029 ], [ 80.2704, 15.6732 ], [ 80.2004, 15.4982 ], [ 80.2007, 15.4654 ], [ 80.0799, 15.316 ], [ 80.0835, 15.1946 ], [ 80.046, 15.2093 ], [ 80.061, 15.1904 ], [ 80.0813, 15.1854 ], [ 80.0535, 15.0097 ] ] ] ] } },
{ "type": "Feature", "properties": { "state": "Andhra Pradesh", "district": "Srikakulam" }, "geometry": { "type": "Polygon", "coordinates": [ [ [ 84.1246, 18.3093 ], [ 83.6596, 18.0755 ], [ 83.5471, 18.2518 ], [ 83.5145, 18.23 ], [ 83.5173, 18.2782 ], [ 83.4239, 18.3144 ], [ 83.4267, 18.4335 ], [ 83.5649, 18.4221 ], [ 83.5845, 18.4581 ], [ 83.5514, 18.4886 ], [ 83.6015, 18.5107 ], [ 83.5983, 18.5531 ], [ 83.5116, 18.5503 ], [ 83.5275, 18.7096 ], [ 83.6644, 18.796 ], [ 83.7404, 18.7661 ], [ 83.7626, 18.8158 ], [ 83.8161, 18.8242 ], [ 83.7411, 18.9839 ], [ 83.7883, 19.0078 ], [ 83.8869, 18.8054 ], [ 84.0271, 18.8022 ], [ 84.0818, 18.7446 ], [ 84.2167, 18.7873 ], [ 84.3089, 18.7784 ], [ 84.3441, 18.8119 ], [ 84.336, 18.8667 ], [ 84.3624, 18.8511 ], [ 84.3514, 18.8832 ], [ 84.3876, 18.8777 ], [ 84.3653, 18.8963 ], [ 84.4294, 18.9137 ], [ 84.4151, 19.0139 ], [ 84.4717, 18.9812 ], [ 84.5661, 19.065 ], [ 84.5901, 19.0134 ], [ 84.6127, 19.0548 ], [ 84.6646, 19.0663 ], [ 84.5918, 19.1238 ], [ 84.7052, 19.149 ], [ 84.6975, 19.1088 ], [ 84.761, 19.071 ], [ 84.5826, 18.8763 ], [ 84.5535, 18.7918 ], [ 84.3562, 18.5568 ], [ 84.1257, 18.3515 ], [ 84.1246, 18.3093 ] ] ] } },
{ "type": "Feature", "properties": { "state": "Andhra Pradesh", "district": "Visakhapatnam" }, "geometry": { "type": "MultiPolygon", "coordinates": [ [ [ [ 83.1715, 17.569 ], [ 83.1721, 17.5668 ], [ 83.1704, 17.5663 ], [ 83.1715, 17.569 ] ] ], [ [ [ 83.2979, 17.6793 ], [ 83.3121, 17.6849 ], [ 83.3018, 17.6799 ], [ 83.2979, 17.6793 ] ] ], [ [ [ 83.3057, 17.6846 ], [ 83.3057, 17.6835 ], [ 83.3029, 17.6826 ], [ 83.3057, 17.6846 ] ] ], [ [ [ 83.2701, 17.7101 ], [ 83.2688, 17.7085 ], [ 83.2685, 17.7099 ], [ 83.2701, 17.7101 ] ] ], [ [ [ 82.5145, 17.291 ], [ 82.5953, 17.4526 ], [ 82.5484, 17.5153 ], [ 82.481, 17.4968 ], [ 82.4617, 17.5284 ], [ 82.4475, 17.4776 ], [ 82.4027, 17.4629 ], [ 82.3611, 17.5093 ], [ 82.3262, 17.5016 ], [ 82.3355, 17.575 ], [ 82.2593, 17.6134 ], [ 82.2085, 17.6288 ], [ 82.1696, 17.6015 ], [ 82.093, 17.6449 ], [ 82.0067, 17.6095 ], [ 82.0088, 17.7511 ], [ 81.859, 17.7412 ], [ 81.9795, 17.8409 ], [ 82.0123, 17.8367 ], [ 81.9947, 17.8773 ], [ 82.0228, 17.9285 ], [ 81.9731, 18.0057 ], [ 82.0722, 18.0656 ], [ 82.2532, 17.9802 ], [ 82.267, 18.0483 ], [ 82.3298, 18.0404 ], [ 82.3334, 18.1424 ], [ 82.3652, 18.1397 ], [ 82.3061, 18.1957 ], [ 82.393, 18.3064 ], [ 82.3344, 18.3171 ], [ 82.3844, 18.3691 ], [ 82.3613, 18.4099 ], [ 82.474, 18.5368 ], [ 82.5231, 18.5039 ], [ 82.5302, 18.4343 ], [ 82.5538, 18.4377 ], [ 82.5323, 18.3934 ], [ 82.6005, 18.3687 ], [ 82.5807, 18.2701 ], [ 82.6269, 18.2287 ], [ 82.6588, 18.2866 ], [ 82.7671, 18.3311 ], [ 82.7992, 18.4394 ], [ 82.8846, 18.4128 ], [ 82.8919, 18.3669 ], [ 82.9327, 18.3514 ], [ 83.0933, 18.4062 ], [ 83.071, 18.309 ], [ 83.094, 18.3501 ], [ 83.1646, 18.3004 ], [ 83.2189, 18.3252 ], [ 83.2653, 18.2117 ], [ 83.1993, 18.1821 ], [ 83.1295, 18.2514 ], [ 83.1551, 18.1746 ], [ 83.123, 18.1693 ], [ 83.0957, 18.2121 ], [ 83.0991, 18.147 ], [ 83.1441, 18.1449 ], [ 83.0341, 18.0598 ], [ 83.0008, 17.9589 ], [ 83.0966, 17.9219 ], [ 83.1474, 17.82 ], [ 83.2224, 17.8589 ], [ 83.2468, 17.9018 ], [ 83.225, 17.9355 ], [ 83.3021, 17.9734 ], [ 83.3508, 18.0465 ], [ 83.3969, 18.038 ], [ 83.4093, 17.9964 ], [ 83.3758, 17.9028 ], [ 83.4203, 17.9311 ], [ 83.4774, 17.9182 ], [ 83.3446, 17.7251 ], [ 83.3065, 17.6882 ], [ 83.2824, 17.6893 ], [ 83.2726, 17.7118 ], [ 83.2635, 17.711 ], [ 83.2824, 17.6876 ], [ 83.2982, 17.6865 ], [ 83.2954, 17.6751 ], [ 83.2135, 17.591 ], [ 82.5379, 17.2463 ], [ 82.5145, 17.291 ] ] ] ] } },
{ "type": "Feature", "properties": { "state": "Andhra Pradesh", "district": "Vizianagaram" }, "geometry": { "type": "Polygon", "coordinates": [ [ [ 83.1474, 17.82 ], [ 83.0966, 17.9219 ], [ 83.0008, 17.9589 ], [ 82.9915, 17.9906 ], [ 83.0931, 18.1238 ], [ 83.1441, 18.1449 ], [ 83.0991, 18.147 ], [ 83.0957, 18.2121 ], [ 83.123, 18.1693 ], [ 83.1551, 18.1746 ], [ 83.1295, 18.2514 ], [ 83.2101, 18.181 ], [ 83.2635, 18.2074 ], [ 83.2628, 18.257 ], [ 83.215, 18.2888 ], [ 83.2134, 18.3272 ], [ 83.1646, 18.3004 ], [ 83.094, 18.3501 ], [ 83.071, 18.309 ], [ 83.0933, 18.4062 ], [ 83.0658, 18.3932 ], [ 83.0598, 18.4286 ], [ 83.0154, 18.4444 ], [ 83.0893, 18.5379 ], [ 83.0325, 18.5479 ], [ 83.0539, 18.5865 ], [ 83.008, 18.5884 ], [ 83.0097, 18.6365 ], [ 83.133, 18.7724 ], [ 83.2051, 18.7159 ], [ 83.2194, 18.7658 ], [ 83.2661, 18.757 ], [ 83.2795, 18.7896 ], [ 83.3963, 18.8307 ], [ 83.4113, 18.8593 ], [ 83.3466, 18.9269 ], [ 83.3802, 18.9233 ], [ 83.3458, 18.9571 ], [ 83.329, 18.9169 ], [ 83.3053, 18.9897 ], [ 83.4089, 18.9962 ], [ 83.4555, 18.9456 ], [ 83.4485, 18.9996 ], [ 83.478, 19.0212 ], [ 83.4594, 19.0697 ], [ 83.5054, 19.0648 ], [ 83.4954, 19.0111 ], [ 83.5314, 19.0054 ], [ 83.5464, 19.0738 ], [ 83.5788, 19.0498 ], [ 83.6233, 19.1536 ], [ 83.8161, 18.8242 ], [ 83.7626, 18.8158 ], [ 83.7404, 18.7661 ], [ 83.6644, 18.796 ], [ 83.5275, 18.7096 ], [ 83.5116, 18.5503 ], [ 83.6015, 18.5515 ], [ 83.6015, 18.5107 ], [ 83.5514, 18.4886 ], [ 83.5854, 18.4528 ], [ 83.5649, 18.4221 ], [ 83.4413, 18.439 ], [ 83.4061, 18.4063 ], [ 83.4371, 18.3762 ], [ 83.4239, 18.3144 ], [ 83.5173, 18.2782 ], [ 83.5145, 18.23 ], [ 83.5471, 18.2518 ], [ 83.6596, 18.0754 ], [ 83.5296, 17.9493 ], [ 83.4776, 17.9185 ], [ 83.4203, 17.9311 ], [ 83.3967, 17.8939 ], [ 83.3704, 17.9118 ], [ 83.4084, 17.977 ], [ 83.4, 18.0346 ], [ 83.3508, 18.0465 ], [ 83.3021, 17.9734 ], [ 83.225, 17.9355 ], [ 83.2468, 17.9018 ], [ 83.2224, 17.8589 ], [ 83.1474, 17.82 ] ] ] } },
{ "type": "Feature", "properties": { "state": "Andhra Pradesh", "district": "West Godavari" }, "geometry": { "type": "Polygon", "coordinates": [ [ [ 81.858, 16.6053 ], [ 81.8435, 16.5138 ], [ 81.7479, 16.4257 ], [ 81.7028, 16.4481 ], [ 81.7106, 16.3199 ], [ 81.561, 16.3454 ], [ 81.5398, 16.3796 ], [ 81.4822, 16.3751 ], [ 81.3984, 16.422 ], [ 81.3618, 16.4989 ], [ 81.3212, 16.5094 ], [ 81.3431, 16.5954 ], [ 81.3062, 16.6816 ], [ 81.227, 16.5681 ], [ 81.1712, 16.6136 ], [ 81.0014, 16.5518 ], [ 80.9459, 16.6551 ], [ 81.007, 16.6412 ], [ 80.9741, 16.7076 ], [ 81.027, 16.8071 ], [ 80.9275, 16.9478 ], [ 80.9514, 17.0396 ], [ 80.8588, 17.0509 ], [ 80.8703, 17.1463 ], [ 80.9133, 17.146 ], [ 80.9138, 17.2053 ], [ 80.9913, 17.1797 ], [ 81.1628, 17.2326 ], [ 81.1815, 17.3222 ], [ 81.2672, 17.32 ], [ 81.3247, 17.3906 ], [ 81.4156, 17.3616 ], [ 81.4982, 17.49 ], [ 81.6041, 17.4166 ], [ 81.6087, 17.3497 ], [ 81.6499, 17.3126 ], [ 81.643, 17.2067 ], [ 81.7293, 17.0249 ], [ 81.7393, 16.8032 ], [ 81.858, 16.6053 ] ] ] } },
{ "type": "Feature", "properties": { "state": "Andhra Pradesh", "district": "Y.S.R." }, "geometry": { "type": "Polygon", "coordinates": [ [ [ 79.4451, 13.7695 ], [ 79.3, 13.7122 ], [ 79.2839, 13.7462 ], [ 79.216, 13.7457 ], [ 79.1809, 13.7821 ], [ 79.2072, 13.7989 ], [ 79.1397, 13.8493 ], [ 79.0902, 13.8376 ], [ 78.9958, 13.8969 ], [ 78.7894, 13.8689 ], [ 78.7621, 13.8178 ], [ 78.7141, 13.8764 ], [ 78.6351, 13.8584 ], [ 78.647, 13.8965 ], [ 78.5786, 13.9012 ], [ 78.5739, 13.9736 ], [ 78.4641, 13.9433 ], [ 78.4332, 14.0199 ], [ 78.4559, 14.104 ], [ 78.401, 14.199 ], [ 78.4168, 14.2707 ], [ 78.2375, 14.307 ], [ 78.0297, 14.4562 ], [ 77.9398, 14.5593 ], [ 77.9592, 14.5761 ], [ 77.9798, 14.533 ], [ 78.0394, 14.531 ], [ 78.0898, 14.6178 ], [ 78.1261, 14.6207 ], [ 78.1325, 14.6865 ], [ 78.0667, 14.7134 ], [ 78.0778, 14.7481 ], [ 78.0488, 14.7695 ], [ 78.1038, 14.8186 ], [ 78.1114, 14.92 ], [ 78.2296, 14.9471 ], [ 78.2887, 15.0654 ], [ 78.3873, 15.0466 ], [ 78.3415, 14.9928 ], [ 78.3991, 14.9537 ], [ 78.4222, 15.0263 ], [ 78.5142, 15.0581 ], [ 78.4743, 14.8924 ], [ 78.5392, 14.9523 ], [ 78.5474, 14.9179 ], [ 78.6006, 14.941 ], [ 78.6627, 14.9204 ], [ 78.7101, 14.9572 ], [ 78.7113, 15.0131 ], [ 78.7542, 15.03 ], [ 78.7735, 15.1896 ], [ 78.9146, 15.1881 ], [ 78.9409, 15.2289 ], [ 78.9618, 15.1639 ], [ 79.0592, 15.1677 ], [ 79.0638, 14.9529 ], [ 79.1672, 14.7044 ], [ 79.1696, 14.6122 ], [ 79.3072, 14.4592 ], [ 79.4184, 14.2381 ], [ 79.4451, 13.7695 ] ] ] } },
{ "type": "Feature", "properties": { "state": "Arunachal Pradesh", "district": "Anjaw" }, "geometry": { "type": "Polygon", "coordinates": [ [ [ 97.0374, 27.7522 ], [ 96.9006, 27.6243 ], [ 96.7864, 27.6505 ], [ 96.7721, 27.6242 ], [ 96.6329, 27.6842 ], [ 96.6176, 27.8572 ], [ 96.4201, 27.9228 ], [ 96.2769, 28.0799 ], [ 96.3392, 28.1718 ], [ 96.2986, 28.2675 ], [ 96.3407, 28.3391 ], [ 96.3032, 28.3772 ], [ 96.3709, 28.3943 ], [ 96.4127, 28.3467 ], [ 96.4583, 28.4192 ], [ 96.6646, 28.4658 ], [ 96.7511, 28.4217 ], [ 96.7826, 28.3704 ], [ 96.8987, 28.3859 ], [ 96.9965, 28.3162 ], [ 97.0926, 28.3697 ], [ 97.1739, 28.2991 ], [ 97.3747, 28.2256 ], [ 97.4004, 28.1935 ], [ 97.3308, 28.163 ], [ 97.3077, 28.0771 ], [ 97.3735, 28.0702 ], [ 97.4152, 28.0241 ], [ 97.3781, 27.9862 ], [ 97.389, 27.8964 ], [ 97.3212, 27.8895 ], [ 97.3087, 27.93 ], [ 97.2565, 27.9095 ], [ 97.1025, 27.7934 ], [ 97.0964, 27.7499 ], [ 97.0374, 27.7522 ] ] ] } },
{ "type": "Feature", "properties": { "state": "Arunachal Pradesh", "district": "Changlang" }, "geometry": { "type": "Polygon", "coordinates": [ [ [ 96.691, 27.6628 ], [ 96.7721, 27.6242 ], [ 96.7864, 27.6505 ], [ 96.9006, 27.6243 ], [ 96.9377, 27.5301 ], [ 96.9118, 27.4627 ], [ 97.1672, 27.1555 ], [ 97.1464, 27.1028 ], [ 96.8662, 27.1997 ], [ 96.8888, 27.2636 ], [ 96.8024, 27.3544 ], [ 96.6205, 27.3728 ], [ 96.5223, 27.294 ], [ 96.3108, 27.302 ], [ 96.099, 27.2314 ], [ 96.0364, 27.1961 ], [ 95.9571, 27.0682 ], [ 95.8771, 27.0205 ], [ 95.8079, 27.0205 ], [ 95.755, 26.9079 ], [ 95.7211, 26.8836 ], [ 95.688, 26.9019 ], [ 95.6845, 26.9845 ], [ 95.6346, 27.0106 ], [ 95.6757, 27.1678 ], [ 95.637, 27.2369 ], [ 95.8063, 27.2917 ], [ 95.8981, 27.2643 ], [ 96.0209, 27.3713 ], [ 95.9778, 27.4355 ], [ 95.9168, 27.4432 ], [ 95.8931, 27.406 ], [ 95.8887, 27.4441 ], [ 95.8493, 27.4303 ], [ 95.8813, 27.5532 ], [ 96.0049, 27.5629 ], [ 96.1288, 27.626 ], [ 96.2923, 27.5624 ], [ 96.376, 27.6519 ], [ 96.5855, 27.6635 ], [ 96.6444, 27.6356 ], [ 96.691, 27.6628 ] ] ] } },
{ "type": "Feature", "properties": { "state": "Arunachal Pradesh", "district": "Dibang Valley" }, "geometry": { "type": "Polygon", "coordinates": [ [ [ 95.2724, 29.0586 ], [ 95.4543, 29.037 ], [ 95.4963, 29.1403 ], [ 95.5468, 29.1287 ], [ 95.5377, 29.214 ], [ 95.5858, 29.218 ], [ 95.5987, 29.2619 ], [ 95.638, 29.2498 ], [ 95.7776, 29.3564 ], [ 95.7965, 29.3363 ], [ 95.8809, 29.3915 ], [ 95.9571, 29.3827 ], [ 96.0805, 29.4633 ], [ 96.2436, 29.2351 ], [ 96.3632, 29.2856 ], [ 96.3928, 29.2565 ], [ 96.3464, 29.171 ], [ 96.2602, 29.1602 ], [ 96.1856, 29.0946 ], [ 96.1145, 29.0776 ], [ 96.1849, 28.9881 ], [ 96.1452, 28.9375 ], [ 96.1665, 28.9059 ], [ 96.3467, 29.0323 ], [ 96.5252, 29.0793 ], [ 96.4774, 28.994 ], [ 96.4875, 28.9653 ], [ 96.5188, 28.971 ], [ 96.6155, 28.7648 ], [ 96.5859, 28.7216 ], [ 96.4727, 28.6882 ], [ 96.4941, 28.6382 ], [ 96.4009, 28.5943 ], [ 96.4008, 28.5624 ], [ 96.1524, 28.6547 ], [ 95.7529, 28.5935 ], [ 95.6497, 28.6241 ], [ 95.5541, 28.7082 ], [ 95.3889, 28.7438 ], [ 95.3234, 28.8455 ], [ 95.3232, 28.9317 ], [ 95.2549, 28.953 ], [ 95.2424, 29.0024 ], [ 95.2724, 29.0586 ] ] ] } },
{ "type": "Feature", "properties": { "state": "Arunachal Pradesh", "district": "East Kameng" }, "geometry": { "type": "Polygon", "coordinates": [ [ [ 93.2297, 27.6059 ], [ 93.3301, 27.5561 ], [ 93.2946, 27.5246 ], [ 93.3723, 27.3732 ], [ 93.3071, 27.3462 ], [ 93.2948, 27.2923 ], [ 93.2254, 27.2524 ], [ 93.2216, 27.2054 ], [ 93.2735, 27.213 ], [ 93.31, 27.1743 ], [ 93.2135, 27.1185 ], [ 93.3133, 27.0813 ], [ 93.3907, 26.96 ], [ 93.0194, 26.9168 ], [ 92.8724, 27.0077 ], [ 92.6589, 27.0385 ], [ 92.6391, 27.0185 ], [ 92.5978, 27.0542 ], [ 92.6171, 27.1473 ], [ 92.9029, 27.2152 ], [ 92.8882, 27.2858 ], [ 92.8474, 27.2907 ], [ 92.7998, 27.3515 ], [ 92.8236, 27.3821 ], [ 92.7899, 27.555 ], [ 92.6466, 27.5359 ], [ 92.6462, 27.5769 ], [ 92.717, 27.6478 ], [ 92.7483, 27.6226 ], [ 92.8572, 27.6469 ], [ 92.9842, 27.5634 ], [ 93.1485, 27.7387 ], [ 93.2077, 27.7419 ], [ 93.2231, 27.7147 ], [ 93.1943, 27.6774 ], [ 93.2297, 27.6059 ] ] ] } },
{ "type": "Feature", "properties": { "state": "Arunachal Pradesh", "district": "East Siang" }, "geometry": { "type": "Polygon", "coordinates": [ [ [ 95.5495, 28.2792 ], [ 95.5628, 28.049 ], [ 95.5003, 27.9506 ], [ 95.516, 27.8818 ], [ 95.3843, 27.842 ], [ 95.3166, 27.8711 ], [ 94.8609, 27.7395 ], [ 94.9564, 27.9687 ], [ 94.8812, 28.0036 ], [ 94.9311, 28.051 ], [ 94.9007, 28.0797 ], [ 94.9495, 28.132 ], [ 94.8814, 28.2353 ], [ 94.9362, 28.2541 ], [ 94.8759, 28.4118 ], [ 94.7633, 28.4257 ], [ 94.7477, 28.5233 ], [ 94.8207, 28.555 ], [ 94.8895, 28.5259 ], [ 94.943, 28.5631 ], [ 95.0141, 28.4956 ], [ 95.0816, 28.5049 ], [ 95.1037, 28.4443 ], [ 95.0723, 28.3978 ], [ 95.12, 28.336 ], [ 95.1119, 28.2266 ], [ 95.1957, 28.1497 ], [ 95.2819, 28.1777 ], [ 95.3366, 28.2266 ], [ 95.3378, 28.2732 ], [ 95.4112, 28.3196 ], [ 95.4664, 28.2629 ], [ 95.5495, 28.2792 ] ] ] } },
{ "type": "Feature", "properties": { "state": "Arunachal Pradesh", "district": "Kurung Kumey" }, "geometry": { "type": "Polygon", "coordinates": [ [ [ 93.3917, 27.6419 ], [ 93.2297, 27.6059 ], [ 93.1943, 27.6774 ], [ 93.2231, 27.7147 ], [ 93.2026, 27.7311 ], [ 93.2363, 27.7979 ], [ 93.221, 27.832 ], [ 92.9659, 27.827 ], [ 92.9295, 27.9205 ], [ 92.7367, 27.973 ], [ 92.6612, 28.0677 ], [ 92.687, 28.1258 ], [ 92.7996, 28.2022 ], [ 92.8265, 28.172 ], [ 92.8953, 28.2046 ], [ 92.9645, 28.2618 ], [ 93.0004, 28.2308 ], [ 93.0338, 28.2631 ], [ 93.0237, 28.3032 ], [ 93.1938, 28.318 ], [ 93.258, 28.3676 ], [ 93.3588, 28.3444 ], [ 93.4517, 28.2728 ], [ 93.5703, 28.257 ], [ 93.6795, 28.3227 ], [ 93.8386, 28.2405 ], [ 93.892, 28.1302 ], [ 93.8533, 28.0849 ], [ 93.9106, 28.0289 ], [ 93.8428, 28.0035 ], [ 93.8113, 27.9113 ], [ 93.6876, 27.8895 ], [ 93.4815, 27.7198 ], [ 93.4282, 27.7125 ], [ 93.3917, 27.6419 ] ] ] } },
{ "type": "Feature", "properties": { "state": "Arunachal Pradesh", "district": "Lohit" }, "geometry": { "type": "Polygon", "coordinates": [ [ [ 96.3309, 28.1307 ], [ 96.2769, 28.0799 ], [ 96.4201, 27.9228 ], [ 96.6176, 27.8572 ], [ 96.6435, 27.7375 ], [ 96.6226, 27.6983 ], [ 96.691, 27.6628 ], [ 96.6617, 27.6415 ], [ 96.376, 27.6519 ], [ 96.2923, 27.5624 ], [ 96.1288, 27.626 ], [ 95.9789, 27.6423 ], [ 95.9475, 27.7615 ], [ 95.8711, 27.7729 ], [ 95.7587, 27.7267 ], [ 95.9934, 27.98 ], [ 95.9818, 28.0772 ], [ 96.0534, 28.2022 ], [ 96.1438, 28.1751 ], [ 96.2697, 28.2442 ], [ 96.2399, 28.3046 ], [ 96.3032, 28.3772 ], [ 96.3407, 28.3391 ], [ 96.2986, 28.2675 ], [ 96.3391, 28.1847 ], [ 96.3309, 28.1307 ] ] ] } },
{ "type": "Feature", "properties": { "state": "Arunachal Pradesh", "district": "Longding" }, "geometry": { "type": "Polygon", "coordinates": [ [ [ 95.3713, 27.1114 ], [ 95.3913, 27.059 ], [ 95.3628, 27.0385 ], [ 95.3851, 27.0114 ], [ 95.3704, 26.89 ], [ 95.4313, 26.8486 ], [ 95.5579, 26.8972 ], [ 95.5656, 26.8338 ], [ 95.5328, 26.8312 ], [ 95.4289, 26.7 ], [ 95.3026, 26.656 ], [ 95.2376, 26.6863 ], [ 95.2161, 26.7353 ], [ 95.2449, 26.7873 ], [ 95.1845, 26.8648 ], [ 95.2339, 26.8908 ], [ 95.1955, 27.0429 ], [ 95.2482, 27.0303 ], [ 95.3713, 27.1114 ] ] ] } },
{ "type": "Feature", "properties": { "state": "Arunachal Pradesh", "district": "Lower Dibang Valley" }, "geometry": { "type": "Polygon", "coordinates": [ [ [ 96.0513, 28.185 ], [ 95.9818, 28.0772 ], [ 95.9852, 27.9721 ], [ 95.6067, 27.9578 ], [ 95.516, 27.8818 ], [ 95.505, 27.9687 ], [ 95.5689, 28.0827 ], [ 95.5646, 28.2588 ], [ 95.5363, 28.2899 ], [ 95.4664, 28.2629 ], [ 95.4357, 28.318 ], [ 95.3859, 28.3115 ], [ 95.3384, 28.369 ], [ 95.3368, 28.4799 ], [ 95.4097, 28.5524 ], [ 95.3505, 28.7069 ], [ 95.4089, 28.7445 ], [ 95.5541, 28.7082 ], [ 95.6497, 28.6241 ], [ 95.7529, 28.5935 ], [ 96.1524, 28.6547 ], [ 96.368, 28.5635 ], [ 96.3243, 28.5303 ], [ 96.373, 28.487 ], [ 96.2638, 28.4134 ], [ 96.3153, 28.3884 ], [ 96.2399, 28.3046 ], [ 96.2697, 28.2442 ], [ 96.1438, 28.1751 ], [ 96.0513, 28.185 ] ] ] } },
{ "type": "Feature", "properties": { "state": "Arunachal Pradesh", "district": "Lower Subansiri" }, "geometry": { "type": "Polygon", "coordinates": [ [ [ 93.3917, 27.6419 ], [ 93.4282, 27.7125 ], [ 93.4815, 27.7198 ], [ 93.6876, 27.8895 ], [ 93.8113, 27.9113 ], [ 93.8695, 28.0253 ], [ 94.0682, 27.9412 ], [ 94.0477, 27.9139 ], [ 94.0744, 27.8515 ], [ 94.1494, 27.8682 ], [ 94.1938, 27.8138 ], [ 94.2946, 27.793 ], [ 94.3149, 27.7417 ], [ 94.3568, 27.7316 ], [ 94.2111, 27.6108 ], [ 94.2591, 27.5226 ], [ 94.2123, 27.4979 ], [ 94.1534, 27.5129 ], [ 94.0679, 27.4668 ], [ 93.8955, 27.4844 ], [ 93.829, 27.4057 ], [ 93.8358, 27.3636 ], [ 93.787, 27.3297 ], [ 93.6146, 27.346 ], [ 93.5644, 27.4329 ], [ 93.639, 27.4953 ], [ 93.5278, 27.6229 ], [ 93.3917, 27.6419 ] ] ] } },
{ "type": "Feature", "properties": { "state": "Arunachal Pradesh", "district": "Namsai" }, "geometry": { "type": "Polygon", "coordinates": [ [ [ 96.1124, 27.6221 ], [ 96.0049, 27.5629 ], [ 95.867, 27.5511 ], [ 95.7871, 27.6234 ], [ 95.7965, 27.6881 ], [ 95.7705, 27.716 ], [ 95.8711, 27.7729 ], [ 95.9475, 27.7615 ], [ 95.9789, 27.6423 ], [ 96.1124, 27.6221 ] ] ] } },
{ "type": "Feature", "properties": { "state": "Arunachal Pradesh", "district": "Papum Pare" }, "geometry": { "type": "Polygon", "coordinates": [ [ [ 93.3907, 26.96 ], [ 93.3133, 27.0813 ], [ 93.2135, 27.1185 ], [ 93.31, 27.1743 ], [ 93.2735, 27.213 ], [ 93.2216, 27.2054 ], [ 93.2254, 27.2524 ], [ 93.2948, 27.2923 ], [ 93.3071, 27.3462 ], [ 93.3723, 27.3732 ], [ 93.3683, 27.4183 ], [ 93.3152, 27.4449 ], [ 93.2946, 27.5246 ], [ 93.3307, 27.5536 ], [ 93.2805, 27.5806 ], [ 93.2848, 27.6161 ], [ 93.3703, 27.6419 ], [ 93.5278, 27.6229 ], [ 93.639, 27.4953 ], [ 93.5644, 27.4152 ], [ 93.6567, 27.3311 ], [ 93.8087, 27.3392 ], [ 93.8955, 27.4844 ], [ 94.0679, 27.4668 ], [ 94.1534, 27.5129 ], [ 94.2077, 27.5075 ], [ 93.8086, 27.1518 ], [ 93.8282, 27.069 ], [ 93.7724, 27.0623 ], [ 93.6758, 26.9711 ], [ 93.4894, 26.9385 ], [ 93.3907, 26.96 ] ] ] } },
{ "type": "Feature", "properties": { "state": "Arunachal Pradesh", "district": "Tawang" }, "geometry": { "type": "Polygon", "coordinates": [ [ [ 92.316, 27.7782 ], [ 92.2464, 27.6295 ], [ 91.9779, 27.4625 ], [ 91.8481, 27.4863 ], [ 91.7295, 27.4689 ], [ 91.6947, 27.5059 ], [ 91.6517, 27.4843 ], [ 91.5669, 27.5841 ], [ 91.5644, 27.642 ], [ 91.6287, 27.6993 ], [ 91.6459, 27.7674 ], [ 91.6167, 27.82 ], [ 91.5689, 27.8205 ], [ 91.5778, 27.8631 ], [ 91.6693, 27.8567 ], [ 91.7463, 27.8034 ], [ 91.8242, 27.8104 ], [ 91.8605, 27.7369 ], [ 91.9188, 27.7151 ], [ 91.9839, 27.77 ], [ 92.0554, 27.7591 ], [ 92.2104, 27.859 ], [ 92.264, 27.8579 ], [ 92.316, 27.7782 ] ] ] } },
{ "type": "Feature", "properties": { "state": "Arunachal Pradesh", "district": "Tirap" }, "geometry": { "type": "Polygon", "coordinates": [ [ [ 95.637, 27.2369 ], [ 95.6757, 27.1678 ], [ 95.6346, 27.0106 ], [ 95.6845, 26.9845 ], [ 95.6908, 26.9032 ], [ 95.6368, 26.8793 ], [ 95.6115, 26.8212 ], [ 95.5656, 26.8338 ], [ 95.5579, 26.8972 ], [ 95.4313, 26.8486 ], [ 95.3656, 26.9019 ], [ 95.377, 27.1022 ], [ 95.4578, 27.1356 ], [ 95.4597, 27.2134 ], [ 95.5109, 27.2663 ], [ 95.637, 27.2369 ] ] ] } },
{ "type": "Feature", "properties": { "state": "Arunachal Pradesh", "district": "Upper Siang" }, "geometry": { "type": "Polygon", "coordinates": [ [ [ 95.2724, 29.0586 ], [ 95.2439, 28.9892 ], [ 95.2549, 28.953 ], [ 95.3061, 28.9562 ], [ 95.3269, 28.9233 ], [ 95.3234, 28.8455 ], [ 95.3889, 28.7438 ], [ 95.3505, 28.7069 ], [ 95.3652, 28.6287 ], [ 95.4097, 28.5524 ], [ 95.3204, 28.4289 ], [ 95.3823, 28.3142 ], [ 95.4092, 28.3194 ], [ 95.3378, 28.2732 ], [ 95.3366, 28.2266 ], [ 95.2819, 28.1777 ], [ 95.2085, 28.1486 ], [ 95.1119, 28.2266 ], [ 95.12, 28.336 ], [ 95.0723, 28.3978 ], [ 95.1037, 28.4443 ], [ 95.0816, 28.5049 ], [ 95.0141, 28.4956 ], [ 94.943, 28.5631 ], [ 94.8895, 28.5259 ], [ 94.8394, 28.555 ], [ 94.7585, 28.5374 ], [ 94.7307, 28.6869 ], [ 94.599, 28.7903 ], [ 94.5256, 28.7969 ], [ 94.2789, 28.9953 ], [ 94.1719, 29.007 ], [ 94.2877, 29.1481 ], [ 94.3569, 29.1526 ], [ 94.4312, 29.2268 ], [ 94.5579, 29.2289 ], [ 94.6282, 29.3486 ], [ 94.7774, 29.2411 ], [ 94.798, 29.1646 ], [ 94.8718, 29.1843 ], [ 95.0228, 29.1306 ], [ 94.9975, 29.173 ], [ 95.1218, 29.1163 ], [ 95.2508, 29.1099 ], [ 95.2724, 29.0586 ] ] ] } },
{ "type": "Feature", "properties": { "state": "Arunachal Pradesh", "district": "Upper Subansiri" }, "geometry": { "type": "Polygon", "coordinates": [ [ [ 93.9682, 27.9678 ], [ 93.8533, 28.0849 ], [ 93.892, 28.1302 ], [ 93.841, 28.2376 ], [ 93.6827, 28.3216 ], [ 93.5703, 28.257 ], [ 93.4234, 28.2835 ], [ 93.3353, 28.354 ], [ 93.2925, 28.341 ], [ 93.258, 28.3676 ], [ 93.2199, 28.3355 ], [ 93.2315, 28.4007 ], [ 93.1827, 28.44 ], [ 93.2759, 28.5048 ], [ 93.3369, 28.6402 ], [ 93.4457, 28.676 ], [ 93.4742, 28.6537 ], [ 93.4911, 28.684 ], [ 93.5338, 28.6588 ], [ 93.7316, 28.6893 ], [ 93.7752, 28.6685 ], [ 93.844, 28.7074 ], [ 93.9196, 28.6704 ], [ 93.9603, 28.7131 ], [ 94.0217, 28.6521 ], [ 93.9999, 28.5788 ], [ 94.0956, 28.5372 ], [ 94.1382, 28.4458 ], [ 94.292, 28.4303 ], [ 94.329, 28.3596 ], [ 94.4009, 28.3422 ], [ 94.3744, 28.2969 ], [ 94.4167, 28.2562 ], [ 94.3831, 28.26 ], [ 94.3563, 28.2005 ], [ 94.3906, 28.0863 ], [ 94.5134, 28.018 ], [ 94.5956, 27.8736 ], [ 94.3332, 27.7605 ], [ 94.1938, 27.8138 ], [ 94.1494, 27.8682 ], [ 94.0744, 27.8515 ], [ 94.0477, 27.9139 ], [ 94.0682, 27.9412 ], [ 93.9682, 27.9678 ] ] ] } },
{ "type": "Feature", "properties": { "state": "Arunachal Pradesh", "district": "West Kameng" }, "geometry": { "type": "Polygon", "coordinates": [ [ [ 93.2077, 27.7419 ], [ 93.1485, 27.7387 ], [ 92.9842, 27.5634 ], [ 92.8531, 27.6479 ], [ 92.7483, 27.6226 ], [ 92.717, 27.6478 ], [ 92.653, 27.5862 ], [ 92.6571, 27.5262 ], [ 92.7835, 27.5573 ], [ 92.8136, 27.5252 ], [ 92.8236, 27.3821 ], [ 92.7998, 27.3515 ], [ 92.8474, 27.2907 ], [ 92.8882, 27.2858 ], [ 92.9031, 27.2213 ], [ 92.6079, 27.1414 ], [ 92.5902, 27.0802 ], [ 92.6455, 26.9874 ], [ 92.113, 26.8924 ], [ 92.1197, 26.9733 ], [ 92.0239, 27.1095 ], [ 92.0709, 27.2262 ], [ 92.0451, 27.2689 ], [ 92.1248, 27.2824 ], [ 92.0664, 27.3247 ], [ 92.0583, 27.4 ], [ 92.001, 27.4787 ], [ 92.2464, 27.6295 ], [ 92.316, 27.7782 ], [ 92.4069, 27.8221 ], [ 92.4549, 27.8033 ], [ 92.5013, 27.8415 ], [ 92.5607, 27.821 ], [ 92.7332, 27.9779 ], [ 92.9295, 27.9205 ], [ 92.9439, 27.8459 ], [ 92.9819, 27.8212 ], [ 93.0947, 27.8117 ], [ 93.1961, 27.8473 ], [ 93.2363, 27.7979 ], [ 93.2077, 27.7419 ] ] ] } },
{ "type": "Feature", "properties": { "state": "Arunachal Pradesh", "district": "West Siang" }, "geometry": { "type": "Polygon", "coordinates": [ [ [ 94.7307, 28.6869 ], [ 94.7633, 28.4257 ], [ 94.8759, 28.4118 ], [ 94.9362, 28.2541 ], [ 94.8814, 28.2353 ], [ 94.9495, 28.132 ], [ 94.9007, 28.0797 ], [ 94.9311, 28.051 ], [ 94.8812, 28.0036 ], [ 94.9564, 27.9687 ], [ 94.866, 27.7362 ], [ 94.4597, 27.5577 ], [ 94.431, 27.6031 ], [ 94.3675, 27.5767 ], [ 94.276, 27.5933 ], [ 94.2522, 27.6409 ], [ 94.2111, 27.6108 ], [ 94.3562, 27.722 ], [ 94.3149, 27.7417 ], [ 94.3178, 27.7766 ], [ 94.3332, 27.7605 ], [ 94.5953, 27.8839 ], [ 94.5431, 27.9282 ], [ 94.5134, 28.018 ], [ 94.3906, 28.0863 ], [ 94.3563, 28.2005 ], [ 94.3831, 28.26 ], [ 94.4167, 28.2562 ], [ 94.3744, 28.2969 ], [ 94.4009, 28.3422 ], [ 94.329, 28.3596 ], [ 94.292, 28.4303 ], [ 94.1509, 28.4375 ], [ 94.0956, 28.5372 ], [ 93.9999, 28.5788 ], [ 94.0217, 28.6521 ], [ 93.9603, 28.7131 ], [ 94.0014, 28.7755 ], [ 93.9949, 28.8414 ], [ 94.1551, 28.9548 ], [ 94.1719, 29.007 ], [ 94.2789, 28.9953 ], [ 94.5256, 28.7969 ], [ 94.599, 28.7903 ], [ 94.7307, 28.6869 ] ] ] } },
{ "type": "Feature", "properties": { "state": "Assam", "district": "Baksa" }, "geometry": { "type": "Polygon", "coordinates": [ [ [ 91.7091, 26.7904 ], [ 91.7863, 26.4996 ], [ 91.7114, 26.4608 ], [ 91.663, 26.47 ], [ 91.5539, 26.5772 ], [ 91.4986, 26.5313 ], [ 91.4625, 26.5817 ], [ 91.3053, 26.4928 ], [ 91.3103, 26.5792 ], [ 91.2387, 26.5887 ], [ 91.264, 26.6207 ], [ 91.2035, 26.5929 ], [ 91.1577, 26.6643 ], [ 91.1412, 26.5526 ], [ 91.1021, 26.5177 ], [ 91.0484, 26.5592 ], [ 90.9378, 26.5396 ], [ 90.913, 26.5887 ], [ 90.8688, 26.5692 ], [ 90.8621, 26.5198 ], [ 90.816, 26.5686 ], [ 90.8962, 26.6319 ], [ 90.9415, 26.7751 ], [ 91.0554, 26.7824 ], [ 91.0975, 26.8222 ], [ 91.3374, 26.7812 ], [ 91.4075, 26.8397 ], [ 91.4949, 26.7914 ], [ 91.6256, 26.8212 ], [ 91.7091, 26.7904 ] ] ] } },
{ "type": "Feature", "properties": { "state": "Assam", "district": "Barpeta" }, "geometry": { "type": "Polygon", "coordinates": [ [ [ 90.8499, 26.4993 ], [ 90.913, 26.5887 ], [ 90.9378, 26.5396 ], [ 91.0484, 26.5592 ], [ 91.1021, 26.5177 ], [ 91.1412, 26.5526 ], [ 91.1577, 26.6643 ], [ 91.2035, 26.5929 ], [ 91.264, 26.6207 ], [ 91.2387, 26.5887 ], [ 91.2935, 26.57 ], [ 91.2499, 26.5352 ], [ 91.2655, 26.4878 ], [ 91.2321, 26.4404 ], [ 91.2476, 26.3678 ], [ 91.2793, 26.3705 ], [ 91.2605, 26.2913 ], [ 91.2152, 26.2686 ], [ 91.2393, 26.2573 ], [ 91.2146, 26.2215 ], [ 91.239, 26.1814 ], [ 91.0905, 26.1644 ], [ 90.9132, 26.0895 ], [ 90.6913, 26.1534 ], [ 90.652, 26.2417 ], [ 90.7297, 26.2579 ], [ 90.7303, 26.2958 ], [ 90.7991, 26.3063 ], [ 90.8176, 26.366 ], [ 90.8575, 26.3621 ], [ 90.8562, 26.4369 ], [ 90.7857, 26.4391 ], [ 90.8248, 26.4501 ], [ 90.8023, 26.4946 ], [ 90.8499, 26.4993 ] ] ] } },
{ "type": "Feature", "properties": { "state": "Assam", "district": "Bongaigaon" }, "geometry": { "type": "Polygon", "coordinates": [ [ [ 90.8503, 26.5244 ], [ 90.8499, 26.4993 ], [ 90.8023, 26.4946 ], [ 90.8248, 26.4501 ], [ 90.7857, 26.4391 ], [ 90.8562, 26.4369 ], [ 90.8575, 26.3621 ], [ 90.8176, 26.366 ], [ 90.7991, 26.3063 ], [ 90.7303, 26.2958 ], [ 90.7322, 26.2594 ], [ 90.454, 26.1458 ], [ 90.346, 26.1759 ], [ 90.4716, 26.2689 ], [ 90.441, 26.4059 ], [ 90.4746, 26.4533 ], [ 90.5184, 26.456 ], [ 90.532, 26.4196 ], [ 90.5707, 26.5141 ], [ 90.6142, 26.4809 ], [ 90.6563, 26.5263 ], [ 90.702, 26.4857 ], [ 90.7867, 26.4724 ], [ 90.7654, 26.521 ], [ 90.8503, 26.5244 ] ] ] } },
{ "type": "Feature", "properties": { "state": "Assam", "district": "Cachar" }, "geometry": { "type": "Polygon", "coordinates": [ [ [ 92.4903, 24.8739 ], [ 92.4876, 24.9467 ], [ 92.4489, 24.9391 ], [ 92.471, 24.9641 ], [ 92.4236, 24.9961 ], [ 92.4843, 25.1081 ], [ 92.7259, 25.1147 ], [ 92.7332, 25.1455 ], [ 92.8413, 25.0559 ], [ 93.0442, 25.1061 ], [ 93.0178, 25.0643 ], [ 93.0635, 25.0052 ], [ 93.2632, 24.9664 ], [ 93.1931, 24.8062 ], [ 93.1098, 24.8097 ], [ 93.0759, 24.7104 ], [ 93.1047, 24.6753 ], [ 93.0754, 24.5962 ], [ 93.107, 24.5836 ], [ 93.0611, 24.5748 ], [ 93.0392, 24.4111 ], [ 92.9115, 24.4129 ], [ 92.8327, 24.3764 ], [ 92.7597, 24.5212 ], [ 92.7807, 24.572 ], [ 92.6701, 24.5936 ], [ 92.6968, 24.6189 ], [ 92.6559, 24.6942 ], [ 92.6804, 24.8158 ], [ 92.6398, 24.8215 ], [ 92.5979, 24.8803 ], [ 92.4903, 24.8739 ] ] ] } },
{ "type": "Feature", "properties": { "state": "Assam", "district": "Chirang" }, "geometry": { "type": "Polygon", "coordinates": [ [ [ 90.5877, 26.7712 ], [ 90.959, 26.7848 ], [ 90.9123, 26.7267 ], [ 90.8962, 26.6319 ], [ 90.816, 26.5686 ], [ 90.8503, 26.5244 ], [ 90.7616, 26.5178 ], [ 90.7867, 26.4724 ], [ 90.702, 26.4857 ], [ 90.6563, 26.5263 ], [ 90.6142, 26.4809 ], [ 90.5707, 26.5141 ], [ 90.5486, 26.4277 ], [ 90.4797, 26.4558 ], [ 90.4413, 26.4057 ], [ 90.4576, 26.485 ], [ 90.3774, 26.486 ], [ 90.3535, 26.5464 ], [ 90.5721, 26.5318 ], [ 90.5232, 26.6651 ], [ 90.5877, 26.7712 ] ] ] } },
{ "type": "Feature", "properties": { "state": "Assam", "district": "Darrang" }, "geometry": { "type": "Polygon", "coordinates": [ [ [ 91.7802, 26.4951 ], [ 91.9305, 26.5747 ], [ 92.0281, 26.5595 ], [ 92.0821, 26.4816 ], [ 92.099, 26.551 ], [ 92.0609, 26.5455 ], [ 92.0454, 26.5804 ], [ 92.0767, 26.6286 ], [ 92.2022, 26.6656 ], [ 92.2513, 26.5791 ], [ 92.3109, 26.6773 ], [ 92.3427, 26.6385 ], [ 92.3254, 26.5933 ], [ 92.3612, 26.5873 ], [ 92.3833, 26.5362 ], [ 92.22, 26.4184 ], [ 92.1538, 26.4121 ], [ 92.043, 26.2769 ], [ 91.7768, 26.1989 ], [ 91.7467, 26.222 ], [ 91.8214, 26.3331 ], [ 91.7706, 26.4328 ], [ 91.7802, 26.4951 ] ] ] } },
{ "type": "Feature", "properties": { "state": "Assam", "district": "Dhemaji" }, "geometry": { "type": "Polygon", "coordinates": [ [ [ 94.8609, 27.7395 ], [ 95.3166, 27.8711 ], [ 95.3843, 27.842 ], [ 95.516, 27.8818 ], [ 95.4199, 27.7432 ], [ 95.2589, 27.6634 ], [ 95.1933, 27.6715 ], [ 95.2058, 27.7126 ], [ 94.9837, 27.6549 ], [ 94.7452, 27.4391 ], [ 94.6917, 27.423 ], [ 94.5981, 27.2861 ], [ 94.561, 27.3257 ], [ 94.5279, 27.3068 ], [ 94.509, 27.3482 ], [ 94.4038, 27.334 ], [ 94.25, 27.3861 ], [ 94.298, 27.39 ], [ 94.3075, 27.4337 ], [ 94.2111, 27.6108 ], [ 94.2351, 27.6325 ], [ 94.3557, 27.5774 ], [ 94.431, 27.6031 ], [ 94.4597, 27.5577 ], [ 94.8394, 27.7035 ], [ 94.8609, 27.7395 ] ] ] } },
{ "type": "Feature", "properties": { "state": "Assam", "district": "Dhubri" }, "geometry": { "type": "Polygon", "coordinates": [ [ [ 89.7987, 26.0597 ], [ 89.6948, 26.1891 ], [ 89.732, 26.2123 ], [ 89.6972, 26.2172 ], [ 89.7288, 26.2382 ], [ 89.7048, 26.2699 ], [ 89.7375, 26.2711 ], [ 89.7157, 26.302 ], [ 89.7587, 26.2893 ], [ 89.7517, 26.3222 ], [ 89.8742, 26.3021 ], [ 89.9115, 26.3389 ], [ 89.9854, 26.3456 ], [ 90.0506, 26.2969 ], [ 90.2241, 26.3855 ], [ 90.2169, 26.3295 ], [ 90.2781, 26.32 ], [ 90.3472, 26.4138 ], [ 90.3743, 26.3758 ], [ 90.3931, 26.3913 ], [ 90.379, 26.3679 ], [ 90.4728, 26.3314 ], [ 90.4716, 26.2689 ], [ 90.3776, 26.2241 ], [ 90.373, 26.1793 ], [ 90.2694, 26.1862 ], [ 90.1925, 26.1265 ], [ 90.1533, 26.0823 ], [ 90.1897, 26.0284 ], [ 90.1763, 25.9911 ], [ 89.9446, 25.8245 ], [ 89.9552, 25.7745 ], [ 89.8942, 25.7272 ], [ 90.0173, 25.6022 ], [ 89.8662, 25.5428 ], [ 89.8807, 25.6333 ], [ 89.8145, 25.817 ], [ 89.8859, 25.9436 ], [ 89.8461, 25.9359 ], [ 89.8253, 25.9456 ], [ 89.8732, 25.9759 ], [ 89.8388, 26.0097 ], [ 89.8202, 25.9877 ], [ 89.8091, 26.0431 ], [ 89.7906, 26.0179 ], [ 89.8018, 26.0404 ], [ 89.7736, 26.0377 ], [ 89.7987, 26.0597 ] ], [ [ 89.8406, 25.942 ], [ 89.8405, 25.9422 ], [ 89.8404, 25.9422 ], [ 89.8406, 25.942 ] ] ] } },
{ "type": "Feature", "properties": { "state": "Assam", "district": "Dibrugarh" }, "geometry": { "type": "Polygon", "coordinates": [ [ [ 95.377, 27.1022 ], [ 95.3353, 27.1916 ], [ 95.2522, 27.1967 ], [ 95.1645, 27.1323 ], [ 95.1156, 27.1334 ], [ 94.9805, 27.1555 ], [ 94.9692, 27.2337 ], [ 94.8422, 27.0996 ], [ 94.8133, 27.1037 ], [ 94.7648, 27.1323 ], [ 94.7783, 27.2432 ], [ 94.7413, 27.2498 ], [ 94.7445, 27.2791 ], [ 94.7249, 27.2504 ], [ 94.7033, 27.2753 ], [ 94.6453, 27.2509 ], [ 94.5946, 27.1495 ], [ 94.5693, 27.1828 ], [ 94.6059, 27.329 ], [ 94.665, 27.3532 ], [ 94.6917, 27.423 ], [ 94.7452, 27.4391 ], [ 94.9837, 27.6549 ], [ 95.2058, 27.7126 ], [ 95.1933, 27.6715 ], [ 95.2486, 27.6603 ], [ 95.276, 27.6872 ], [ 95.3214, 27.5925 ], [ 95.2776, 27.578 ], [ 95.263, 27.5154 ], [ 95.2308, 27.5011 ], [ 95.2334, 27.4451 ], [ 95.3143, 27.3967 ], [ 95.4735, 27.3702 ], [ 95.4458, 27.2623 ], [ 95.491, 27.2487 ], [ 95.4597, 27.2134 ], [ 95.4611, 27.1402 ], [ 95.377, 27.1022 ] ] ] } },
{ "type": "Feature", "properties": { "state": "Assam", "district": "Dima Hasao" }, "geometry": { "type": "Polygon", "coordinates": [ [ [ 93.2529, 24.9751 ], [ 93.0635, 25.0052 ], [ 93.0178, 25.0643 ], [ 93.0442, 25.1061 ], [ 92.8413, 25.0559 ], [ 92.7564, 25.1412 ], [ 92.623, 25.1043 ], [ 92.5429, 25.0996 ], [ 92.5252, 25.1256 ], [ 92.6247, 25.1187 ], [ 92.6669, 25.1771 ], [ 92.8036, 25.2172 ], [ 92.7646, 25.2493 ], [ 92.7844, 25.3325 ], [ 92.6543, 25.4353 ], [ 92.6091, 25.4166 ], [ 92.5982, 25.4717 ], [ 92.5678, 25.4808 ], [ 92.6607, 25.5818 ], [ 92.75, 25.6027 ], [ 92.8214, 25.7425 ], [ 92.9213, 25.7735 ], [ 92.9306, 25.8103 ], [ 92.9668, 25.8193 ], [ 92.9853, 25.7861 ], [ 92.9919, 25.8261 ], [ 93.0102, 25.7943 ], [ 93.131, 25.7643 ], [ 93.1329, 25.6869 ], [ 93.191, 25.6322 ], [ 93.1728, 25.5985 ], [ 93.2125, 25.5473 ], [ 93.3357, 25.5454 ], [ 93.3959, 25.4641 ], [ 93.4619, 25.4347 ], [ 93.474, 25.3093 ], [ 93.3887, 25.2459 ], [ 93.3358, 25.0958 ], [ 93.2488, 25.0188 ], [ 93.2529, 24.9751 ] ] ] } },
{ "type": "Feature", "properties": { "state": "Assam", "district": "Goalpara" }, "geometry": { "type": "Polygon", "coordinates": [ [ [ 90.6581, 26.228 ], [ 90.7184, 26.1322 ], [ 90.9327, 26.0981 ], [ 91.0886, 26.0292 ], [ 91.0292, 25.888 ], [ 90.9675, 25.8872 ], [ 90.9427, 25.9476 ], [ 90.9191, 25.9133 ], [ 90.883, 25.9517 ], [ 90.8099, 25.9522 ], [ 90.7781, 25.9083 ], [ 90.7423, 25.913 ], [ 90.7474, 25.9573 ], [ 90.686, 25.9508 ], [ 90.6248, 25.8989 ], [ 90.629, 25.9374 ], [ 90.5825, 25.9598 ], [ 90.5125, 25.8962 ], [ 90.5345, 25.958 ], [ 90.4773, 26.0153 ], [ 90.4286, 25.989 ], [ 90.365, 26.0103 ], [ 90.1825, 25.9445 ], [ 90.12, 25.9577 ], [ 90.1897, 26.0284 ], [ 90.1533, 26.0823 ], [ 90.2386, 26.1397 ], [ 90.2473, 26.1776 ], [ 90.454, 26.1458 ], [ 90.6581, 26.228 ] ] ] } },
{ "type": "Feature", "properties": { "state": "Assam", "district": "Golaghat" }, "geometry": { "type": "Polygon", "coordinates": [ [ [ 93.7722, 26.847 ], [ 93.8252, 26.8286 ], [ 93.8927, 26.8682 ], [ 93.9228, 26.93 ], [ 93.9625, 26.9295 ], [ 94.0107, 26.84 ], [ 93.9753, 26.7691 ], [ 94.0486, 26.743 ], [ 94.0493, 26.6794 ], [ 94.0965, 26.6493 ], [ 94.073, 26.6008 ], [ 94.1172, 26.5584 ], [ 94.1182, 26.4041 ], [ 94.138, 26.3544 ], [ 94.18, 26.3541 ], [ 94.108, 26.3264 ], [ 94.0048, 26.1733 ], [ 93.9549, 26.0073 ], [ 93.9794, 25.9197 ], [ 93.7958, 25.8144 ], [ 93.7697, 25.9671 ], [ 93.8044, 25.9807 ], [ 93.7828, 26.0431 ], [ 93.8971, 26.3209 ], [ 93.8845, 26.3978 ], [ 93.8281, 26.4212 ], [ 93.7947, 26.381 ], [ 93.7764, 26.3877 ], [ 93.8019, 26.4139 ], [ 93.7227, 26.607 ], [ 93.6366, 26.6002 ], [ 93.6222, 26.5681 ], [ 93.5869, 26.5717 ], [ 93.588, 26.6068 ], [ 93.4975, 26.6149 ], [ 93.4652, 26.5716 ], [ 93.3005, 26.5755 ], [ 93.2867, 26.6377 ], [ 93.3198, 26.6519 ], [ 93.3075, 26.7009 ], [ 93.4034, 26.7558 ], [ 93.5094, 26.7634 ], [ 93.6722, 26.716 ], [ 93.65, 26.7923 ], [ 93.7112, 26.8208 ], [ 93.7453, 26.804 ], [ 93.7722, 26.847 ] ] ] } },
{ "type": "Feature", "properties": { "state": "Assam", "district": "Hailakandi" }, "geometry": { "type": "Polygon", "coordinates": [ [ [ 92.589, 24.8643 ], [ 92.6847, 24.8091 ], [ 92.6562, 24.7382 ], [ 92.6702, 24.6288 ], [ 92.6968, 24.6189 ], [ 92.6721, 24.5899 ], [ 92.7811, 24.5623 ], [ 92.6907, 24.3548 ], [ 92.6243, 24.3327 ], [ 92.6116, 24.2533 ], [ 92.5506, 24.2459 ], [ 92.5297, 24.1748 ], [ 92.466, 24.1348 ], [ 92.419, 24.1944 ], [ 92.4224, 24.2531 ], [ 92.5007, 24.4023 ], [ 92.5192, 24.5693 ], [ 92.4972, 24.6817 ], [ 92.589, 24.8643 ] ] ] } },
{ "type": "Feature", "properties": { "state": "Assam", "district": "Jorhat" }, "geometry": { "type": "Polygon", "coordinates": [ [ [ 94.5693, 27.1828 ], [ 94.5946, 27.1495 ], [ 94.5455, 27.0784 ], [ 94.4008, 26.9621 ], [ 94.4812, 26.9384 ], [ 94.5155, 26.7795 ], [ 94.6047, 26.7172 ], [ 94.4645, 26.6675 ], [ 94.4625, 26.6355 ], [ 94.4079, 26.6143 ], [ 94.3995, 26.5323 ], [ 94.3165, 26.4629 ], [ 94.2823, 26.5635 ], [ 94.1865, 26.4605 ], [ 94.1677, 26.3533 ], [ 94.138, 26.3544 ], [ 94.099, 26.4958 ], [ 94.1168, 26.5601 ], [ 94.073, 26.6008 ], [ 94.098, 26.645 ], [ 94.0493, 26.6794 ], [ 94.0486, 26.743 ], [ 93.9753, 26.7691 ], [ 94.0107, 26.84 ], [ 93.9625, 26.9295 ], [ 94.0256, 26.9336 ], [ 94.0527, 26.9828 ], [ 94.134, 26.973 ], [ 94.2661, 27.096 ], [ 94.3128, 27.0739 ], [ 94.4178, 27.0949 ], [ 94.5693, 27.1828 ] ] ] } },
{ "type": "Feature", "properties": { "state": "Assam", "district": "Kamrup" }, "geometry": { "type": "Polygon", "coordinates": [ [ [ 91.5954, 26.5551 ], [ 91.6885, 26.4622 ], [ 91.7802, 26.4951 ], [ 91.7706, 26.4328 ], [ 91.8212, 26.3649 ], [ 91.7498, 26.2089 ], [ 91.6373, 26.1899 ], [ 91.6364, 26.1233 ], [ 91.7701, 26.0961 ], [ 91.7264, 26.0469 ], [ 91.7139, 25.9472 ], [ 91.6515, 25.9077 ], [ 91.6112, 25.9399 ], [ 91.6322, 26.0224 ], [ 91.5758, 26.0331 ], [ 91.5016, 25.9208 ], [ 91.5313, 25.9237 ], [ 91.4748, 25.8712 ], [ 91.5297, 25.8897 ], [ 91.5254, 25.8729 ], [ 91.3336, 25.8388 ], [ 91.2756, 25.7469 ], [ 91.2239, 25.7234 ], [ 91.192, 25.7296 ], [ 91.1799, 25.7763 ], [ 91.1965, 25.859 ], [ 91.0008, 25.8223 ], [ 91.0975, 26.0098 ], [ 90.9356, 26.0943 ], [ 91.0905, 26.1644 ], [ 91.2335, 26.1829 ], [ 91.4129, 26.1371 ], [ 91.4122, 26.2614 ], [ 91.4505, 26.2735 ], [ 91.4471, 26.3138 ], [ 91.5333, 26.3345 ], [ 91.5584, 26.5213 ], [ 91.5954, 26.5551 ] ] ] } },
{ "type": "Feature", "properties": { "state": "Assam", "district": "Kamrup Metropolitan" }, "geometry": { "type": "Polygon", "coordinates": [ [ [ 91.6373, 26.1899 ], [ 91.8753, 26.2168 ], [ 91.9534, 26.255 ], [ 91.9974, 26.2058 ], [ 92.0461, 26.2148 ], [ 92.1681, 26.1649 ], [ 92.1783, 26.0795 ], [ 91.9196, 26.0001 ], [ 91.8702, 26.0522 ], [ 91.8758, 26.0977 ], [ 91.8193, 26.1187 ], [ 91.7721, 26.0845 ], [ 91.7654, 26.108 ], [ 91.6364, 26.1233 ], [ 91.6373, 26.1899 ] ] ] } },
{ "type": "Feature", "properties": { "state": "Assam", "district": "Karbi Anglong" }, "geometry": { "type": "MultiPolygon", "coordinates": [ [ [ [ 93.0775, 25.7797 ], [ 92.9919, 25.8261 ], [ 92.9853, 25.7861 ], [ 92.9668, 25.8193 ], [ 92.9306, 25.8103 ], [ 92.9213, 25.7735 ], [ 92.8214, 25.7425 ], [ 92.7465, 25.6 ], [ 92.6483, 25.5924 ], [ 92.5875, 25.553 ], [ 92.5576, 25.612 ], [ 92.5017, 25.6229 ], [ 92.4343, 25.6875 ], [ 92.4332, 25.7315 ], [ 92.3851, 25.7536 ], [ 92.1607, 25.6719 ], [ 92.1531, 25.8127 ], [ 92.2255, 25.907 ], [ 92.1637, 25.9118 ], [ 92.1563, 25.9448 ], [ 92.3862, 26.1415 ], [ 92.43, 26.1122 ], [ 92.5211, 26.1521 ], [ 92.5217, 26.1037 ], [ 92.5742, 26.1158 ], [ 92.5976, 26.0783 ], [ 92.5588, 25.9661 ], [ 92.6694, 26.0303 ], [ 92.7126, 26.0204 ], [ 92.718, 26.0589 ], [ 92.7513, 26.0634 ], [ 92.7834, 26.0119 ], [ 92.7644, 25.9642 ], [ 92.8082, 25.9597 ], [ 92.804, 25.9211 ], [ 92.8581, 25.9244 ], [ 92.871, 25.869 ], [ 92.9863, 25.8779 ], [ 93.0775, 25.7797 ] ] ], [ [ [ 93.3225, 25.5332 ], [ 93.2125, 25.5473 ], [ 93.1728, 25.5985 ], [ 93.191, 25.6322 ], [ 93.1387, 25.672 ], [ 93.1446, 25.716 ], [ 93.2277, 25.7346 ], [ 93.2508, 25.8109 ], [ 93.1447, 26.0167 ], [ 93.0955, 26.0349 ], [ 93.1072, 26.0779 ], [ 92.9363, 26.1408 ], [ 92.9429, 26.2033 ], [ 92.8017, 26.2045 ], [ 92.798, 26.2239 ], [ 92.8275, 26.2259 ], [ 92.8486, 26.3067 ], [ 92.8828, 26.288 ], [ 92.9425, 26.3292 ], [ 92.9124, 26.3597 ], [ 92.9272, 26.3828 ], [ 92.8836, 26.3817 ], [ 92.9035, 26.4016 ], [ 93.1173, 26.4432 ], [ 93.1269, 26.4998 ], [ 93.1043, 26.4625 ], [ 93.0662, 26.4801 ], [ 93.0915, 26.5026 ], [ 93.0107, 26.4846 ], [ 93.0452, 26.5379 ], [ 93.1193, 26.5317 ], [ 93.1875, 26.5702 ], [ 93.2123, 26.5588 ], [ 93.1651, 26.5243 ], [ 93.1959, 26.5382 ], [ 93.2178, 26.51 ], [ 93.2359, 26.538 ], [ 93.2937, 26.5052 ], [ 93.2395, 26.5519 ], [ 93.2523, 26.5709 ], [ 93.4652, 26.5716 ], [ 93.4975, 26.6149 ], [ 93.588, 26.6068 ], [ 93.5869, 26.5717 ], [ 93.6222, 26.5681 ], [ 93.6366, 26.6002 ], [ 93.7227, 26.607 ], [ 93.8019, 26.4139 ], [ 93.7764, 26.3877 ], [ 93.8327, 26.4208 ], [ 93.8943, 26.3763 ], [ 93.8843, 26.2763 ], [ 93.7828, 26.0431 ], [ 93.8044, 25.9807 ], [ 93.6877, 25.9094 ], [ 93.7055, 25.8486 ], [ 93.5732, 25.7608 ], [ 93.4999, 25.6565 ], [ 93.4275, 25.6315 ], [ 93.3225, 25.5332 ] ] ] ] } },
{ "type": "Feature", "properties": { "state": "Assam", "district": "Karimganj" }, "geometry": { "type": "Polygon", "coordinates": [ [ [ 92.2157, 24.5077 ], [ 92.2959, 24.7366 ], [ 92.2348, 24.8615 ], [ 92.2452, 24.9102 ], [ 92.3007, 24.9157 ], [ 92.3923, 24.8512 ], [ 92.589, 24.8643 ], [ 92.4972, 24.6817 ], [ 92.5192, 24.5693 ], [ 92.5007, 24.4023 ], [ 92.4256, 24.2521 ], [ 92.2129, 24.2493 ], [ 92.2725, 24.3793 ], [ 92.2157, 24.5077 ] ] ] } },
{ "type": "Feature", "properties": { "state": "Assam", "district": "Kokrajhar" }, "geometry": { "type": "Polygon", "coordinates": [ [ [ 89.8695, 26.4484 ], [ 89.8629, 26.7374 ], [ 90.0492, 26.7307 ], [ 90.1946, 26.7734 ], [ 90.2302, 26.8591 ], [ 90.3002, 26.8484 ], [ 90.3564, 26.901 ], [ 90.4165, 26.9047 ], [ 90.5459, 26.8169 ], [ 90.6339, 26.794 ], [ 90.6432, 26.7803 ], [ 90.5877, 26.7712 ], [ 90.5232, 26.6651 ], [ 90.5721, 26.5318 ], [ 90.3535, 26.5464 ], [ 90.3774, 26.486 ], [ 90.4576, 26.485 ], [ 90.444, 26.346 ], [ 90.3381, 26.4133 ], [ 90.2828, 26.3218 ], [ 90.2169, 26.3295 ], [ 90.2241, 26.3855 ], [ 90.0506, 26.2969 ], [ 89.9854, 26.3456 ], [ 89.9115, 26.3389 ], [ 89.8742, 26.3021 ], [ 89.762, 26.3171 ], [ 89.8573, 26.3845 ], [ 89.8273, 26.3965 ], [ 89.8695, 26.4484 ] ] ] } },
{ "type": "Feature", "properties": { "state": "Assam", "district": "Lakhimpur" }, "geometry": { "type": "Polygon", "coordinates": [ [ [ 93.8086, 27.1518 ], [ 94.2597, 27.5235 ], [ 94.2801, 27.5043 ], [ 94.3046, 27.4002 ], [ 94.2469, 27.3933 ], [ 94.3007, 27.3502 ], [ 94.4913, 27.3517 ], [ 94.5279, 27.3068 ], [ 94.561, 27.3257 ], [ 94.5981, 27.2861 ], [ 94.5794, 27.1966 ], [ 94.5086, 27.1246 ], [ 94.4836, 27.1417 ], [ 94.4178, 27.0949 ], [ 94.3128, 27.0739 ], [ 94.2661, 27.096 ], [ 94.134, 26.973 ], [ 94.0527, 26.9828 ], [ 94.0256, 26.9336 ], [ 93.9228, 26.93 ], [ 93.8927, 26.8682 ], [ 93.7893, 26.8335 ], [ 93.7045, 27.0066 ], [ 93.835, 27.075 ], [ 93.8086, 27.1518 ] ] ] } },
{ "type": "Feature", "properties": { "state": "Assam", "district": "Morigaon" }, "geometry": { "type": "Polygon", "coordinates": [ [ [ 91.9534, 26.255 ], [ 92.043, 26.2769 ], [ 92.1625, 26.4184 ], [ 92.22, 26.4184 ], [ 92.3832, 26.5187 ], [ 92.445, 26.4745 ], [ 92.4647, 26.3743 ], [ 92.5674, 26.3812 ], [ 92.54, 26.2955 ], [ 92.451, 26.2639 ], [ 92.427, 26.1534 ], [ 92.2737, 26.065 ], [ 92.1789, 26.0692 ], [ 92.1681, 26.1649 ], [ 92.0461, 26.2148 ], [ 91.9974, 26.2058 ], [ 91.9534, 26.255 ] ] ] } },
{ "type": "Feature", "properties": { "state": "Assam", "district": "Nagaon" }, "geometry": { "type": "Polygon", "coordinates": [ [ [ 93.1446, 25.716 ], [ 93.131, 25.7643 ], [ 93.0705, 25.7699 ], [ 92.9863, 25.8779 ], [ 92.871, 25.869 ], [ 92.8581, 25.9244 ], [ 92.804, 25.9211 ], [ 92.8082, 25.9597 ], [ 92.7644, 25.9642 ], [ 92.7834, 26.0119 ], [ 92.7513, 26.0634 ], [ 92.5718, 25.9628 ], [ 92.5507, 25.9722 ], [ 92.5976, 26.0783 ], [ 92.5742, 26.1158 ], [ 92.5217, 26.1037 ], [ 92.5211, 26.1521 ], [ 92.4042, 26.1196 ], [ 92.451, 26.2639 ], [ 92.54, 26.2955 ], [ 92.5674, 26.3812 ], [ 92.4518, 26.3846 ], [ 92.4535, 26.4591 ], [ 92.4138, 26.517 ], [ 92.5787, 26.5019 ], [ 92.7248, 26.5372 ], [ 92.7535, 26.5139 ], [ 92.7715, 26.5583 ], [ 92.9516, 26.6208 ], [ 93.1137, 26.577 ], [ 93.2164, 26.6282 ], [ 93.2451, 26.6864 ], [ 93.3075, 26.7009 ], [ 93.3048, 26.5834 ], [ 93.2381, 26.5544 ], [ 93.2775, 26.5448 ], [ 93.2981, 26.5065 ], [ 93.2359, 26.538 ], [ 93.2178, 26.51 ], [ 93.1959, 26.5382 ], [ 93.1651, 26.5243 ], [ 93.2123, 26.5588 ], [ 93.1875, 26.5702 ], [ 93.1193, 26.5317 ], [ 93.0452, 26.5379 ], [ 93.0107, 26.4846 ], [ 93.0915, 26.5026 ], [ 93.0662, 26.4801 ], [ 93.1043, 26.4625 ], [ 93.1269, 26.4998 ], [ 93.1173, 26.4432 ], [ 92.9035, 26.4016 ], [ 92.8836, 26.3817 ], [ 92.9272, 26.3828 ], [ 92.9124, 26.3597 ], [ 92.9425, 26.3292 ], [ 92.8828, 26.288 ], [ 92.8486, 26.3067 ], [ 92.8275, 26.2259 ], [ 92.798, 26.2239 ], [ 92.9429, 26.2033 ], [ 92.9363, 26.1408 ], [ 93.1072, 26.0779 ], [ 93.0955, 26.0349 ], [ 93.1447, 26.0167 ], [ 93.2508, 25.8109 ], [ 93.2225, 25.7285 ], [ 93.1446, 25.716 ] ] ] } },
{ "type": "Feature", "properties": { "state": "Assam", "district": "Nalbari" }, "geometry": { "type": "Polygon", "coordinates": [ [ [ 91.2499, 26.5352 ], [ 91.3103, 26.5792 ], [ 91.2926, 26.5089 ], [ 91.3136, 26.4922 ], [ 91.4625, 26.5817 ], [ 91.4986, 26.5313 ], [ 91.5465, 26.5763 ], [ 91.5938, 26.5614 ], [ 91.5557, 26.5149 ], [ 91.5333, 26.3345 ], [ 91.4471, 26.3138 ], [ 91.4505, 26.2735 ], [ 91.4122, 26.2614 ], [ 91.4129, 26.1371 ], [ 91.2543, 26.1639 ], [ 91.2146, 26.2215 ], [ 91.2393, 26.2573 ], [ 91.2152, 26.2686 ], [ 91.2605, 26.2913 ], [ 91.2758, 26.3415 ], [ 91.2321, 26.4404 ], [ 91.2655, 26.4878 ], [ 91.2499, 26.5352 ] ] ] } },
{ "type": "Feature", "properties": { "state": "Assam", "district": "Sivasagar" }, "geometry": { "type": "Polygon", "coordinates": [ [ [ 95.3713, 27.1114 ], [ 95.2482, 27.0303 ], [ 95.1955, 27.0429 ], [ 95.0213, 26.9254 ], [ 94.8945, 26.9373 ], [ 94.8022, 26.8061 ], [ 94.6283, 26.7186 ], [ 94.5155, 26.7795 ], [ 94.4812, 26.9384 ], [ 94.4013, 26.9559 ], [ 94.5455, 27.0784 ], [ 94.6453, 27.2509 ], [ 94.6983, 27.2753 ], [ 94.7197, 27.249 ], [ 94.7511, 27.2765 ], [ 94.7413, 27.2498 ], [ 94.7783, 27.2432 ], [ 94.757, 27.1556 ], [ 94.8133, 27.1037 ], [ 94.8422, 27.0996 ], [ 94.9692, 27.2337 ], [ 94.989, 27.1514 ], [ 95.1645, 27.1323 ], [ 95.1842, 27.1672 ], [ 95.2888, 27.2025 ], [ 95.3589, 27.1735 ], [ 95.3713, 27.1114 ] ] ] } },
{ "type": "Feature", "properties": { "state": "Assam", "district": "Sonitpur" }, "geometry": { "type": "Polygon", "coordinates": [ [ [ 92.6455, 26.9874 ], [ 92.6589, 27.0385 ], [ 92.8724, 27.0077 ], [ 93.0194, 26.9168 ], [ 93.3479, 26.9632 ], [ 93.4894, 26.9385 ], [ 93.6983, 26.9948 ], [ 93.7889, 26.8608 ], [ 93.7453, 26.804 ], [ 93.7112, 26.8208 ], [ 93.65, 26.7923 ], [ 93.6722, 26.716 ], [ 93.5094, 26.7634 ], [ 93.4034, 26.7558 ], [ 93.2451, 26.6864 ], [ 93.2164, 26.6282 ], [ 93.1137, 26.577 ], [ 92.9516, 26.6208 ], [ 92.7715, 26.5583 ], [ 92.7535, 26.5139 ], [ 92.7248, 26.5372 ], [ 92.5787, 26.5019 ], [ 92.3256, 26.5109 ], [ 92.3833, 26.5362 ], [ 92.3224, 26.6155 ], [ 92.3591, 26.9261 ], [ 92.4596, 26.9633 ], [ 92.5852, 26.9619 ], [ 92.6455, 26.9874 ] ] ] } },
{ "type": "Feature", "properties": { "state": "Assam", "district": "Tinsukia" }, "geometry": { "type": "Polygon", "coordinates": [ [ [ 95.8814, 27.5458 ], [ 95.8493, 27.4303 ], [ 95.8887, 27.4441 ], [ 95.8931, 27.406 ], [ 95.9168, 27.4432 ], [ 95.9778, 27.4355 ], [ 96.0209, 27.3713 ], [ 95.894, 27.263 ], [ 95.8063, 27.2917 ], [ 95.5992, 27.2296 ], [ 95.5348, 27.2706 ], [ 95.491, 27.2487 ], [ 95.4734, 27.2689 ], [ 95.4577, 27.2381 ], [ 95.4735, 27.3702 ], [ 95.2661, 27.4118 ], [ 95.2207, 27.4629 ], [ 95.2776, 27.578 ], [ 95.3214, 27.5925 ], [ 95.276, 27.6872 ], [ 95.4199, 27.7432 ], [ 95.5262, 27.8979 ], [ 95.6067, 27.9578 ], [ 95.9775, 27.9685 ], [ 95.7582, 27.7311 ], [ 95.7965, 27.6881 ], [ 95.7871, 27.6234 ], [ 95.8814, 27.5458 ] ] ] } },
{ "type": "Feature", "properties": { "state": "Assam", "district": "Udalguri" }, "geometry": { "type": "Polygon", "coordinates": [ [ [ 92.017, 26.8501 ], [ 92.3644, 26.9327 ], [ 92.332, 26.8368 ], [ 92.3341, 26.6689 ], [ 92.3036, 26.6719 ], [ 92.2702, 26.5923 ], [ 92.2454, 26.582 ], [ 92.1894, 26.6688 ], [ 92.0483, 26.5925 ], [ 92.0609, 26.5455 ], [ 92.099, 26.551 ], [ 92.0901, 26.4848 ], [ 92.0152, 26.5674 ], [ 91.9305, 26.5747 ], [ 91.7837, 26.4981 ], [ 91.7017, 26.8118 ], [ 91.8239, 26.8644 ], [ 91.8591, 26.9137 ], [ 92.017, 26.8501 ] ] ] } },
{ "type": "Feature", "properties": { "state": "Bihar", "district": "Araria" }, "geometry": { "type": "Polygon", "coordinates": [ [ [ 87.6894, 26.1976 ], [ 87.6648, 26.0831 ], [ 87.6226, 26.0843 ], [ 87.6187, 26.0262 ], [ 87.5109, 25.9708 ], [ 87.4187, 25.9908 ], [ 87.3851, 25.9547 ], [ 87.2611, 25.9842 ], [ 87.2171, 25.943 ], [ 87.0748, 25.9606 ], [ 87.0529, 25.9863 ], [ 87.1066, 26.0386 ], [ 87.0786, 26.0679 ], [ 87.104, 26.0968 ], [ 87.0532, 26.1094 ], [ 87.1048, 26.1853 ], [ 87.0751, 26.1889 ], [ 87.0618, 26.2964 ], [ 87.0315, 26.3202 ], [ 87.0679, 26.3771 ], [ 87.0473, 26.587 ], [ 87.0743, 26.5855 ], [ 87.0939, 26.45 ], [ 87.165, 26.4038 ], [ 87.2504, 26.4136 ], [ 87.2684, 26.3736 ], [ 87.3434, 26.3475 ], [ 87.3713, 26.4078 ], [ 87.4691, 26.4401 ], [ 87.5897, 26.3818 ], [ 87.6084, 26.3806 ], [ 87.6146, 26.3898 ], [ 87.6309, 26.3936 ], [ 87.6458, 26.3933 ], [ 87.5987, 26.3512 ], [ 87.6504, 26.3058 ], [ 87.6894, 26.1976 ] ] ] } },
{ "type": "Feature", "properties": { "state": "Bihar", "district": "Arwal" }, "geometry": { "type": "Polygon", "coordinates": [ [ [ 84.7315, 25.0579 ], [ 84.6786, 25.1041 ], [ 84.6243, 25.0836 ], [ 84.6157, 25.1073 ], [ 84.5852, 25.0743 ], [ 84.5624, 25.1198 ], [ 84.4701, 25.0915 ], [ 84.4402, 25.1296 ], [ 84.4839, 25.1888 ], [ 84.6198, 25.2362 ], [ 84.6972, 25.3165 ], [ 84.7168, 25.2896 ], [ 84.6824, 25.2567 ], [ 84.7804, 25.2539 ], [ 84.717, 25.2051 ], [ 84.849, 25.2288 ], [ 84.8745, 25.122 ], [ 84.8702, 25.0648 ], [ 84.7315, 25.0579 ] ] ] } },
{ "type": "Feature", "properties": { "state": "Bihar", "district": "Aurangabad" }, "geometry": { "type": "Polygon", "coordinates": [ [ [ 84.4402, 25.1296 ], [ 84.4701, 25.0915 ], [ 84.5624, 25.1198 ], [ 84.5852, 25.0743 ], [ 84.6157, 25.1073 ], [ 84.6243, 25.0836 ], [ 84.6786, 25.1041 ], [ 84.7317, 25.0721 ], [ 84.6963, 25.0386 ], [ 84.746, 25.015 ], [ 84.7299, 24.9599 ], [ 84.7042, 24.9577 ], [ 84.6975, 24.9046 ], [ 84.6328, 24.8782 ], [ 84.7256, 24.7957 ], [ 84.7153, 24.7012 ], [ 84.5963, 24.6568 ], [ 84.5392, 24.5278 ], [ 84.4821, 24.5144 ], [ 84.397, 24.5726 ], [ 84.3217, 24.4898 ], [ 84.293, 24.566 ], [ 84.2571, 24.5308 ], [ 84.1999, 24.557 ], [ 84.1729, 24.5471 ], [ 84.1793, 24.5104 ], [ 84.1461, 24.5403 ], [ 84.1098, 24.4814 ], [ 84.0467, 24.6123 ], [ 83.9922, 24.638 ], [ 84.0974, 24.7891 ], [ 84.4402, 25.1296 ] ] ] } },
{ "type": "Feature", "properties": { "state": "Bihar", "district": "Banka" }, "geometry": { "type": "Polygon", "coordinates": [ [ [ 86.6875, 25.118 ], [ 87.0563, 25.1045 ], [ 87.1738, 25.058 ], [ 87.1442, 25.018 ], [ 87.151, 24.8584 ], [ 87.0786, 24.8223 ], [ 87.0967, 24.8015 ], [ 87.0505, 24.6068 ], [ 86.9301, 24.6428 ], [ 86.8981, 24.5865 ], [ 86.9112, 24.5387 ], [ 86.8003, 24.5646 ], [ 86.7771, 24.6198 ], [ 86.7316, 24.5758 ], [ 86.6559, 24.5632 ], [ 86.6069, 24.5944 ], [ 86.6073, 24.6627 ], [ 86.558, 24.6914 ], [ 86.5398, 24.7715 ], [ 86.4894, 24.7581 ], [ 86.5296, 24.858 ], [ 86.4815, 24.9073 ], [ 86.4866, 24.9714 ], [ 86.5246, 24.9836 ], [ 86.5797, 24.9453 ], [ 86.637, 24.9745 ], [ 86.6875, 25.118 ] ] ] } },
{ "type": "Feature", "properties": { "state": "Bihar", "district": "Begusarai" }, "geometry": { "type": "Polygon", "coordinates": [ [ [ 86.4096, 25.3948 ], [ 86.2263, 25.2577 ], [ 86.1463, 25.2589 ], [ 86.0628, 25.3199 ], [ 86.0447, 25.3911 ], [ 86.0119, 25.3584 ], [ 85.9486, 25.4155 ], [ 85.8803, 25.4234 ], [ 85.8787, 25.5024 ], [ 85.7975, 25.5475 ], [ 85.7284, 25.5272 ], [ 85.7382, 25.5593 ], [ 85.7679, 25.5888 ], [ 85.8358, 25.5768 ], [ 85.8203, 25.6184 ], [ 85.8641, 25.6662 ], [ 85.8692, 25.6373 ], [ 85.9386, 25.6532 ], [ 86.0124, 25.5917 ], [ 86.0107, 25.7242 ], [ 86.1295, 25.7364 ], [ 86.0982, 25.7739 ], [ 86.1442, 25.7658 ], [ 86.1413, 25.7113 ], [ 86.1748, 25.7124 ], [ 86.1867, 25.663 ], [ 86.2881, 25.6384 ], [ 86.2768, 25.546 ], [ 86.3244, 25.4913 ], [ 86.419, 25.5003 ], [ 86.5088, 25.4146 ], [ 86.4096, 25.3948 ] ] ] } },
{ "type": "Feature", "properties": { "state": "Bihar", "district": "Bhagalpur" }, "geometry": { "type": "Polygon", "coordinates": [ [ [ 87.1646, 25.0589 ], [ 87.0563, 25.1045 ], [ 86.7994, 25.0943 ], [ 86.6781, 25.1195 ], [ 86.729, 25.184 ], [ 86.6729, 25.192 ], [ 86.6326, 25.2379 ], [ 86.7605, 25.2681 ], [ 86.7788, 25.3245 ], [ 86.8505, 25.3626 ], [ 86.8232, 25.4585 ], [ 86.9195, 25.4938 ], [ 86.9678, 25.4631 ], [ 87.067, 25.4693 ], [ 87.096, 25.5143 ], [ 87.0839, 25.4411 ], [ 87.2253, 25.4513 ], [ 87.1988, 25.4149 ], [ 87.2713, 25.3694 ], [ 87.2608, 25.3511 ], [ 87.2894, 25.3983 ], [ 87.3623, 25.4227 ], [ 87.4404, 25.3614 ], [ 87.5474, 25.3309 ], [ 87.5397, 25.2816 ], [ 87.4815, 25.2952 ], [ 87.4722, 25.1947 ], [ 87.3235, 25.2231 ], [ 87.2911, 25.0893 ], [ 87.2506, 25.1059 ], [ 87.1646, 25.0589 ] ] ] } },
{ "type": "Feature", "properties": { "state": "Bihar", "district": "Bhojpur" }, "geometry": { "type": "Polygon", "coordinates": [ [ [ 84.7702, 25.4481 ], [ 84.6198, 25.2362 ], [ 84.4578, 25.1624 ], [ 84.3131, 25.2166 ], [ 84.3284, 25.299 ], [ 84.2673, 25.361 ], [ 84.3537, 25.4658 ], [ 84.3236, 25.5187 ], [ 84.3448, 25.6405 ], [ 84.3207, 25.6572 ], [ 84.3812, 25.7343 ], [ 84.4019, 25.6995 ], [ 84.4488, 25.7145 ], [ 84.4884, 25.6779 ], [ 84.5246, 25.6844 ], [ 84.5359, 25.7265 ], [ 84.5523, 25.684 ], [ 84.5556, 25.7364 ], [ 84.5955, 25.7391 ], [ 84.6229, 25.7071 ], [ 84.8456, 25.6968 ], [ 84.8172, 25.6718 ], [ 84.8109, 25.5763 ], [ 84.7516, 25.5116 ], [ 84.7702, 25.4481 ] ] ] } },
{ "type": "Feature", "properties": { "state": "Bihar", "district": "Buxar" }, "geometry": { "type": "Polygon", "coordinates": [ [ [ 84.3812, 25.7343 ], [ 84.3207, 25.6572 ], [ 84.3448, 25.6405 ], [ 84.3236, 25.5187 ], [ 84.3537, 25.4658 ], [ 84.2766, 25.3637 ], [ 84.0379, 25.3756 ], [ 84.0502, 25.2986 ], [ 84.0082, 25.2634 ], [ 83.7719, 25.369 ], [ 83.7927, 25.4302 ], [ 83.8394, 25.4388 ], [ 83.8123, 25.4679 ], [ 83.8511, 25.4737 ], [ 83.921, 25.5617 ], [ 84.0765, 25.6375 ], [ 84.0944, 25.7204 ], [ 84.1482, 25.731 ], [ 84.2029, 25.6696 ], [ 84.2856, 25.6615 ], [ 84.3186, 25.6719 ], [ 84.3313, 25.7446 ], [ 84.3812, 25.7343 ] ] ] } },
{ "type": "Feature", "properties": { "state": "Bihar", "district": "Darbhanga" }, "geometry": { "type": "Polygon", "coordinates": [ [ [ 86.0149, 26.2019 ], [ 86.1019, 26.197 ], [ 86.1421, 26.2404 ], [ 86.2335, 26.2327 ], [ 86.2328, 26.202 ], [ 86.319, 26.1536 ], [ 86.3116, 26.1065 ], [ 86.3699, 26.0448 ], [ 86.3701, 25.9605 ], [ 86.3996, 25.9313 ], [ 86.3577, 25.9378 ], [ 86.3037, 25.8673 ], [ 86.2599, 25.9081 ], [ 86.1555, 25.8802 ], [ 86.0319, 25.9479 ], [ 85.9124, 25.9563 ], [ 85.838, 26.0368 ], [ 85.7218, 26.0377 ], [ 85.7058, 26.0995 ], [ 85.7463, 26.1453 ], [ 85.6879, 26.2588 ], [ 85.7234, 26.345 ], [ 85.6648, 26.3551 ], [ 85.7092, 26.3604 ], [ 85.6804, 26.4043 ], [ 85.7018, 26.4473 ], [ 85.8258, 26.3919 ], [ 85.8045, 26.3101 ], [ 85.8276, 26.2835 ], [ 85.9802, 26.326 ], [ 86.0357, 26.2402 ], [ 86.0149, 26.2019 ] ] ] } },
{ "type": "Feature", "properties": { "state": "Bihar", "district": "Gaya" }, "geometry": { "type": "Polygon", "coordinates": [ [ [ 84.6974, 25.0469 ], [ 84.8798, 25.0678 ], [ 84.9311, 24.9813 ], [ 85.0448, 25.0355 ], [ 85.0999, 25.0005 ], [ 85.1831, 25.074 ], [ 85.1948, 25.0342 ], [ 85.2281, 25.0554 ], [ 85.2436, 25.0091 ], [ 85.2595, 25.0349 ], [ 85.3558, 25.0191 ], [ 85.3892, 24.9663 ], [ 85.3759, 24.8985 ], [ 85.3305, 24.8829 ], [ 85.263, 24.7505 ], [ 85.3255, 24.7124 ], [ 85.3197, 24.6684 ], [ 85.2888, 24.6723 ], [ 85.3188, 24.65 ], [ 85.2967, 24.6334 ], [ 85.3113, 24.5621 ], [ 85.3828, 24.5325 ], [ 85.2825, 24.5267 ], [ 85.282, 24.4972 ], [ 85.1529, 24.4641 ], [ 85.1694, 24.4295 ], [ 85.0894, 24.3792 ], [ 85.0655, 24.3868 ], [ 85.0762, 24.4399 ], [ 84.9479, 24.3718 ], [ 84.8944, 24.375 ], [ 84.8802, 24.4628 ], [ 84.8344, 24.4525 ], [ 84.8326, 24.5115 ], [ 84.7953, 24.5295 ], [ 84.6789, 24.4563 ], [ 84.6583, 24.3937 ], [ 84.5725, 24.4123 ], [ 84.5215, 24.3763 ], [ 84.4935, 24.287 ], [ 84.3822, 24.3897 ], [ 84.3359, 24.3958 ], [ 84.2853, 24.4659 ], [ 84.3634, 24.5106 ], [ 84.3875, 24.5677 ], [ 84.4311, 24.5733 ], [ 84.4821, 24.5144 ], [ 84.5392, 24.5278 ], [ 84.5963, 24.6568 ], [ 84.7153, 24.7012 ], [ 84.7256, 24.7957 ], [ 84.6328, 24.8782 ], [ 84.7091, 24.9202 ], [ 84.746, 25.015 ], [ 84.6974, 25.0469 ] ] ] } },
{ "type": "Feature", "properties": { "state": "Bihar", "district": "Gopalganj" }, "geometry": { "type": "Polygon", "coordinates": [ [ [ 84.8015, 26.2892 ], [ 84.8939, 26.2176 ], [ 84.7466, 26.2144 ], [ 84.6781, 26.2408 ], [ 84.6479, 26.3058 ], [ 84.5824, 26.3253 ], [ 84.5478, 26.2994 ], [ 84.5227, 26.3393 ], [ 84.4273, 26.3764 ], [ 84.3566, 26.3699 ], [ 84.3572, 26.3017 ], [ 84.3139, 26.332 ], [ 84.2417, 26.3156 ], [ 84.1804, 26.3707 ], [ 84.0615, 26.3901 ], [ 84.011, 26.4485 ], [ 83.9023, 26.4503 ], [ 83.9008, 26.5137 ], [ 84.0478, 26.5435 ], [ 84.0818, 26.6429 ], [ 84.2722, 26.5994 ], [ 84.4199, 26.6377 ], [ 84.4067, 26.5853 ], [ 84.4503, 26.6335 ], [ 84.5801, 26.441 ], [ 84.6525, 26.4648 ], [ 84.801, 26.3249 ], [ 84.8015, 26.2892 ] ] ] } },
{ "type": "Feature", "properties": { "state": "Bihar", "district": "Jamui" }, "geometry": { "type": "Polygon", "coordinates": [ [ [ 86.4993, 24.9848 ], [ 86.4815, 24.9073 ], [ 86.5296, 24.858 ], [ 86.4894, 24.7581 ], [ 86.5398, 24.7715 ], [ 86.6093, 24.6074 ], [ 86.5057, 24.5177 ], [ 86.4522, 24.3686 ], [ 86.2791, 24.462 ], [ 86.3229, 24.5841 ], [ 86.1333, 24.6035 ], [ 86.1244, 24.7052 ], [ 86.0866, 24.7463 ], [ 86.0368, 24.7438 ], [ 86.0496, 24.7942 ], [ 86.0246, 24.8211 ], [ 85.9715, 24.8639 ], [ 85.8912, 24.8682 ], [ 85.8678, 24.9341 ], [ 85.8202, 24.92 ], [ 85.824, 24.9473 ], [ 85.857, 24.9459 ], [ 85.8306, 24.9855 ], [ 86.1259, 25.0013 ], [ 86.1394, 25.049 ], [ 86.2291, 24.99 ], [ 86.2355, 25.0556 ], [ 86.3645, 25.1442 ], [ 86.4122, 25.1374 ], [ 86.3779, 25.0587 ], [ 86.4993, 24.9848 ] ] ] } },
{ "type": "Feature", "properties": { "state": "Bihar", "district": "Jehanabad" }, "geometry": { "type": "Polygon", "coordinates": [ [ [ 84.8702, 25.0648 ], [ 84.8492, 25.1999 ], [ 84.8987, 25.2904 ], [ 84.9296, 25.2689 ], [ 84.998, 25.3215 ], [ 85.0176, 25.2675 ], [ 85.1142, 25.2732 ], [ 85.1293, 25.3169 ], [ 85.212, 25.2629 ], [ 85.1581, 25.2366 ], [ 85.1863, 25.1513 ], [ 85.1611, 25.1026 ], [ 85.2018, 25.1 ], [ 85.2017, 25.0559 ], [ 85.1574, 25.0699 ], [ 85.0991, 25.0003 ], [ 85.0448, 25.0355 ], [ 84.9311, 24.9813 ], [ 84.879, 25.0312 ], [ 84.8987, 25.06 ], [ 84.8702, 25.0648 ] ] ] } },
{ "type": "Feature", "properties": { "state": "Bihar", "district": "Kaimur" }, "geometry": { "type": "Polygon", "coordinates": [ [ [ 83.6946, 25.3961 ], [ 83.8768, 25.3149 ], [ 83.8922, 25.2649 ], [ 83.8006, 25.2154 ], [ 83.8187, 25.0584 ], [ 83.792, 25.009 ], [ 83.8131, 24.9906 ], [ 83.7116, 24.8372 ], [ 83.7778, 24.7604 ], [ 83.7226, 24.6561 ], [ 83.7413, 24.5779 ], [ 83.7011, 24.5433 ], [ 83.5263, 24.5429 ], [ 83.5417, 24.6246 ], [ 83.4975, 24.6517 ], [ 83.5126, 24.6834 ], [ 83.4798, 24.7378 ], [ 83.3868, 24.7842 ], [ 83.3904, 24.8331 ], [ 83.354, 24.8706 ], [ 83.3439, 25.0105 ], [ 83.3161, 25.0273 ], [ 83.3574, 25.1242 ], [ 83.3359, 25.1836 ], [ 83.5347, 25.3152 ], [ 83.6425, 25.3411 ], [ 83.6946, 25.3961 ] ] ] } },
{ "type": "Feature", "properties": { "state": "Bihar", "district": "Katihar" }, "geometry": { "type": "Polygon", "coordinates": [ [ [ 87.5474, 25.3309 ], [ 87.4404, 25.3614 ], [ 87.3623, 25.4227 ], [ 87.2894, 25.3983 ], [ 87.2608, 25.3511 ], [ 87.2713, 25.3694 ], [ 87.2158, 25.3899 ], [ 87.1988, 25.4149 ], [ 87.2287, 25.4606 ], [ 87.2023, 25.5044 ], [ 87.2618, 25.5577 ], [ 87.2462, 25.6251 ], [ 87.272, 25.6432 ], [ 87.2399, 25.7037 ], [ 87.4865, 25.6676 ], [ 87.5356, 25.6851 ], [ 87.5678, 25.6561 ], [ 87.5498, 25.6844 ], [ 87.6789, 25.6982 ], [ 87.7061, 25.7622 ], [ 87.7853, 25.7474 ], [ 87.8223, 25.7864 ], [ 87.789, 25.8424 ], [ 87.8148, 25.8559 ], [ 87.8021, 25.8815 ], [ 87.8995, 25.8598 ], [ 87.8985, 25.7698 ], [ 88.0508, 25.6858 ], [ 88.021, 25.5869 ], [ 88.0704, 25.4805 ], [ 87.926, 25.5362 ], [ 87.8792, 25.516 ], [ 87.8635, 25.4654 ], [ 87.7813, 25.4447 ], [ 87.7591, 25.405 ], [ 87.784, 25.3324 ], [ 87.855, 25.2895 ], [ 87.8228, 25.2343 ], [ 87.8366, 25.1993 ], [ 87.7833, 25.2462 ], [ 87.7078, 25.2564 ], [ 87.6842, 25.3101 ], [ 87.6069, 25.3114 ], [ 87.5801, 25.3484 ], [ 87.5474, 25.3309 ] ] ] } },
{ "type": "Feature", "properties": { "state": "Bihar", "district": "Khagaria" }, "geometry": { "type": "Polygon", "coordinates": [ [ [ 86.5026, 25.4285 ], [ 86.419, 25.5003 ], [ 86.3496, 25.4746 ], [ 86.3597, 25.5002 ], [ 86.3312, 25.4877 ], [ 86.2888, 25.5269 ], [ 86.2866, 25.6557 ], [ 86.4141, 25.7293 ], [ 86.5052, 25.6113 ], [ 86.5901, 25.596 ], [ 86.591, 25.621 ], [ 86.645, 25.6413 ], [ 86.6693, 25.6209 ], [ 86.7151, 25.6643 ], [ 86.7589, 25.6245 ], [ 86.8344, 25.6186 ], [ 86.8413, 25.531 ], [ 86.8047, 25.4709 ], [ 86.8535, 25.3674 ], [ 86.7788, 25.3245 ], [ 86.7605, 25.2681 ], [ 86.6455, 25.2723 ], [ 86.6358, 25.3977 ], [ 86.5664, 25.4939 ], [ 86.5362, 25.4933 ], [ 86.5026, 25.4285 ] ] ] } },
{ "type": "Feature", "properties": { "state": "Bihar", "district": "Kishanganj" }, "geometry": { "type": "MultiPolygon", "coordinates": [ [ [ [ 87.675, 26.1184 ], [ 87.6894, 26.1976 ], [ 87.6504, 26.3058 ], [ 87.5987, 26.3512 ], [ 87.6802, 26.4351 ], [ 87.7563, 26.4079 ], [ 87.789, 26.4677 ], [ 87.8512, 26.4362 ], [ 87.8906, 26.4864 ], [ 87.9293, 26.418 ], [ 88.0326, 26.3646 ], [ 88.0974, 26.4374 ], [ 88.1061, 26.5356 ], [ 88.1454, 26.511 ], [ 88.2312, 26.552 ], [ 88.179, 26.4906 ], [ 88.2679, 26.4218 ], [ 88.2376, 26.3754 ], [ 88.2919, 26.3539 ], [ 88.0698, 26.1757 ], [ 88.0131, 26.1409 ], [ 87.9641, 26.152 ], [ 87.9681, 26.0814 ], [ 87.9129, 26.091 ], [ 87.8421, 26.0445 ], [ 87.8268, 25.9319 ], [ 87.8047, 25.9727 ], [ 87.8594, 26.1135 ], [ 87.675, 26.1184 ] ] ], [ [ [ 88.1062, 26.536 ], [ 88.1007, 26.5361 ], [ 88.1054, 26.5394 ], [ 88.1062, 26.536 ] ] ] ] } },
{ "type": "Feature", "properties": { "state": "Bihar", "district": "Lakhisarai" }, "geometry": { "type": "Polygon", "coordinates": [ [ [ 86.0573, 25.3343 ], [ 86.1232, 25.2694 ], [ 86.1928, 25.2499 ], [ 86.3072, 25.3169 ], [ 86.3445, 25.3087 ], [ 86.3789, 25.2302 ], [ 86.4251, 25.2046 ], [ 86.4016, 25.1829 ], [ 86.4153, 25.1393 ], [ 86.3645, 25.1442 ], [ 86.2355, 25.0556 ], [ 86.2291, 24.99 ], [ 86.1394, 25.049 ], [ 86.1259, 25.0013 ], [ 85.9928, 24.9991 ], [ 85.9823, 24.9755 ], [ 85.8807, 25.0023 ], [ 85.8883, 25.0431 ], [ 85.9461, 25.0719 ], [ 85.9585, 25.1664 ], [ 85.8995, 25.2985 ], [ 85.9359, 25.3241 ], [ 86.022, 25.2933 ], [ 86.0573, 25.3343 ] ] ] } },
{ "type": "Feature", "properties": { "state": "Bihar", "district": "Madhepura" }, "geometry": { "type": "Polygon", "coordinates": [ [ [ 87.0905, 25.511 ], [ 87.067, 25.4693 ], [ 86.9678, 25.4631 ], [ 86.9195, 25.4938 ], [ 86.8502, 25.454 ], [ 86.8062, 25.4566 ], [ 86.8475, 25.5779 ], [ 86.7978, 25.6525 ], [ 86.8571, 25.6761 ], [ 86.8683, 25.7217 ], [ 86.8379, 25.7385 ], [ 86.8637, 25.8185 ], [ 86.8344, 25.8722 ], [ 86.706, 25.867 ], [ 86.6852, 25.9353 ], [ 86.629, 25.9282 ], [ 86.6015, 25.99 ], [ 86.6277, 26.0289 ], [ 86.682, 26.0357 ], [ 86.7254, 26.1197 ], [ 87.1091, 26.0484 ], [ 87.0546, 25.991 ], [ 87.0748, 25.9606 ], [ 86.9839, 25.9418 ], [ 87.034, 25.8448 ], [ 87.0038, 25.7443 ], [ 87.0457, 25.6878 ], [ 87.0233, 25.6507 ], [ 87.0501, 25.5275 ], [ 87.0905, 25.511 ] ] ] } },
{ "type": "Feature", "properties": { "state": "Bihar", "district": "Madhubani" }, "geometry": { "type": "Polygon", "coordinates": [ [ [ 86.3923, 26.0454 ], [ 86.3147, 26.0989 ], [ 86.319, 26.1536 ], [ 86.2328, 26.202 ], [ 86.2335, 26.2327 ], [ 86.1421, 26.2404 ], [ 86.1019, 26.197 ], [ 86.0721, 26.2193 ], [ 86.0342, 26.1964 ], [ 85.9802, 26.326 ], [ 85.8727, 26.2781 ], [ 85.8048, 26.2979 ], [ 85.8296, 26.3833 ], [ 85.8082, 26.4126 ], [ 85.7506, 26.4051 ], [ 85.7443, 26.4722 ], [ 85.8062, 26.4718 ], [ 85.7522, 26.4991 ], [ 85.8191, 26.5383 ], [ 85.8105, 26.6044 ], [ 85.8533, 26.6095 ], [ 85.8609, 26.5686 ], [ 85.9503, 26.6132 ], [ 85.9588, 26.649 ], [ 86.0307, 26.6664 ], [ 86.2196, 26.5881 ], [ 86.3293, 26.6193 ], [ 86.7158, 26.4335 ], [ 86.6866, 26.3733 ], [ 86.5177, 26.3073 ], [ 86.4885, 26.2694 ], [ 86.5008, 26.226 ], [ 86.3909, 26.21 ], [ 86.4056, 26.1663 ], [ 86.5208, 26.1511 ], [ 86.4538, 26.1262 ], [ 86.3923, 26.0454 ] ] ] } },
{ "type": "Feature", "properties": { "state": "Bihar", "district": "Munger" }, "geometry": { "type": "Polygon", "coordinates": [ [ [ 86.729, 25.184 ], [ 86.6508, 25.0668 ], [ 86.6611, 25.0099 ], [ 86.595, 24.9484 ], [ 86.4575, 24.9898 ], [ 86.4314, 25.0461 ], [ 86.3779, 25.0587 ], [ 86.4251, 25.2046 ], [ 86.3789, 25.2302 ], [ 86.3445, 25.3087 ], [ 86.299, 25.3032 ], [ 86.3081, 25.3346 ], [ 86.4096, 25.3948 ], [ 86.5048, 25.4095 ], [ 86.5041, 25.4518 ], [ 86.5664, 25.4939 ], [ 86.6358, 25.3977 ], [ 86.6455, 25.2723 ], [ 86.7247, 25.2538 ], [ 86.6326, 25.2379 ], [ 86.6729, 25.192 ], [ 86.729, 25.184 ] ] ] } },
{ "type": "Feature", "properties": { "state": "Bihar", "district": "Muzaffarpur" }, "geometry": { "type": "Polygon", "coordinates": [ [ [ 84.9585, 25.9962 ], [ 84.8681, 26.257 ], [ 84.8965, 26.3232 ], [ 85.0526, 26.3439 ], [ 85.1265, 26.3129 ], [ 85.1717, 26.3423 ], [ 85.196, 26.2865 ], [ 85.2541, 26.2994 ], [ 85.2671, 26.3365 ], [ 85.2138, 26.3556 ], [ 85.2357, 26.3715 ], [ 85.3279, 26.3289 ], [ 85.3639, 26.3435 ], [ 85.4089, 26.3064 ], [ 85.3933, 26.3059 ], [ 85.3876, 26.2809 ], [ 85.432, 26.2719 ], [ 85.4986, 26.3824 ], [ 85.5721, 26.395 ], [ 85.5667, 26.3657 ], [ 85.624, 26.3189 ], [ 85.7084, 26.2922 ], [ 85.692, 26.2272 ], [ 85.7463, 26.1453 ], [ 85.6901, 26.0453 ], [ 85.6169, 26.0028 ], [ 85.6256, 25.9236 ], [ 85.5031, 25.9022 ], [ 85.4021, 25.9447 ], [ 85.2853, 25.9429 ], [ 85.262, 26.0145 ], [ 85.1513, 26.0104 ], [ 85.0713, 25.9699 ], [ 84.9916, 26.0144 ], [ 84.9585, 25.9962 ] ] ] } },
{ "type": "Feature", "properties": { "state": "Bihar", "district": "Nalanda" }, "geometry": { "type": "Polygon", "coordinates": [ [ [ 85.3784, 24.9775 ], [ 85.3558, 25.0191 ], [ 85.2595, 25.0349 ], [ 85.2436, 25.0091 ], [ 85.2219, 25.0571 ], [ 85.1948, 25.0342 ], [ 85.2018, 25.1 ], [ 85.1611, 25.1026 ], [ 85.1863, 25.1513 ], [ 85.1581, 25.2366 ], [ 85.212, 25.2629 ], [ 85.1697, 25.2727 ], [ 85.1809, 25.403 ], [ 85.3562, 25.4009 ], [ 85.4125, 25.4608 ], [ 85.5711, 25.4251 ], [ 85.6464, 25.3129 ], [ 85.709, 25.3652 ], [ 85.8036, 25.292 ], [ 85.8983, 25.2939 ], [ 85.9184, 25.2441 ], [ 85.822, 25.2182 ], [ 85.7801, 25.2179 ], [ 85.7644, 25.2637 ], [ 85.6947, 25.27 ], [ 85.7212, 25.1977 ], [ 85.6894, 25.1922 ], [ 85.6804, 25.1358 ], [ 85.5993, 25.1293 ], [ 85.6541, 25.0665 ], [ 85.5521, 25.0339 ], [ 85.559, 24.9869 ], [ 85.5319, 25.0138 ], [ 85.3784, 24.9775 ] ] ] } },
{ "type": "Feature", "properties": { "state": "Bihar", "district": "Nawada" }, "geometry": { "type": "Polygon", "coordinates": [ [ [ 85.3834, 24.5352 ], [ 85.3113, 24.5621 ], [ 85.2967, 24.6334 ], [ 85.3188, 24.65 ], [ 85.2888, 24.6723 ], [ 85.3197, 24.6684 ], [ 85.3255, 24.7124 ], [ 85.2639, 24.7483 ], [ 85.2716, 24.7821 ], [ 85.3305, 24.8829 ], [ 85.3759, 24.8985 ], [ 85.3892, 24.9663 ], [ 85.5298, 25.0136 ], [ 85.559, 24.9869 ], [ 85.5521, 25.0339 ], [ 85.6505, 25.0627 ], [ 85.644, 25.1047 ], [ 85.7659, 25.0973 ], [ 85.7475, 24.9943 ], [ 85.7771, 25.0062 ], [ 85.7997, 24.9731 ], [ 85.829, 24.9942 ], [ 85.857, 24.9459 ], [ 85.824, 24.9473 ], [ 85.8212, 24.9178 ], [ 85.8774, 24.929 ], [ 85.8912, 24.8682 ], [ 85.9715, 24.8639 ], [ 86.0496, 24.7942 ], [ 85.9503, 24.7321 ], [ 85.8778, 24.8003 ], [ 85.7367, 24.8227 ], [ 85.6967, 24.7135 ], [ 85.6495, 24.687 ], [ 85.6647, 24.5819 ], [ 85.5766, 24.603 ], [ 85.5183, 24.5245 ], [ 85.4945, 24.5506 ], [ 85.3834, 24.5352 ] ] ] } },
{ "type": "Feature", "properties": { "state": "Bihar", "district": "Pashchim Champaran" }, "geometry": { "type": "Polygon", "coordinates": [ [ [ 84.5183, 26.6033 ], [ 84.4503, 26.6335 ], [ 84.4067, 26.5853 ], [ 84.4022, 26.6712 ], [ 84.3257, 26.6843 ], [ 84.298, 26.7533 ], [ 84.234, 26.7395 ], [ 84.2411, 26.8624 ], [ 84.1689, 26.8345 ], [ 84.1317, 26.8557 ], [ 84.1408, 26.8876 ], [ 84.052, 26.8917 ], [ 84.0249, 26.9427 ], [ 84.0408, 27.0447 ], [ 83.9908, 27.0686 ], [ 84.0207, 27.0955 ], [ 83.9394, 27.093 ], [ 83.9851, 27.1818 ], [ 83.898, 27.2594 ], [ 83.9236, 27.3164 ], [ 83.829, 27.3228 ], [ 83.9055, 27.3762 ], [ 83.8702, 27.4285 ], [ 84.0294, 27.4336 ], [ 84.0998, 27.5168 ], [ 84.148, 27.5186 ], [ 84.2106, 27.4423 ], [ 84.2562, 27.4519 ], [ 84.2934, 27.385 ], [ 84.6245, 27.3361 ], [ 84.6931, 27.2148 ], [ 84.6449, 27.0472 ], [ 84.7545, 27.0047 ], [ 84.6718, 26.9169 ], [ 84.7362, 26.8126 ], [ 84.6946, 26.7183 ], [ 84.6475, 26.6818 ], [ 84.5957, 26.6954 ], [ 84.5183, 26.6033 ] ] ] } },
{ "type": "Feature", "properties": { "state": "Bihar", "district": "Patna" }, "geometry": { "type": "Polygon", "coordinates": [ [ [ 85.1651, 25.3084 ], [ 85.1246, 25.3167 ], [ 85.1142, 25.2732 ], [ 85.0176, 25.2675 ], [ 84.9859, 25.3214 ], [ 84.9296, 25.2689 ], [ 84.8987, 25.2904 ], [ 84.8595, 25.217 ], [ 84.717, 25.2051 ], [ 84.7804, 25.2539 ], [ 84.6793, 25.2666 ], [ 84.7155, 25.2856 ], [ 84.6972, 25.3165 ], [ 84.7702, 25.4481 ], [ 84.7516, 25.5116 ], [ 84.8109, 25.5763 ], [ 84.8172, 25.6718 ], [ 84.8519, 25.7087 ], [ 84.9453, 25.7029 ], [ 84.9991, 25.7328 ], [ 85.08, 25.7124 ], [ 85.1256, 25.6315 ], [ 85.2365, 25.6023 ], [ 85.3115, 25.5139 ], [ 85.4985, 25.4853 ], [ 85.5312, 25.5062 ], [ 85.6318, 25.464 ], [ 85.6342, 25.5026 ], [ 85.6751, 25.4797 ], [ 85.712, 25.5262 ], [ 85.7975, 25.5475 ], [ 85.8787, 25.5024 ], [ 85.8803, 25.4234 ], [ 85.9486, 25.4155 ], [ 86.0119, 25.3584 ], [ 86.0447, 25.3911 ], [ 86.0602, 25.3549 ], [ 86.022, 25.2933 ], [ 85.9359, 25.3241 ], [ 85.8737, 25.2803 ], [ 85.8036, 25.292 ], [ 85.709, 25.3652 ], [ 85.6464, 25.3129 ], [ 85.5711, 25.4251 ], [ 85.3986, 25.4617 ], [ 85.3562, 25.4009 ], [ 85.1809, 25.403 ], [ 85.1651, 25.3084 ] ] ] } },
{ "type": "Feature", "properties": { "state": "Bihar", "district": "Purba Champaran" }, "geometry": { "type": "Polygon", "coordinates": [ [ [ 85.2684, 26.3502 ], [ 85.218, 26.3716 ], [ 85.2671, 26.3365 ], [ 85.2541, 26.2994 ], [ 85.196, 26.2865 ], [ 85.1717, 26.3423 ], [ 85.1265, 26.3129 ], [ 85.0526, 26.3439 ], [ 84.8965, 26.3232 ], [ 84.8631, 26.2568 ], [ 84.8015, 26.2892 ], [ 84.801, 26.3249 ], [ 84.6916, 26.4381 ], [ 84.6398, 26.4676 ], [ 84.5849, 26.4393 ], [ 84.5718, 26.4874 ], [ 84.5343, 26.4879 ], [ 84.4781, 26.5963 ], [ 84.5183, 26.6033 ], [ 84.5957, 26.6954 ], [ 84.6475, 26.6818 ], [ 84.7152, 26.7449 ], [ 84.7364, 26.8195 ], [ 84.6718, 26.9169 ], [ 84.7545, 27.0047 ], [ 84.8248, 27.021 ], [ 84.9645, 26.9603 ], [ 84.9698, 26.916 ], [ 85.0624, 26.8867 ], [ 85.0244, 26.8554 ], [ 85.1977, 26.8666 ], [ 85.1817, 26.7981 ], [ 85.2123, 26.7587 ], [ 85.2591, 26.7589 ], [ 85.2307, 26.6691 ], [ 85.2696, 26.63 ], [ 85.2163, 26.5053 ], [ 85.1728, 26.4901 ], [ 85.2021, 26.4284 ], [ 85.2795, 26.3969 ], [ 85.2684, 26.3502 ] ] ] } },
{ "type": "Feature", "properties": { "state": "Bihar", "district": "Purnia" }, "geometry": { "type": "Polygon", "coordinates": [ [ [ 86.9839, 25.9418 ], [ 87.2171, 25.943 ], [ 87.2611, 25.9842 ], [ 87.3851, 25.9547 ], [ 87.4187, 25.9908 ], [ 87.5109, 25.9708 ], [ 87.6187, 26.0262 ], [ 87.6226, 26.0843 ], [ 87.6648, 26.0831 ], [ 87.6999, 26.1256 ], [ 87.767, 26.0984 ], [ 87.8594, 26.1135 ], [ 87.8047, 25.9727 ], [ 87.8148, 25.8559 ], [ 87.789, 25.8424 ], [ 87.8223, 25.7864 ], [ 87.7853, 25.7474 ], [ 87.7061, 25.7622 ], [ 87.6789, 25.6982 ], [ 87.5498, 25.6844 ], [ 87.5678, 25.6561 ], [ 87.5356, 25.6851 ], [ 87.3333, 25.6816 ], [ 87.2549, 25.7169 ], [ 87.2647, 25.5651 ], [ 87.2029, 25.5061 ], [ 87.2253, 25.4513 ], [ 87.1833, 25.4398 ], [ 87.0839, 25.4411 ], [ 87.0955, 25.5196 ], [ 87.0501, 25.5275 ], [ 87.0233, 25.6507 ], [ 87.0457, 25.6878 ], [ 87.0038, 25.7443 ], [ 87.034, 25.8448 ], [ 86.9839, 25.9418 ] ] ] } },
{ "type": "Feature", "properties": { "state": "Bihar", "district": "Rohtas" }, "geometry": { "type": "Polygon", "coordinates": [ [ [ 84.4578, 25.1624 ], [ 84.4176, 25.0796 ], [ 84.3067, 25.0173 ], [ 84.0817, 24.7713 ], [ 83.9285, 24.5479 ], [ 83.7167, 24.5049 ], [ 83.4982, 24.5271 ], [ 83.7373, 24.5699 ], [ 83.7226, 24.6561 ], [ 83.7778, 24.7604 ], [ 83.7116, 24.8372 ], [ 83.8131, 24.9906 ], [ 83.792, 25.009 ], [ 83.8187, 25.0584 ], [ 83.8006, 25.2154 ], [ 83.8922, 25.2649 ], [ 83.8916, 25.2949 ], [ 84.0276, 25.2687 ], [ 84.0519, 25.3089 ], [ 84.0379, 25.3756 ], [ 84.2673, 25.361 ], [ 84.3284, 25.299 ], [ 84.3131, 25.2166 ], [ 84.4578, 25.1624 ] ] ] } },
{ "type": "Feature", "properties": { "state": "Bihar", "district": "Saharsa" }, "geometry": { "type": "Polygon", "coordinates": [ [ [ 86.3037, 25.8673 ], [ 86.3577, 25.9378 ], [ 86.375, 25.9243 ], [ 86.3996, 25.9313 ], [ 86.3701, 25.9605 ], [ 86.3699, 26.0448 ], [ 86.4465, 26.0791 ], [ 86.4785, 26.0491 ], [ 86.4981, 26.0649 ], [ 86.4814, 26.0351 ], [ 86.5093, 25.9989 ], [ 86.5449, 26.0354 ], [ 86.6277, 26.0289 ], [ 86.6112, 25.944 ], [ 86.6833, 25.9371 ], [ 86.706, 25.867 ], [ 86.8344, 25.8722 ], [ 86.8637, 25.8185 ], [ 86.8379, 25.7385 ], [ 86.8698, 25.7166 ], [ 86.8571, 25.6761 ], [ 86.7732, 25.6233 ], [ 86.7151, 25.6643 ], [ 86.6693, 25.6209 ], [ 86.645, 25.6413 ], [ 86.591, 25.621 ], [ 86.5901, 25.596 ], [ 86.5052, 25.6113 ], [ 86.4561, 25.7019 ], [ 86.3984, 25.7351 ], [ 86.4073, 25.7968 ], [ 86.3581, 25.8552 ], [ 86.3037, 25.8673 ] ] ] } },
{ "type": "Feature", "properties": { "state": "Bihar", "district": "Samastipur" }, "geometry": { "type": "Polygon", "coordinates": [ [ [ 85.8641, 25.6662 ], [ 85.8203, 25.6184 ], [ 85.8358, 25.5768 ], [ 85.7652, 25.5874 ], [ 85.6751, 25.4797 ], [ 85.6488, 25.5036 ], [ 85.6318, 25.464 ], [ 85.5323, 25.4895 ], [ 85.5254, 25.5445 ], [ 85.5509, 25.5415 ], [ 85.5268, 25.6024 ], [ 85.6219, 25.7701 ], [ 85.5942, 25.8432 ], [ 85.6304, 25.9155 ], [ 85.6169, 26.0028 ], [ 85.6901, 26.0453 ], [ 85.6967, 26.0881 ], [ 85.7218, 26.0377 ], [ 85.838, 26.0368 ], [ 85.9124, 25.9563 ], [ 86.0319, 25.9479 ], [ 86.0853, 25.8973 ], [ 86.2917, 25.9024 ], [ 86.4075, 25.7962 ], [ 86.4072, 25.7217 ], [ 86.2741, 25.6294 ], [ 86.1867, 25.663 ], [ 86.1748, 25.7124 ], [ 86.1413, 25.7113 ], [ 86.1442, 25.7658 ], [ 86.1062, 25.7768 ], [ 86.1295, 25.7364 ], [ 86.0082, 25.7199 ], [ 86.0124, 25.5917 ], [ 85.9386, 25.6532 ], [ 85.8692, 25.6373 ], [ 85.8641, 25.6662 ] ] ] } },
{ "type": "Feature", "properties": { "state": "Bihar", "district": "Saran" }, "geometry": { "type": "Polygon", "coordinates": [ [ [ 84.8456, 25.6968 ], [ 84.5912, 25.7282 ], [ 84.6306, 25.7283 ], [ 84.6005, 25.7606 ], [ 84.6202, 25.7941 ], [ 84.527, 25.8343 ], [ 84.5286, 25.8777 ], [ 84.4507, 25.8902 ], [ 84.4467, 25.9947 ], [ 84.4075, 26.0344 ], [ 84.5643, 26.035 ], [ 84.6122, 26.0944 ], [ 84.6994, 26.0843 ], [ 84.7723, 26.178 ], [ 84.7547, 26.2127 ], [ 84.8901, 26.2165 ], [ 84.9434, 26.1062 ], [ 84.9318, 26.0183 ], [ 85.0515, 25.9888 ], [ 85.1113, 25.8616 ], [ 85.1591, 25.834 ], [ 85.1944, 25.6378 ], [ 85.1256, 25.6315 ], [ 85.08, 25.7124 ], [ 85.0227, 25.7328 ], [ 84.8456, 25.6968 ] ] ] } },
{ "type": "Feature", "properties": { "state": "Bihar", "district": "Sheikhpura" }, "geometry": { "type": "Polygon", "coordinates": [ [ [ 85.8807, 25.0023 ], [ 85.7997, 24.9731 ], [ 85.7396, 25.0086 ], [ 85.767, 25.0232 ], [ 85.7517, 25.1076 ], [ 85.5971, 25.1084 ], [ 85.6804, 25.1358 ], [ 85.6894, 25.1922 ], [ 85.7212, 25.1977 ], [ 85.6947, 25.27 ], [ 85.7644, 25.2637 ], [ 85.7801, 25.2179 ], [ 85.9184, 25.2441 ], [ 85.9574, 25.1742 ], [ 85.9461, 25.0719 ], [ 85.8883, 25.0431 ], [ 85.8807, 25.0023 ] ] ] } },
{ "type": "Feature", "properties": { "state": "Bihar", "district": "Sheohar" }, "geometry": { "type": "Polygon", "coordinates": [ [ [ 85.3693, 26.3267 ], [ 85.2741, 26.3475 ], [ 85.2795, 26.3969 ], [ 85.2021, 26.4284 ], [ 85.1728, 26.4901 ], [ 85.2163, 26.5053 ], [ 85.2604, 26.6436 ], [ 85.351, 26.6362 ], [ 85.3614, 26.57 ], [ 85.3854, 26.5689 ], [ 85.3687, 26.5382 ], [ 85.4066, 26.5152 ], [ 85.4435, 26.5396 ], [ 85.4657, 26.4999 ], [ 85.4228, 26.4499 ], [ 85.4477, 26.4019 ], [ 85.3809, 26.3723 ], [ 85.3693, 26.3267 ] ] ] } },
{ "type": "Feature", "properties": { "state": "Bihar", "district": "Sitamarhi" }, "geometry": { "type": "MultiPolygon", "coordinates": [ [ [ [ 85.5721, 26.395 ], [ 85.4986, 26.3824 ], [ 85.432, 26.2719 ], [ 85.3876, 26.2809 ], [ 85.4089, 26.3064 ], [ 85.3689, 26.3174 ], [ 85.3809, 26.3723 ], [ 85.4477, 26.4019 ], [ 85.4228, 26.4499 ], [ 85.4657, 26.4999 ], [ 85.4435, 26.5396 ], [ 85.4066, 26.5152 ], [ 85.3687, 26.5382 ], [ 85.3854, 26.5689 ], [ 85.3614, 26.57 ], [ 85.351, 26.6362 ], [ 85.2307, 26.6691 ], [ 85.2486, 26.758 ], [ 85.3363, 26.7414 ], [ 85.6367, 26.8719 ], [ 85.731, 26.8078 ], [ 85.7258, 26.6739 ], [ 85.8183, 26.6038 ], [ 85.8191, 26.5383 ], [ 85.7522, 26.4991 ], [ 85.7972, 26.4626 ], [ 85.7463, 26.4745 ], [ 85.7606, 26.4369 ], [ 85.7064, 26.4493 ], [ 85.6819, 26.415 ], [ 85.7099, 26.3626 ], [ 85.6648, 26.3551 ], [ 85.7234, 26.345 ], [ 85.7164, 26.3095 ], [ 85.624, 26.3189 ], [ 85.5667, 26.3657 ], [ 85.5721, 26.395 ] ] ], [ [ [ 87.2538, 27.8447 ], [ 87.2525, 27.8429 ], [ 87.2513, 27.8431 ], [ 87.2538, 27.8447 ] ] ], [ [ [ 87.2663, 27.8495 ], [ 87.2651, 27.8504 ], [ 87.2672, 27.8501 ], [ 87.2663, 27.8495 ] ] ] ] } },
{ "type": "Feature", "properties": { "state": "Bihar", "district": "Siwan" }, "geometry": { "type": "Polygon", "coordinates": [ [ [ 84.1714, 26.374 ], [ 84.236, 26.3179 ], [ 84.3139, 26.332 ], [ 84.3483, 26.3004 ], [ 84.3566, 26.3699 ], [ 84.4496, 26.3713 ], [ 84.5478, 26.2994 ], [ 84.5824, 26.3253 ], [ 84.6479, 26.3058 ], [ 84.6781, 26.2408 ], [ 84.7483, 26.2321 ], [ 84.7723, 26.178 ], [ 84.6994, 26.0843 ], [ 84.6122, 26.0944 ], [ 84.5643, 26.035 ], [ 84.4075, 26.0344 ], [ 84.4594, 25.9198 ], [ 84.4233, 25.8924 ], [ 84.3514, 25.9593 ], [ 84.2963, 25.947 ], [ 84.2018, 26.0006 ], [ 84.1662, 25.9915 ], [ 84.1673, 26.0255 ], [ 84.0181, 26.1451 ], [ 84.0115, 26.2407 ], [ 84.0794, 26.2212 ], [ 84.113, 26.2619 ], [ 84.1593, 26.2459 ], [ 84.1714, 26.374 ] ] ] } },
{ "type": "Feature", "properties": { "state": "Bihar", "district": "Supaul" }, "geometry": { "type": "Polygon", "coordinates": [ [ [ 87.0532, 26.1094 ], [ 87.104, 26.0968 ], [ 87.086, 26.0554 ], [ 86.7254, 26.1197 ], [ 86.6724, 26.0263 ], [ 86.5449, 26.0354 ], [ 86.5093, 25.9989 ], [ 86.4814, 26.0351 ], [ 86.4981, 26.0649 ], [ 86.4195, 26.0778 ], [ 86.5198, 26.1582 ], [ 86.4056, 26.1663 ], [ 86.3896, 26.206 ], [ 86.5008, 26.226 ], [ 86.4885, 26.2694 ], [ 86.5177, 26.3073 ], [ 86.6866, 26.3733 ], [ 86.7126, 26.4358 ], [ 86.7431, 26.4243 ], [ 86.7716, 26.4591 ], [ 86.8454, 26.4399 ], [ 87.0359, 26.5566 ], [ 87.0679, 26.3771 ], [ 87.0315, 26.3202 ], [ 87.0618, 26.2964 ], [ 87.0751, 26.1889 ], [ 87.1048, 26.1853 ], [ 87.0532, 26.1094 ] ] ] } },
{ "type": "Feature", "properties": { "state": "Bihar", "district": "Vaishali" }, "geometry": { "type": "Polygon", "coordinates": [ [ [ 85.4167, 25.9403 ], [ 85.5031, 25.9022 ], [ 85.6304, 25.9155 ], [ 85.5942, 25.8432 ], [ 85.6219, 25.7701 ], [ 85.6047, 25.7077 ], [ 85.5323, 25.6185 ], [ 85.5509, 25.5415 ], [ 85.5306, 25.5513 ], [ 85.5312, 25.5062 ], [ 85.4985, 25.4853 ], [ 85.3037, 25.5163 ], [ 85.187, 25.625 ], [ 85.1591, 25.834 ], [ 85.1113, 25.8616 ], [ 85.0613, 25.9729 ], [ 85.262, 26.0145 ], [ 85.2853, 25.9429 ], [ 85.4167, 25.9403 ] ] ] } },
{ "type": "Feature", "properties": { "state": "Chandigarh", "district": "Chandigarh" }, "geometry": { "type": "Polygon", "coordinates": [ [ [ 76.8282, 30.7638 ], [ 76.8363, 30.7143 ], [ 76.7944, 30.6693 ], [ 76.6907, 30.7467 ], [ 76.7593, 30.799 ], [ 76.8282, 30.7638 ] ] ] } },
{ "type": "Feature", "properties": { "state": "Chhattisgarh", "district": "Balod" }, "geometry": { "type": "Polygon", "coordinates": [ [ [ 81.4689, 20.8685 ], [ 81.5131, 20.8223 ], [ 81.476, 20.7707 ], [ 81.4779, 20.7215 ], [ 81.5102, 20.7097 ], [ 81.4856, 20.6206 ], [ 81.507, 20.6101 ], [ 81.4685, 20.5922 ], [ 81.5103, 20.5873 ], [ 81.4393, 20.587 ], [ 81.4489, 20.5643 ], [ 81.3776, 20.5296 ], [ 81.3142, 20.5524 ], [ 81.2494, 20.4953 ], [ 81.2473, 20.441 ], [ 81.1463, 20.375 ], [ 80.9933, 20.4563 ], [ 80.9389, 20.4384 ], [ 80.9817, 20.608 ], [ 80.9309, 20.6298 ], [ 80.9358, 20.6653 ], [ 80.88, 20.6533 ], [ 80.7985, 20.7149 ], [ 80.8767, 20.8023 ], [ 80.9249, 20.775 ], [ 80.9502, 20.8226 ], [ 80.9729, 20.8112 ], [ 80.9453, 20.8425 ], [ 80.9885, 20.8843 ], [ 80.9364, 20.9486 ], [ 80.948, 21.002 ], [ 81.0921, 20.9988 ], [ 81.0988, 20.9452 ], [ 81.1614, 20.9764 ], [ 81.2062, 20.8845 ], [ 81.1766, 20.8781 ], [ 81.1842, 20.8183 ], [ 81.2803, 20.8121 ], [ 81.3241, 20.7707 ], [ 81.3858, 20.7752 ], [ 81.3858, 20.8503 ], [ 81.4689, 20.8685 ] ] ] } },
{ "type": "Feature", "properties": { "state": "Chhattisgarh", "district": "Baloda Bazar" }, "geometry": { "type": "Polygon", "coordinates": [ [ [ 82.4382, 21.7412 ], [ 82.7881, 21.7205 ], [ 82.8593, 21.6863 ], [ 82.944, 21.7195 ], [ 82.9766, 21.6333 ], [ 82.9197, 21.5487 ], [ 82.9209, 21.4877 ], [ 82.8687, 21.5479 ], [ 82.8171, 21.526 ], [ 82.821, 21.4989 ], [ 82.7651, 21.517 ], [ 82.6827, 21.4788 ], [ 82.6918, 21.3272 ], [ 82.4685, 21.3227 ], [ 82.4501, 21.2736 ], [ 82.4189, 21.3051 ], [ 82.3794, 21.2591 ], [ 82.3184, 21.2884 ], [ 82.2788, 21.2682 ], [ 82.2388, 21.3105 ], [ 82.2394, 21.3623 ], [ 82.2713, 21.3816 ], [ 82.2461, 21.4305 ], [ 82.1375, 21.3623 ], [ 82.084, 21.43 ], [ 81.9332, 21.4852 ], [ 81.9135, 21.5898 ], [ 81.8848, 21.5691 ], [ 81.8532, 21.6031 ], [ 81.7864, 21.594 ], [ 81.7806, 21.6222 ], [ 81.7413, 21.5784 ], [ 81.7004, 21.5842 ], [ 81.6531, 21.6546 ], [ 81.7162, 21.6932 ], [ 81.7011, 21.7623 ], [ 81.8418, 21.7566 ], [ 82.0311, 21.8826 ], [ 82.1184, 21.8322 ], [ 82.1777, 21.8417 ], [ 82.1941, 21.7616 ], [ 82.2838, 21.7492 ], [ 82.3251, 21.7106 ], [ 82.4382, 21.7412 ] ] ] } },
{ "type": "Feature", "properties": { "state": "Chhattisgarh", "district": "Balrampur" }, "geometry": { "type": "Polygon", "coordinates": [ [ [ 83.5151, 23.2446 ], [ 83.3636, 23.2631 ], [ 83.3487, 23.1791 ], [ 83.2125, 23.2135 ], [ 83.238, 23.231 ], [ 83.1903, 23.2689 ], [ 83.2095, 23.4081 ], [ 83.3161, 23.3762 ], [ 83.3, 23.4231 ], [ 83.351, 23.4322 ], [ 83.3035, 23.4855 ], [ 83.3251, 23.5194 ], [ 83.2332, 23.5172 ], [ 83.2664, 23.5706 ], [ 83.1892, 23.5575 ], [ 83.2021, 23.7113 ], [ 83.0891, 23.7291 ], [ 83.0131, 23.8116 ], [ 82.9369, 23.77 ], [ 82.9048, 23.7719 ], [ 82.9112, 23.8018 ], [ 82.8546, 23.7987 ], [ 82.8381, 23.7695 ], [ 82.7766, 23.8214 ], [ 82.7654, 23.8765 ], [ 82.689, 23.9195 ], [ 82.8207, 23.965 ], [ 82.9388, 23.8759 ], [ 83.0866, 23.8782 ], [ 83.1896, 23.9211 ], [ 83.3149, 24.107 ], [ 83.3833, 24.0999 ], [ 83.5096, 24.0254 ], [ 83.5428, 23.8982 ], [ 83.5762, 23.8844 ], [ 83.5612, 23.863 ], [ 83.6954, 23.8207 ], [ 83.7294, 23.7547 ], [ 83.7147, 23.6825 ], [ 83.7749, 23.5995 ], [ 83.9353, 23.563 ], [ 83.9379, 23.6224 ], [ 84.007, 23.6323 ], [ 84.0227, 23.5442 ], [ 83.9695, 23.4554 ], [ 83.9658, 23.3812 ], [ 84.0065, 23.3528 ], [ 84.0434, 23.374 ], [ 84.0703, 23.33 ], [ 84.0338, 23.1678 ], [ 83.9628, 23.1796 ], [ 83.9242, 23.1464 ], [ 83.7839, 23.2445 ], [ 83.711, 23.2041 ], [ 83.6187, 23.2159 ], [ 83.5479, 23.1733 ], [ 83.5151, 23.2446 ] ] ] } },
{ "type": "Feature", "properties": { "state": "Chhattisgarh", "district": "Bastar" }, "geometry": { "type": "Polygon", "coordinates": [ [ [ 81.9572, 18.6834 ], [ 81.9474, 18.6288 ], [ 81.8932, 18.6539 ], [ 81.7804, 18.6 ], [ 81.643, 18.605 ], [ 81.6515, 18.6457 ], [ 81.7577, 18.664 ], [ 81.7315, 18.6767 ], [ 81.7685, 18.7566 ], [ 81.7485, 18.8049 ], [ 81.704, 18.8298 ], [ 81.6419, 18.7964 ], [ 81.5478, 18.8687 ], [ 81.5474, 18.9053 ], [ 81.4593, 18.9387 ], [ 81.4627, 18.9989 ], [ 81.5218, 19.0325 ], [ 81.4916, 19.0442 ], [ 81.4871, 19.1309 ], [ 81.4016, 19.1711 ], [ 81.3308, 19.1365 ], [ 81.2552, 19.238 ], [ 81.2176, 19.2115 ], [ 81.1677, 19.2664 ], [ 81.2972, 19.3316 ], [ 81.4184, 19.2903 ], [ 81.4991, 19.2201 ], [ 81.5277, 19.2168 ], [ 81.562, 19.2762 ], [ 81.6202, 19.2247 ], [ 81.6666, 19.2419 ], [ 81.6196, 19.2878 ], [ 81.6336, 19.3433 ], [ 81.7156, 19.3706 ], [ 81.7852, 19.3482 ], [ 81.7844, 19.4456 ], [ 81.8165, 19.5052 ], [ 81.8466, 19.4663 ], [ 81.8487, 19.5452 ], [ 82.0921, 19.5098 ], [ 82.1193, 19.4239 ], [ 82.1831, 19.4176 ], [ 82.1408, 19.3619 ], [ 82.1832, 19.3197 ], [ 82.1517, 19.2655 ], [ 82.1788, 19.1589 ], [ 82.1598, 19.1265 ], [ 82.2121, 19.0905 ], [ 82.1941, 19.0602 ], [ 82.2396, 18.9105 ], [ 82.1727, 18.8953 ], [ 82.1611, 18.791 ], [ 82.0814, 18.7559 ], [ 82.0786, 18.7121 ], [ 81.9572, 18.6834 ] ] ] } },
{ "type": "Feature", "properties": { "state": "Chhattisgarh", "district": "Bemetara" }, "geometry": { "type": "Polygon", "coordinates": [ [ [ 81.9354, 21.8139 ], [ 81.8418, 21.7566 ], [ 81.6949, 21.7584 ], [ 81.7162, 21.6932 ], [ 81.6531, 21.6546 ], [ 81.6913, 21.6022 ], [ 81.6383, 21.5443 ], [ 81.6322, 21.4027 ], [ 81.5785, 21.3343 ], [ 81.4916, 21.3512 ], [ 81.4871, 21.4171 ], [ 81.4354, 21.407 ], [ 81.4641, 21.5058 ], [ 81.3509, 21.5423 ], [ 81.3034, 21.5114 ], [ 81.2128, 21.5312 ], [ 81.2053, 21.5045 ], [ 81.1337, 21.5494 ], [ 81.1854, 21.6297 ], [ 81.1693, 21.7026 ], [ 81.2252, 21.7095 ], [ 81.2192, 21.7532 ], [ 81.3355, 21.7669 ], [ 81.3186, 21.8256 ], [ 81.397, 21.8337 ], [ 81.3869, 21.8803 ], [ 81.4115, 21.9166 ], [ 81.4518, 21.9155 ], [ 81.4642, 22.0153 ], [ 81.578, 21.9841 ], [ 81.5776, 22.0239 ], [ 81.6612, 21.9613 ], [ 81.7992, 21.9439 ], [ 81.8153, 21.8815 ], [ 81.8887, 21.8901 ], [ 81.8931, 21.8427 ], [ 81.9354, 21.8139 ] ] ] } },
{ "type": "Feature", "properties": { "state": "Chhattisgarh", "district": "Bijapur" }, "geometry": { "type": "Polygon", "coordinates": [ [ [ 81.1206, 19.2522 ], [ 81.1385, 19.1779 ], [ 81.1985, 19.1836 ], [ 81.2182, 19.0457 ], [ 81.196, 18.9875 ], [ 81.226, 18.9619 ], [ 81.1631, 18.9184 ], [ 81.2161, 18.9033 ], [ 81.1437, 18.5912 ], [ 81.1431, 18.5602 ], [ 81.1906, 18.5867 ], [ 81.1886, 18.544 ], [ 81.0275, 18.5267 ], [ 80.9084, 18.3696 ], [ 81.034, 18.3339 ], [ 81.0572, 18.2905 ], [ 81.0312, 18.2538 ], [ 81.0888, 18.1922 ], [ 81.0242, 18.149 ], [ 80.9656, 18.1684 ], [ 80.862, 18.1327 ], [ 80.8675, 18.2073 ], [ 80.8296, 18.2341 ], [ 80.7979, 18.1663 ], [ 80.7451, 18.1648 ], [ 80.7333, 18.2188 ], [ 80.7881, 18.254 ], [ 80.7446, 18.3022 ], [ 80.7265, 18.409 ], [ 80.691, 18.4193 ], [ 80.6327, 18.5188 ], [ 80.4835, 18.6281 ], [ 80.3418, 18.5864 ], [ 80.2408, 18.7487 ], [ 80.3478, 18.8159 ], [ 80.2676, 18.9288 ], [ 80.2677, 18.9873 ], [ 80.3221, 19.0749 ], [ 80.3249, 19.1415 ], [ 80.3867, 19.189 ], [ 80.3833, 19.2391 ], [ 80.5678, 19.4009 ], [ 80.6039, 19.3118 ], [ 80.6792, 19.3241 ], [ 80.6886, 19.2835 ], [ 80.7492, 19.2867 ], [ 80.8264, 19.348 ], [ 80.9525, 19.3098 ], [ 80.9624, 19.2208 ], [ 81.0585, 19.2235 ], [ 81.0707, 19.2692 ], [ 81.1206, 19.2522 ] ] ] } },
{ "type": "Feature", "properties": { "state": "Chhattisgarh", "district": "Bilaspur" }, "geometry": { "type": "MultiPolygon", "coordinates": [ [ [ [ 82.9821, 22.2328 ], [ 82.9992, 22.2547 ], [ 83.0151, 22.2354 ], [ 83.0115, 22.2325 ], [ 82.9821, 22.2328 ] ] ], [ [ [ 82.4335, 21.7375 ], [ 82.3251, 21.7106 ], [ 82.2838, 21.7492 ], [ 82.199, 21.7591 ], [ 82.1777, 21.8417 ], [ 82.1184, 21.8322 ], [ 82.0311, 21.8826 ], [ 81.9807, 21.94 ], [ 82.0041, 21.9834 ], [ 81.95, 22.0046 ], [ 81.7994, 22.2222 ], [ 81.7254, 22.2525 ], [ 81.739, 22.3122 ], [ 81.8164, 22.2698 ], [ 81.8671, 22.3211 ], [ 81.922, 22.2938 ], [ 81.9141, 22.3654 ], [ 81.9673, 22.3582 ], [ 81.8961, 22.482 ], [ 81.8328, 22.5084 ], [ 81.8289, 22.5742 ], [ 81.7432, 22.5949 ], [ 81.7229, 22.6762 ], [ 81.7489, 22.6461 ], [ 81.7651, 22.6691 ], [ 81.7694, 22.8735 ], [ 81.8563, 22.8909 ], [ 81.9402, 22.9571 ], [ 81.9184, 23.041 ], [ 81.9381, 23.0778 ], [ 82.0241, 23.0801 ], [ 82.0614, 23.1159 ], [ 82.1346, 23.0845 ], [ 82.2081, 22.9428 ], [ 82.1309, 22.8481 ], [ 82.1691, 22.6673 ], [ 82.2365, 22.6555 ], [ 82.228, 22.592 ], [ 82.1491, 22.5415 ], [ 82.1365, 22.4567 ], [ 82.1767, 22.4114 ], [ 82.1331, 22.3304 ], [ 82.2608, 22.3339 ], [ 82.257, 22.2927 ], [ 82.2861, 22.2849 ], [ 82.3488, 22.3237 ], [ 82.4004, 22.2978 ], [ 82.3899, 22.2613 ], [ 82.4678, 22.1866 ], [ 82.4203, 22.1365 ], [ 82.3425, 22.1236 ], [ 82.3037, 21.9224 ], [ 82.3775, 21.7573 ], [ 82.4335, 21.7375 ] ] ] ] } },
{ "type": "Feature", "properties": { "state": "Chhattisgarh", "district": "Dantewada" }, "geometry": { "type": "Polygon", "coordinates": [ [ [ 81.4871, 19.1309 ], [ 81.4916, 19.0442 ], [ 81.5218, 19.0325 ], [ 81.4627, 18.9989 ], [ 81.4593, 18.9387 ], [ 81.5474, 18.9053 ], [ 81.5478, 18.8687 ], [ 81.6419, 18.7964 ], [ 81.704, 18.8298 ], [ 81.7485, 18.8049 ], [ 81.7685, 18.7566 ], [ 81.7419, 18.7321 ], [ 81.7491, 18.6539 ], [ 81.6539, 18.6516 ], [ 81.6598, 18.6886 ], [ 81.6201, 18.7039 ], [ 81.6092, 18.7474 ], [ 81.564, 18.7291 ], [ 81.5345, 18.6758 ], [ 81.5445, 18.6034 ], [ 81.5698, 18.5963 ], [ 81.5538, 18.5492 ], [ 81.5368, 18.5991 ], [ 81.49, 18.6134 ], [ 81.4152, 18.5751 ], [ 81.4253, 18.474 ], [ 81.3789, 18.4864 ], [ 81.3656, 18.4357 ], [ 81.4211, 18.4046 ], [ 81.4036, 18.3814 ], [ 81.2922, 18.4287 ], [ 81.2439, 18.5129 ], [ 81.1749, 18.5338 ], [ 81.1906, 18.5867 ], [ 81.1431, 18.5602 ], [ 81.2161, 18.9033 ], [ 81.1631, 18.9184 ], [ 81.226, 18.9619 ], [ 81.196, 18.9875 ], [ 81.218, 19.0102 ], [ 81.1985, 19.1836 ], [ 81.1385, 19.1779 ], [ 81.1061, 19.2307 ], [ 81.1482, 19.2922 ], [ 81.1879, 19.2247 ], [ 81.2734, 19.2231 ], [ 81.3308, 19.1365 ], [ 81.4016, 19.1711 ], [ 81.4871, 19.1309 ] ] ] } },
{ "type": "Feature", "properties": { "state": "Chhattisgarh", "district": "Dhamtari" }, "geometry": { "type": "Polygon", "coordinates": [ [ [ 81.4047, 20.5495 ], [ 81.4489, 20.5643 ], [ 81.4393, 20.587 ], [ 81.5103, 20.5873 ], [ 81.4685, 20.5922 ], [ 81.507, 20.6101 ], [ 81.4856, 20.6206 ], [ 81.5102, 20.7097 ], [ 81.4779, 20.7215 ], [ 81.476, 20.7707 ], [ 81.5131, 20.8223 ], [ 81.4689, 20.8685 ], [ 81.6063, 20.96 ], [ 81.6066, 21.0237 ], [ 81.6524, 20.9963 ], [ 81.7445, 21.0079 ], [ 81.8307, 20.9372 ], [ 81.8707, 20.9599 ], [ 81.9198, 20.7457 ], [ 82.0074, 20.6693 ], [ 81.9896, 20.6243 ], [ 82.0756, 20.4088 ], [ 82.0767, 20.3258 ], [ 82.1672, 20.2551 ], [ 82.1286, 20.1425 ], [ 82.0953, 20.1 ], [ 82.0277, 20.0939 ], [ 82.01, 20.0448 ], [ 81.9414, 20.1023 ], [ 81.8762, 20.0444 ], [ 81.8406, 20.1595 ], [ 81.7701, 20.2289 ], [ 81.7959, 20.2546 ], [ 81.7557, 20.2952 ], [ 81.7902, 20.3259 ], [ 81.7319, 20.4172 ], [ 81.7298, 20.479 ], [ 81.579, 20.5154 ], [ 81.5156, 20.49 ], [ 81.4951, 20.5161 ], [ 81.418, 20.5157 ], [ 81.4047, 20.5495 ] ] ] } },
{ "type": "Feature", "properties": { "state": "Chhattisgarh", "district": "Durg" }, "geometry": { "type": "Polygon", "coordinates": [ [ [ 81.4689, 20.8685 ], [ 81.3858, 20.8503 ], [ 81.3858, 20.7752 ], [ 81.3241, 20.7707 ], [ 81.2803, 20.8121 ], [ 81.1842, 20.8183 ], [ 81.1766, 20.8781 ], [ 81.2062, 20.8845 ], [ 81.1667, 20.9717 ], [ 81.0988, 20.9452 ], [ 81.0856, 20.9776 ], [ 81.1538, 21.0998 ], [ 81.2, 21.1038 ], [ 81.1922, 21.2183 ], [ 81.1445, 21.212 ], [ 81.1917, 21.3333 ], [ 81.1514, 21.496 ], [ 81.2186, 21.5052 ], [ 81.2128, 21.5312 ], [ 81.3034, 21.5114 ], [ 81.3509, 21.5423 ], [ 81.4661, 21.5041 ], [ 81.4402, 21.4915 ], [ 81.4663, 21.4687 ], [ 81.4354, 21.407 ], [ 81.4967, 21.4077 ], [ 81.4916, 21.3512 ], [ 81.546, 21.3314 ], [ 81.5394, 21.2429 ], [ 81.6175, 21.16 ], [ 81.571, 21.0928 ], [ 81.6024, 21.0593 ], [ 81.5806, 21.0442 ], [ 81.6088, 20.9646 ], [ 81.4689, 20.8685 ] ] ] } },
{ "type": "Feature", "properties": { "state": "Chhattisgarh", "district": "Gariab and" }, "geometry": { "type": "Polygon", "coordinates": [ [ [ 82.0244, 20.01 ], [ 82.0277, 20.0939 ], [ 82.0953, 20.1 ], [ 82.1286, 20.1425 ], [ 82.1672, 20.2551 ], [ 82.0767, 20.3258 ], [ 82.0756, 20.4088 ], [ 81.9896, 20.6243 ], [ 82.0074, 20.6693 ], [ 81.9097, 20.7789 ], [ 81.9672, 20.8112 ], [ 81.9983, 20.7921 ], [ 81.9803, 20.8439 ], [ 82.1374, 20.8858 ], [ 82.2202, 20.9472 ], [ 82.3412, 20.8681 ], [ 82.3682, 20.6241 ], [ 82.324, 20.5539 ], [ 82.4292, 20.4258 ], [ 82.3938, 20.3355 ], [ 82.4292, 20.283 ], [ 82.3789, 20.1446 ], [ 82.3909, 20.0596 ], [ 82.5984, 19.9856 ], [ 82.7075, 19.9902 ], [ 82.7175, 19.8708 ], [ 82.6984, 19.8269 ], [ 82.6457, 19.8254 ], [ 82.5851, 19.771 ], [ 82.5718, 19.8278 ], [ 82.5974, 19.8605 ], [ 82.4942, 19.8974 ], [ 82.4139, 19.8965 ], [ 82.3394, 19.83 ], [ 82.2306, 19.9981 ], [ 82.1785, 19.9781 ], [ 82.0579, 20.0499 ], [ 82.0244, 20.01 ] ] ] } },
{ "type": "Feature", "properties": { "state": "Chhattisgarh", "district": "Janjgir-Champa" }, "geometry": { "type": "Polygon", "coordinates": [ [ [ 82.7786, 21.7201 ], [ 82.5928, 21.7108 ], [ 82.3775, 21.7573 ], [ 82.3016, 21.9026 ], [ 82.3295, 22.1016 ], [ 82.3525, 22.1327 ], [ 82.4203, 22.1365 ], [ 82.4893, 22.2456 ], [ 82.5381, 22.2067 ], [ 82.5867, 22.2575 ], [ 82.6346, 22.2399 ], [ 82.6527, 22.1871 ], [ 82.6293, 22.1223 ], [ 82.7251, 22.0358 ], [ 82.7548, 22.1178 ], [ 82.8849, 22.161 ], [ 83.0259, 22.0526 ], [ 83.0007, 22.0262 ], [ 83.0429, 22.0014 ], [ 82.998, 21.9635 ], [ 83.0863, 21.9706 ], [ 83.1152, 21.9254 ], [ 83.2106, 21.9005 ], [ 83.1769, 21.8428 ], [ 83.2174, 21.8309 ], [ 83.203, 21.8094 ], [ 83.2627, 21.7097 ], [ 83.3137, 21.6877 ], [ 83.0208, 21.7349 ], [ 82.8713, 21.6867 ], [ 82.7786, 21.7201 ] ] ] } },
{ "type": "Feature", "properties": { "state": "Chhattisgarh", "district": "Jashpur" }, "geometry": { "type": "Polygon", "coordinates": [ [ [ 83.7157, 22.3807 ], [ 83.6509, 22.3889 ], [ 83.5724, 22.4606 ], [ 83.5825, 22.5389 ], [ 83.4895, 22.4913 ], [ 83.396, 22.5556 ], [ 83.3869, 22.6216 ], [ 83.432, 22.6734 ], [ 83.5002, 22.6578 ], [ 83.5536, 22.6985 ], [ 83.6671, 22.6246 ], [ 83.6813, 22.6457 ], [ 83.6267, 22.706 ], [ 83.6413, 22.8214 ], [ 83.5024, 22.9551 ], [ 83.5439, 23.0295 ], [ 83.4949, 23.0666 ], [ 83.5531, 23.1322 ], [ 83.5479, 23.1733 ], [ 83.6187, 23.2159 ], [ 83.711, 23.2041 ], [ 83.7839, 23.2445 ], [ 83.9242, 23.1464 ], [ 84.0136, 23.1866 ], [ 84.0615, 23.1099 ], [ 84.1294, 23.0815 ], [ 84.148, 22.9639 ], [ 84.1899, 23.0237 ], [ 84.2171, 22.9765 ], [ 84.3734, 22.9721 ], [ 84.376, 22.8736 ], [ 84.3295, 22.8596 ], [ 84.2853, 22.7634 ], [ 84.2254, 22.7352 ], [ 84.2206, 22.6689 ], [ 84.0804, 22.6366 ], [ 84.0051, 22.5696 ], [ 83.9761, 22.5022 ], [ 84.0416, 22.4641 ], [ 84.0042, 22.3677 ], [ 83.861, 22.3438 ], [ 83.7975, 22.2895 ], [ 83.7157, 22.3807 ] ] ] } },
{ "type": "Feature", "properties": { "state": "Chhattisgarh", "district": "Kabeerdham" }, "geometry": { "type": "Polygon", "coordinates": [ [ [ 81.4706, 22.0066 ], [ 81.4424, 21.9003 ], [ 81.4115, 21.9166 ], [ 81.3869, 21.8803 ], [ 81.397, 21.8337 ], [ 81.3304, 21.8381 ], [ 81.3355, 21.7669 ], [ 81.2192, 21.7532 ], [ 81.2177, 21.705 ], [ 80.9895, 21.7253 ], [ 80.9191, 21.8252 ], [ 80.8328, 21.8375 ], [ 80.8184, 21.9568 ], [ 80.8458, 21.9609 ], [ 80.9108, 22.1192 ], [ 80.9505, 22.113 ], [ 80.9634, 22.0584 ], [ 80.9992, 22.0615 ], [ 80.9718, 22.1215 ], [ 81.0158, 22.1327 ], [ 81.0194, 22.2292 ], [ 81.0847, 22.2467 ], [ 81.1138, 22.2944 ], [ 81.1049, 22.4328 ], [ 81.1707, 22.488 ], [ 81.2236, 22.4516 ], [ 81.2605, 22.4936 ], [ 81.3159, 22.4897 ], [ 81.3229, 22.5243 ], [ 81.3787, 22.5053 ], [ 81.3966, 22.4413 ], [ 81.4244, 22.4792 ], [ 81.448, 22.4674 ], [ 81.4381, 22.4939 ], [ 81.4799, 22.4933 ], [ 81.485, 22.4108 ], [ 81.5566, 22.3444 ], [ 81.5151, 22.3138 ], [ 81.5451, 22.2398 ], [ 81.5016, 22.016 ], [ 81.4706, 22.0066 ] ] ] } },
{ "type": "Feature", "properties": { "state": "Chhattisgarh", "district": "Kondagaon" }, "geometry": { "type": "Polygon", "coordinates": [ [ [ 82.0224, 19.5018 ], [ 81.8487, 19.5452 ], [ 81.8466, 19.4663 ], [ 81.8165, 19.5052 ], [ 81.7844, 19.4456 ], [ 81.7852, 19.3482 ], [ 81.7156, 19.3706 ], [ 81.6336, 19.3433 ], [ 81.6196, 19.2878 ], [ 81.6666, 19.2419 ], [ 81.6202, 19.2247 ], [ 81.562, 19.2762 ], [ 81.5277, 19.2168 ], [ 81.4991, 19.2201 ], [ 81.3552, 19.3129 ], [ 81.3895, 19.3282 ], [ 81.3571, 19.3669 ], [ 81.3693, 19.4083 ], [ 81.4014, 19.3587 ], [ 81.4612, 19.3704 ], [ 81.4667, 19.4664 ], [ 81.4141, 19.488 ], [ 81.442, 19.519 ], [ 81.4467, 19.633 ], [ 81.5083, 19.6569 ], [ 81.3646, 19.7289 ], [ 81.396, 19.8719 ], [ 81.342, 19.9061 ], [ 81.2859, 20.0133 ], [ 81.3821, 20.0424 ], [ 81.4139, 20.1518 ], [ 81.578, 20.1911 ], [ 81.6723, 20.1256 ], [ 81.8406, 20.1595 ], [ 81.8738, 20.0462 ], [ 81.8496, 19.9081 ], [ 81.9604, 19.8547 ], [ 81.9801, 19.7958 ], [ 82.0598, 19.7831 ], [ 82.0224, 19.5018 ] ] ] } },
{ "type": "Feature", "properties": { "state": "Chhattisgarh", "district": "Korba" }, "geometry": { "type": "Polygon", "coordinates": [ [ [ 82.7362, 22.0956 ], [ 82.7251, 22.0358 ], [ 82.6917, 22.0875 ], [ 82.6421, 22.0978 ], [ 82.6527, 22.1871 ], [ 82.6177, 22.2515 ], [ 82.5867, 22.2575 ], [ 82.5381, 22.2067 ], [ 82.5024, 22.2497 ], [ 82.4549, 22.2122 ], [ 82.3488, 22.3237 ], [ 82.2861, 22.2849 ], [ 82.257, 22.2927 ], [ 82.2608, 22.3339 ], [ 82.1331, 22.3304 ], [ 82.1767, 22.4114 ], [ 82.1365, 22.4567 ], [ 82.1491, 22.5415 ], [ 82.2346, 22.6187 ], [ 82.2365, 22.6555 ], [ 82.1691, 22.6673 ], [ 82.1309, 22.8481 ], [ 82.2081, 22.9428 ], [ 82.3649, 22.9971 ], [ 82.4433, 22.9665 ], [ 82.5598, 22.9725 ], [ 82.5892, 22.8978 ], [ 82.5522, 22.8614 ], [ 82.5659, 22.8305 ], [ 82.6508, 22.8089 ], [ 82.7157, 22.8295 ], [ 82.7705, 22.7691 ], [ 82.8609, 22.7465 ], [ 83.0067, 22.6395 ], [ 83.1137, 22.6688 ], [ 83.0817, 22.4725 ], [ 83.1037, 22.3632 ], [ 83.0287, 22.2435 ], [ 83.0457, 22.1972 ], [ 82.9336, 22.1204 ], [ 82.8575, 22.1693 ], [ 82.7362, 22.0956 ] ], [ [ 82.9997, 22.2319 ], [ 82.9992, 22.2547 ], [ 82.9792, 22.2388 ], [ 82.9997, 22.2319 ] ] ] } },
{ "type": "Feature", "properties": { "state": "Chhattisgarh", "district": "Koriya" }, "geometry": { "type": "Polygon", "coordinates": [ [ [ 82.2051, 22.945 ], [ 82.1159, 23.1038 ], [ 82.1541, 23.1511 ], [ 82.1425, 23.2277 ], [ 82.1859, 23.3254 ], [ 82.1109, 23.3558 ], [ 82.0985, 23.3977 ], [ 82.0457, 23.3779 ], [ 82.0145, 23.3879 ], [ 82.016, 23.4235 ], [ 81.9761, 23.4131 ], [ 81.9138, 23.5338 ], [ 81.8272, 23.5113 ], [ 81.736, 23.5674 ], [ 81.6282, 23.4904 ], [ 81.5771, 23.5549 ], [ 81.6132, 23.661 ], [ 81.6873, 23.7213 ], [ 81.5984, 23.8537 ], [ 81.6105, 23.907 ], [ 81.6616, 23.9256 ], [ 81.7191, 23.8404 ], [ 81.7827, 23.8118 ], [ 81.9164, 23.873 ], [ 82.0007, 23.8631 ], [ 82.0454, 23.8206 ], [ 82.1624, 23.82 ], [ 82.2039, 23.853 ], [ 82.2261, 23.8069 ], [ 82.4635, 23.8108 ], [ 82.586, 23.6956 ], [ 82.5741, 23.5427 ], [ 82.6395, 23.489 ], [ 82.6452, 23.3848 ], [ 82.7406, 23.3554 ], [ 82.7369, 23.253 ], [ 82.6898, 23.2419 ], [ 82.6321, 23.1415 ], [ 82.5736, 23.1263 ], [ 82.5657, 23.0782 ], [ 82.6023, 23.0222 ], [ 82.5684, 22.965 ], [ 82.3649, 22.9971 ], [ 82.2528, 22.9385 ], [ 82.2051, 22.945 ] ] ] } },
{ "type": "Feature", "properties": { "state": "Chhattisgarh", "district": "Mahasamund" }, "geometry": { "type": "Polygon", "coordinates": [ [ [ 82.0171, 21.2262 ], [ 82.2461, 21.4305 ], [ 82.2713, 21.3816 ], [ 82.2394, 21.3623 ], [ 82.2388, 21.3105 ], [ 82.2934, 21.2653 ], [ 82.3184, 21.2884 ], [ 82.3794, 21.2591 ], [ 82.4189, 21.3051 ], [ 82.4501, 21.2736 ], [ 82.4685, 21.3227 ], [ 82.6918, 21.3272 ], [ 82.6827, 21.4788 ], [ 82.7651, 21.517 ], [ 82.821, 21.4989 ], [ 82.8171, 21.526 ], [ 82.8687, 21.5479 ], [ 82.9128, 21.4853 ], [ 82.9928, 21.4548 ], [ 83.0412, 21.4767 ], [ 83.0469, 21.4384 ], [ 83.1201, 21.4152 ], [ 83.1413, 21.3604 ], [ 83.1764, 21.3965 ], [ 83.27, 21.375 ], [ 83.2746, 21.2857 ], [ 83.2184, 21.2601 ], [ 83.1901, 21.1355 ], [ 83.1198, 21.1011 ], [ 82.9561, 21.1755 ], [ 82.7888, 21.1393 ], [ 82.6359, 21.1495 ], [ 82.6223, 21.0366 ], [ 82.4857, 20.9035 ], [ 82.4535, 20.8212 ], [ 82.2967, 20.8887 ], [ 82.2636, 20.9355 ], [ 82.192, 20.9379 ], [ 82.1526, 21.0147 ], [ 81.984, 21.082 ], [ 82.0171, 21.2262 ] ] ] } },
{ "type": "Feature", "properties": { "state": "Chhattisgarh", "district": "Mungeli" }, "geometry": { "type": "Polygon", "coordinates": [ [ [ 82.0311, 21.8826 ], [ 81.9354, 21.8139 ], [ 81.8931, 21.8427 ], [ 81.8887, 21.8901 ], [ 81.8153, 21.8815 ], [ 81.7992, 21.9439 ], [ 81.6612, 21.9613 ], [ 81.5776, 22.0239 ], [ 81.578, 21.9841 ], [ 81.499, 22.0072 ], [ 81.5463, 22.2562 ], [ 81.5151, 22.3138 ], [ 81.5566, 22.3444 ], [ 81.485, 22.4108 ], [ 81.4799, 22.4933 ], [ 81.5191, 22.54 ], [ 81.6158, 22.539 ], [ 81.6565, 22.632 ], [ 81.7229, 22.6762 ], [ 81.7432, 22.5949 ], [ 81.8289, 22.5742 ], [ 81.8328, 22.5084 ], [ 81.8961, 22.482 ], [ 81.8956, 22.4433 ], [ 81.9676, 22.3639 ], [ 81.9518, 22.3402 ], [ 81.9141, 22.3654 ], [ 81.922, 22.2938 ], [ 81.8671, 22.3211 ], [ 81.8164, 22.2698 ], [ 81.739, 22.3122 ], [ 81.7254, 22.2525 ], [ 81.7994, 22.2222 ], [ 81.95, 22.0046 ], [ 82.0041, 21.9834 ], [ 81.9807, 21.94 ], [ 82.0311, 21.8826 ] ] ] } },
{ "type": "Feature", "properties": { "state": "Chhattisgarh", "district": "Narayanpur" }, "geometry": { "type": "Polygon", "coordinates": [ [ [ 81.3895, 19.3282 ], [ 81.2304, 19.3189 ], [ 81.1628, 19.2651 ], [ 81.1354, 19.2924 ], [ 81.134, 19.2508 ], [ 81.0847, 19.2718 ], [ 81.0585, 19.2235 ], [ 80.9624, 19.2208 ], [ 80.9567, 19.3054 ], [ 80.8363, 19.3319 ], [ 80.8428, 19.3661 ], [ 80.7879, 19.4267 ], [ 80.8856, 19.4565 ], [ 80.8791, 19.519 ], [ 80.721, 19.6084 ], [ 80.6569, 19.6123 ], [ 80.6646, 19.6908 ], [ 80.7158, 19.7021 ], [ 80.7112, 19.776 ], [ 80.8149, 19.8111 ], [ 80.7717, 19.8341 ], [ 80.7152, 19.7927 ], [ 80.7206, 19.836 ], [ 80.8273, 19.9017 ], [ 80.8462, 19.9457 ], [ 80.9113, 19.9227 ], [ 81.0361, 19.9385 ], [ 81.0025, 19.7856 ], [ 81.0808, 19.7223 ], [ 81.1889, 19.6999 ], [ 81.2038, 19.7521 ], [ 81.2523, 19.7596 ], [ 81.3656, 19.7409 ], [ 81.4395, 19.673 ], [ 81.5083, 19.6569 ], [ 81.4467, 19.633 ], [ 81.442, 19.519 ], [ 81.4141, 19.488 ], [ 81.4667, 19.4664 ], [ 81.4612, 19.3704 ], [ 81.4014, 19.3587 ], [ 81.3693, 19.4083 ], [ 81.3571, 19.3669 ], [ 81.3895, 19.3282 ] ] ] } },
{ "type": "Feature", "properties": { "state": "Chhattisgarh", "district": "Raigarh" }, "geometry": { "type": "Polygon", "coordinates": [ [ [ 82.9254, 21.5063 ], [ 82.9197, 21.5487 ], [ 82.9772, 21.6393 ], [ 82.944, 21.7195 ], [ 83.0208, 21.7349 ], [ 83.3124, 21.6779 ], [ 83.2542, 21.7219 ], [ 83.203, 21.8094 ], [ 83.2174, 21.8309 ], [ 83.1769, 21.8428 ], [ 83.2106, 21.9005 ], [ 83.1152, 21.9254 ], [ 83.0863, 21.9706 ], [ 82.998, 21.9635 ], [ 83.0429, 22.0014 ], [ 83.0007, 22.0262 ], [ 83.0259, 22.0526 ], [ 82.9325, 22.1269 ], [ 83.0457, 22.1972 ], [ 83.0287, 22.2435 ], [ 83.1037, 22.3632 ], [ 83.0817, 22.4725 ], [ 83.1146, 22.7265 ], [ 83.187, 22.7858 ], [ 83.3212, 22.7655 ], [ 83.3939, 22.7301 ], [ 83.3743, 22.6932 ], [ 83.4093, 22.635 ], [ 83.396, 22.5556 ], [ 83.4895, 22.4913 ], [ 83.5825, 22.5389 ], [ 83.5782, 22.4538 ], [ 83.6509, 22.3889 ], [ 83.7339, 22.3764 ], [ 83.7975, 22.2895 ], [ 83.7528, 22.2429 ], [ 83.6458, 22.2246 ], [ 83.5573, 22.1 ], [ 83.6003, 22.0655 ], [ 83.5384, 22.0554 ], [ 83.5352, 21.9635 ], [ 83.6005, 21.9108 ], [ 83.5845, 21.8436 ], [ 83.5312, 21.8319 ], [ 83.5366, 21.7939 ], [ 83.4909, 21.8145 ], [ 83.4672, 21.7827 ], [ 83.4841, 21.7416 ], [ 83.4197, 21.675 ], [ 83.4845, 21.6256 ], [ 83.4528, 21.6052 ], [ 83.4412, 21.6493 ], [ 83.3807, 21.6128 ], [ 83.3346, 21.4956 ], [ 83.4027, 21.3484 ], [ 83.1764, 21.3965 ], [ 83.1413, 21.3604 ], [ 83.1201, 21.4152 ], [ 83.0469, 21.4384 ], [ 83.0412, 21.4767 ], [ 82.9928, 21.4548 ], [ 82.9254, 21.5063 ] ] ] } },
{ "type": "Feature", "properties": { "state": "Chhattisgarh", "district": "Raipur" }, "geometry": { "type": "Polygon", "coordinates": [ [ [ 81.9057, 20.7817 ], [ 81.8707, 20.9599 ], [ 81.8307, 20.9372 ], [ 81.7445, 21.0079 ], [ 81.6524, 20.9963 ], [ 81.5806, 21.0442 ], [ 81.6024, 21.0593 ], [ 81.5727, 21.0742 ], [ 81.5769, 21.1221 ], [ 81.6175, 21.16 ], [ 81.5394, 21.2429 ], [ 81.5275, 21.3008 ], [ 81.6322, 21.4027 ], [ 81.6383, 21.5443 ], [ 81.6868, 21.5944 ], [ 81.7413, 21.5784 ], [ 81.7806, 21.6222 ], [ 81.7864, 21.594 ], [ 81.9245, 21.582 ], [ 81.95, 21.4703 ], [ 82.084, 21.43 ], [ 82.1375, 21.3623 ], [ 82.1868, 21.3756 ], [ 82.0171, 21.2262 ], [ 81.984, 21.082 ], [ 82.1526, 21.0147 ], [ 82.1845, 20.9288 ], [ 82.1374, 20.8858 ], [ 81.9803, 20.8439 ], [ 81.9983, 20.7921 ], [ 81.9672, 20.8112 ], [ 81.9057, 20.7817 ] ] ] } },
{ "type": "Feature", "properties": { "state": "Chhattisgarh", "district": "Rajnandgaon" }, "geometry": { "type": "Polygon", "coordinates": [ [ [ 81.088, 20.9958 ], [ 80.9437, 21.0004 ], [ 80.9364, 20.9486 ], [ 80.9885, 20.8843 ], [ 80.9453, 20.8425 ], [ 80.9729, 20.8112 ], [ 80.9502, 20.8226 ], [ 80.9249, 20.775 ], [ 80.8767, 20.8023 ], [ 80.7984, 20.7185 ], [ 80.88, 20.6533 ], [ 80.9358, 20.6653 ], [ 80.9309, 20.6298 ], [ 80.9817, 20.608 ], [ 80.9372, 20.506 ], [ 80.9649, 20.4698 ], [ 80.8423, 20.3473 ], [ 80.8058, 20.351 ], [ 80.8155, 20.2944 ], [ 80.7234, 20.2645 ], [ 80.7079, 20.1853 ], [ 80.65, 20.2222 ], [ 80.6065, 20.1797 ], [ 80.5628, 20.1839 ], [ 80.5404, 20.1098 ], [ 80.3938, 20.144 ], [ 80.414, 20.1902 ], [ 80.3862, 20.2446 ], [ 80.5108, 20.2696 ], [ 80.6178, 20.3337 ], [ 80.586, 20.3956 ], [ 80.6223, 20.6039 ], [ 80.5119, 20.5851 ], [ 80.4816, 20.6171 ], [ 80.5801, 20.6836 ], [ 80.5455, 20.7654 ], [ 80.5418, 20.9339 ], [ 80.4591, 20.9282 ], [ 80.4238, 21.0096 ], [ 80.4387, 21.1214 ], [ 80.4573, 21.1728 ], [ 80.6034, 21.2274 ], [ 80.673, 21.2983 ], [ 80.6565, 21.3308 ], [ 80.7302, 21.4721 ], [ 80.7185, 21.7119 ], [ 80.743, 21.758 ], [ 80.8112, 21.7475 ], [ 80.839, 21.8326 ], [ 80.9191, 21.8252 ], [ 80.9895, 21.7253 ], [ 81.1693, 21.7026 ], [ 81.1854, 21.6297 ], [ 81.1337, 21.5494 ], [ 81.1887, 21.5135 ], [ 81.1514, 21.496 ], [ 81.1917, 21.3333 ], [ 81.1445, 21.212 ], [ 81.1922, 21.2183 ], [ 81.2094, 21.1565 ], [ 81.1993, 21.1012 ], [ 81.1538, 21.0998 ], [ 81.088, 20.9958 ] ] ] } },
{ "type": "Feature", "properties": { "state": "Chhattisgarh", "district": "Sukma" }, "geometry": { "type": "Polygon", "coordinates": [ [ [ 81.6689, 18.6508 ], [ 81.643, 18.605 ], [ 81.7804, 18.6 ], [ 81.8854, 18.6503 ], [ 81.9545, 18.5867 ], [ 81.7621, 18.4113 ], [ 81.7449, 18.3454 ], [ 81.6581, 18.3393 ], [ 81.6587, 18.3111 ], [ 81.528, 18.2591 ], [ 81.4773, 17.97 ], [ 81.4373, 17.8759 ], [ 81.3938, 17.8851 ], [ 81.3841, 17.8035 ], [ 81.1596, 17.8526 ], [ 81.0736, 17.7863 ], [ 81.0324, 17.7897 ], [ 80.9475, 18.1168 ], [ 80.9738, 18.1583 ], [ 81.0242, 18.149 ], [ 81.0888, 18.1922 ], [ 81.0312, 18.2538 ], [ 81.0572, 18.2905 ], [ 81.034, 18.3339 ], [ 80.9126, 18.3763 ], [ 81.0234, 18.5241 ], [ 81.1598, 18.5433 ], [ 81.2439, 18.5129 ], [ 81.2922, 18.4287 ], [ 81.4036, 18.3814 ], [ 81.4211, 18.4046 ], [ 81.3656, 18.4357 ], [ 81.3789, 18.4864 ], [ 81.4253, 18.474 ], [ 81.4152, 18.5751 ], [ 81.49, 18.6134 ], [ 81.5368, 18.5991 ], [ 81.5538, 18.5492 ], [ 81.5698, 18.5963 ], [ 81.5445, 18.6034 ], [ 81.5345, 18.6758 ], [ 81.564, 18.7291 ], [ 81.6092, 18.7474 ], [ 81.6689, 18.6508 ] ] ] } },
{ "type": "Feature", "properties": { "state": "Chhattisgarh", "district": "Surajpur" }, "geometry": { "type": "Polygon", "coordinates": [ [ [ 83.1867, 23.3544 ], [ 83.1979, 23.2522 ], [ 83.2368, 23.2252 ], [ 83.1352, 23.2213 ], [ 83.148, 23.1112 ], [ 83.1152, 23.138 ], [ 83.0315, 23.1252 ], [ 82.9691, 23.0748 ], [ 82.911, 23.119 ], [ 82.8301, 23.0784 ], [ 82.9197, 23.0805 ], [ 82.9191, 23.0477 ], [ 82.8285, 23.0152 ], [ 82.8504, 22.9887 ], [ 82.7886, 22.9336 ], [ 82.7533, 22.7959 ], [ 82.7082, 22.8316 ], [ 82.6508, 22.8089 ], [ 82.5659, 22.8305 ], [ 82.5522, 22.8614 ], [ 82.5892, 22.8978 ], [ 82.5568, 22.9569 ], [ 82.6023, 23.0222 ], [ 82.5657, 23.0782 ], [ 82.5736, 23.1263 ], [ 82.6321, 23.1415 ], [ 82.6898, 23.2419 ], [ 82.7369, 23.253 ], [ 82.7507, 23.3312 ], [ 82.6432, 23.3883 ], [ 82.6395, 23.489 ], [ 82.5741, 23.5427 ], [ 82.5903, 23.687 ], [ 82.4918, 23.7857 ], [ 82.5445, 23.7942 ], [ 82.5274, 23.8241 ], [ 82.6295, 23.839 ], [ 82.689, 23.9195 ], [ 82.7654, 23.8765 ], [ 82.7766, 23.8214 ], [ 82.8381, 23.7695 ], [ 82.8546, 23.7987 ], [ 82.9112, 23.8018 ], [ 82.9048, 23.7719 ], [ 82.9369, 23.77 ], [ 83.0131, 23.8116 ], [ 83.1121, 23.7171 ], [ 83.197, 23.7167 ], [ 83.1892, 23.5575 ], [ 83.2664, 23.5706 ], [ 83.2332, 23.5172 ], [ 83.3251, 23.5194 ], [ 83.3035, 23.4855 ], [ 83.351, 23.4322 ], [ 83.3, 23.4231 ], [ 83.3161, 23.3762 ], [ 83.2095, 23.4081 ], [ 83.1867, 23.3544 ] ] ] } },
{ "type": "Feature", "properties": { "state": "Chhattisgarh", "district": "Surguja" }, "geometry": { "type": "Polygon", "coordinates": [ [ [ 83.5005, 23.0583 ], [ 83.5439, 23.0295 ], [ 83.5076, 22.942 ], [ 83.6413, 22.8214 ], [ 83.6257, 22.7127 ], [ 83.6795, 22.677 ], [ 83.6671, 22.6246 ], [ 83.5536, 22.6985 ], [ 83.5002, 22.6578 ], [ 83.432, 22.6734 ], [ 83.4043, 22.6383 ], [ 83.376, 22.681 ], [ 83.3907, 22.7356 ], [ 83.215, 22.7898 ], [ 83.1146, 22.7265 ], [ 83.1071, 22.6759 ], [ 83.0067, 22.6395 ], [ 82.7545, 22.792 ], [ 82.7886, 22.9336 ], [ 82.8504, 22.9887 ], [ 82.8285, 23.0152 ], [ 82.9191, 23.0477 ], [ 82.9197, 23.0805 ], [ 82.8301, 23.0784 ], [ 82.911, 23.119 ], [ 82.9691, 23.0748 ], [ 83.0315, 23.1252 ], [ 83.1152, 23.138 ], [ 83.148, 23.1112 ], [ 83.1403, 23.2267 ], [ 83.3487, 23.1791 ], [ 83.3636, 23.2631 ], [ 83.5151, 23.2446 ], [ 83.5545, 23.1428 ], [ 83.5005, 23.0583 ] ] ] } },
{ "type": "Feature", "properties": { "state": "Chhattisgarh", "district": "Uttar Bastar Kanker" }, "geometry": { "type": "Polygon", "coordinates": [ [ [ 81.4078, 20.1344 ], [ 81.3821, 20.0424 ], [ 81.2859, 20.0133 ], [ 81.342, 19.9061 ], [ 81.396, 19.8719 ], [ 81.3656, 19.7409 ], [ 81.2038, 19.7521 ], [ 81.1889, 19.6999 ], [ 81.0808, 19.7223 ], [ 81.0025, 19.7856 ], [ 81.0398, 19.9012 ], [ 81.0361, 19.9385 ], [ 80.9951, 19.9459 ], [ 80.9172, 19.9227 ], [ 80.8462, 19.9457 ], [ 80.8273, 19.9017 ], [ 80.7145, 19.8275 ], [ 80.7152, 19.7927 ], [ 80.7717, 19.8341 ], [ 80.815, 19.816 ], [ 80.7112, 19.776 ], [ 80.7158, 19.7021 ], [ 80.6646, 19.6908 ], [ 80.5821, 19.7381 ], [ 80.5178, 19.8289 ], [ 80.4595, 19.8113 ], [ 80.4781, 19.7724 ], [ 80.3947, 19.7946 ], [ 80.4975, 19.8687 ], [ 80.4827, 19.8989 ], [ 80.4077, 19.9059 ], [ 80.4063, 19.9325 ], [ 80.4437, 19.9527 ], [ 80.5204, 19.9309 ], [ 80.5628, 20.1839 ], [ 80.6065, 20.1797 ], [ 80.65, 20.2222 ], [ 80.7079, 20.1853 ], [ 80.7234, 20.2645 ], [ 80.8155, 20.2944 ], [ 80.8058, 20.351 ], [ 80.8382, 20.3443 ], [ 80.9306, 20.4363 ], [ 80.9933, 20.4563 ], [ 81.1463, 20.375 ], [ 81.2473, 20.441 ], [ 81.2494, 20.4953 ], [ 81.3232, 20.5531 ], [ 81.3776, 20.5296 ], [ 81.4047, 20.5495 ], [ 81.418, 20.5157 ], [ 81.4951, 20.5161 ], [ 81.5156, 20.49 ], [ 81.579, 20.5154 ], [ 81.7298, 20.479 ], [ 81.7319, 20.4172 ], [ 81.7902, 20.3259 ], [ 81.7555, 20.2887 ], [ 81.7946, 20.2593 ], [ 81.7701, 20.2289 ], [ 81.8069, 20.1606 ], [ 81.6723, 20.1256 ], [ 81.578, 20.1911 ], [ 81.4078, 20.1344 ] ] ] } },
{ "type": "Feature", "properties": { "state": "Dadra and Nagar Haveli", "district": "Dadra and Nagar Haveli" }, "geometry": { "type": "Polygon", "coordinates": [ [ [ 73.042, 20.2902 ], [ 73.1074, 20.3607 ], [ 73.1129, 20.3049 ], [ 73.178, 20.3107 ], [ 73.0642, 20.2032 ], [ 73.0824, 20.1566 ], [ 73.1501, 20.1728 ], [ 73.1458, 20.207 ], [ 73.2278, 20.187 ], [ 73.1961, 20.1561 ], [ 73.2191, 20.0975 ], [ 73.1859, 20.0529 ], [ 73.0606, 20.0991 ], [ 73.0528, 20.0677 ], [ 73.0175, 20.135 ], [ 72.9732, 20.1308 ], [ 72.9745, 20.2258 ], [ 72.9223, 20.2744 ], [ 72.946, 20.2934 ], [ 72.9841, 20.2717 ], [ 73.0198, 20.3174 ], [ 73.042, 20.2902 ] ] ] } },
{ "type": "Feature", "properties": { "state": "Daman and Diu", "district": "Daman" }, "geometry": { "type": "Polygon", "coordinates": [ [ [ 72.8215, 20.3711 ], [ 72.8326, 20.446 ], [ 72.8825, 20.4628 ], [ 72.8593, 20.4244 ], [ 72.9026, 20.4152 ], [ 72.8935, 20.3721 ], [ 72.8215, 20.3711 ] ] ] } },
{ "type": "Feature", "properties": { "state": "Daman and Diu", "district": "Diu" }, "geometry": { "type": "Polygon", "coordinates": [ [ [ 70.934, 20.736 ], [ 70.9976, 20.714 ], [ 70.8921, 20.7079 ], [ 70.934, 20.736 ] ] ] } },
{ "type": "Feature", "properties": { "state": "Goa", "district": "North Goa" }, "geometry": { "type": "Polygon", "coordinates": [ [ [ 74.0847, 15.3958 ], [ 74.11, 15.2687 ], [ 74.022, 15.3017 ], [ 74.013, 15.345 ], [ 73.9316, 15.4021 ], [ 73.9442, 15.4339 ], [ 73.9061, 15.4153 ], [ 73.7879, 15.4613 ], [ 73.8054, 15.4949 ], [ 73.7646, 15.4946 ], [ 73.7312, 15.5904 ], [ 73.7549, 15.6174 ], [ 73.6801, 15.7244 ], [ 73.833, 15.7378 ], [ 73.8655, 15.7975 ], [ 73.8824, 15.7494 ], [ 73.9454, 15.7415 ], [ 74.0024, 15.6091 ], [ 74.1734, 15.6521 ], [ 74.1901, 15.681 ], [ 74.2132, 15.649 ], [ 74.245, 15.6656 ], [ 74.2819, 15.513 ], [ 74.0847, 15.3958 ] ] ] } },
{ "type": "Feature", "properties": { "state": "Goa", "district": "South Goa" }, "geometry": { "type": "MultiPolygon", "coordinates": [ [ [ [ 74.3023, 15.0399 ], [ 74.2118, 14.9214 ], [ 74.1722, 14.951 ], [ 74.1754, 14.9089 ], [ 74.0432, 14.9182 ], [ 74.0501, 14.9882 ], [ 73.9118, 15.084 ], [ 73.9485, 15.146 ], [ 73.8865, 15.3504 ], [ 73.7829, 15.4129 ], [ 73.8768, 15.3968 ], [ 73.9442, 15.4339 ], [ 73.9316, 15.4021 ], [ 74.013, 15.345 ], [ 74.022, 15.3017 ], [ 74.11, 15.2687 ], [ 74.1107, 15.3658 ], [ 74.08, 15.4091 ], [ 74.2563, 15.4895 ], [ 74.3417, 15.2929 ], [ 74.2575, 15.2576 ], [ 74.3219, 15.1841 ], [ 74.2783, 15.0959 ], [ 74.3023, 15.0399 ] ] ], [ [ [ 73.7799, 15.3557 ], [ 73.7796, 15.351 ], [ 73.7607, 15.3521 ], [ 73.7799, 15.3557 ] ] ], [ [ [ 73.7985, 15.3785 ], [ 73.7929, 15.3746 ], [ 73.7935, 15.3785 ], [ 73.7985, 15.3785 ] ] ], [ [ [ 73.8654, 15.4037 ], [ 73.8618, 15.4079 ], [ 73.8657, 15.4074 ], [ 73.8654, 15.4037 ] ] ], [ [ [ 73.8899, 15.4258 ], [ 73.8896, 15.4257 ], [ 73.8896, 15.4261 ], [ 73.8899, 15.4258 ] ] ] ] } },
{ "type": "Feature", "properties": { "state": "Gujarat", "district": "Ahmadabad" }, "geometry": { "type": "Polygon", "coordinates": [ [ [ 72.3536, 22.3813 ], [ 72.4043, 22.3515 ], [ 72.3336, 22.3041 ], [ 72.326, 22.2336 ], [ 72.2655, 22.2085 ], [ 72.2809, 22.1445 ], [ 72.2414, 22.1076 ], [ 72.2473, 22.0651 ], [ 72.222, 22.0901 ], [ 72.2168, 22.0121 ], [ 72.2039, 22.0905 ], [ 72.184, 22.0405 ], [ 72.1354, 22.0965 ], [ 72.1781, 22.0139 ], [ 72.0886, 22.0589 ], [ 72.0435, 22.1216 ], [ 72.0308, 22.1016 ], [ 71.9183, 22.1224 ], [ 71.863, 22.0929 ], [ 71.8531, 22.1285 ], [ 71.7709, 22.1303 ], [ 71.7467, 22.1792 ], [ 71.634, 22.2156 ], [ 71.6623, 22.2439 ], [ 71.6203, 22.335 ], [ 71.6555, 22.3963 ], [ 71.7152, 22.3932 ], [ 71.7464, 22.3578 ], [ 71.839, 22.3904 ], [ 71.8438, 22.3532 ], [ 71.9022, 22.4164 ], [ 71.9387, 22.376 ], [ 71.9344, 22.447 ], [ 71.9724, 22.4672 ], [ 71.9182, 22.4806 ], [ 71.9454, 22.5352 ], [ 72.042, 22.5043 ], [ 72.0612, 22.4424 ], [ 72.0952, 22.4353 ], [ 72.1716, 22.4777 ], [ 72.1532, 22.5124 ], [ 72.1971, 22.54 ], [ 72.1267, 22.5969 ], [ 72.0757, 22.5919 ], [ 72.0373, 22.6771 ], [ 72.1001, 22.6736 ], [ 72.1165, 22.7186 ], [ 72.0672, 22.7453 ], [ 72.0453, 22.8405 ], [ 72.0341, 22.7887 ], [ 71.9938, 22.8532 ], [ 72.0256, 23.054 ], [ 71.9912, 23.0664 ], [ 71.9597, 23.0372 ], [ 71.9109, 23.1079 ], [ 71.92, 23.1783 ], [ 71.9999, 23.2134 ], [ 72.0085, 23.2471 ], [ 71.9572, 23.2397 ], [ 71.9377, 23.267 ], [ 71.8847, 23.2248 ], [ 71.9052, 23.3303 ], [ 71.8841, 23.3808 ], [ 71.9686, 23.3909 ], [ 72.0087, 23.5013 ], [ 72.0413, 23.5059 ], [ 72.0619, 23.4414 ], [ 72.107, 23.4567 ], [ 72.1961, 23.4108 ], [ 72.2704, 23.4585 ], [ 72.3064, 23.4118 ], [ 72.1872, 23.2723 ], [ 72.1962, 23.1419 ], [ 72.1722, 23.1016 ], [ 72.2473, 23.1155 ], [ 72.3026, 23.0387 ], [ 72.3447, 23.1059 ], [ 72.3969, 23.0509 ], [ 72.4545, 23.0434 ], [ 72.5067, 23.0981 ], [ 72.496, 23.1434 ], [ 72.5478, 23.1634 ], [ 72.6075, 23.0883 ], [ 72.7717, 23.0928 ], [ 72.8479, 22.9928 ], [ 72.7989, 22.9075 ], [ 72.6165, 22.8845 ], [ 72.6178, 22.8139 ], [ 72.5321, 22.7966 ], [ 72.5456, 22.6248 ], [ 72.4353, 22.5707 ], [ 72.4497, 22.5033 ], [ 72.3869, 22.4706 ], [ 72.3536, 22.3813 ] ] ] } },
{ "type": "Feature", "properties": { "state": "Gujarat", "district": "Amreli" }, "geometry": { "type": "MultiPolygon", "coordinates": [ [ [ [ 71.2508, 20.8137 ], [ 71.251, 20.8139 ], [ 71.251, 20.8137 ], [ 71.2508, 20.8137 ] ] ], [ [ [ 71.386, 20.8654 ], [ 71.3885, 20.8671 ], [ 71.3876, 20.8635 ], [ 71.386, 20.8654 ] ] ], [ [ [ 71.5174, 20.9138 ], [ 71.5304, 20.9035 ], [ 71.5071, 20.9029 ], [ 71.5174, 20.9138 ] ] ], [ [ [ 71.6485, 20.9746 ], [ 71.6479, 20.9779 ], [ 71.649, 20.9765 ], [ 71.6485, 20.9746 ] ] ], [ [ [ 71.6871, 20.996 ], [ 71.6738, 20.9851 ], [ 71.674, 20.9929 ], [ 71.6871, 20.996 ] ] ], [ [ [ 71.689, 21.0079 ], [ 71.5149, 20.9482 ], [ 71.4396, 20.8693 ], [ 71.3863, 20.876 ], [ 71.2381, 20.8252 ], [ 71.1986, 20.9155 ], [ 71.2414, 20.953 ], [ 71.1445, 20.9594 ], [ 71.1655, 21.0275 ], [ 71.1435, 21.0723 ], [ 71.0183, 21.1653 ], [ 70.8733, 21.162 ], [ 70.8227, 21.2263 ], [ 70.8225, 21.3227 ], [ 70.8844, 21.3099 ], [ 70.8877, 21.3692 ], [ 70.9659, 21.392 ], [ 70.9415, 21.457 ], [ 70.8501, 21.4509 ], [ 70.8255, 21.4898 ], [ 70.9115, 21.5296 ], [ 70.8113, 21.6597 ], [ 70.8261, 21.7026 ], [ 70.7941, 21.6953 ], [ 70.7978, 21.7251 ], [ 70.9027, 21.7293 ], [ 70.9169, 21.7611 ], [ 71.0011, 21.7206 ], [ 71.0446, 21.733 ], [ 71.0636, 21.8183 ], [ 71.1251, 21.8486 ], [ 71.0475, 21.8668 ], [ 71.2128, 21.964 ], [ 71.1998, 22.0053 ], [ 71.2628, 22.0051 ], [ 71.2723, 21.9559 ], [ 71.3085, 21.9559 ], [ 71.2875, 22.006 ], [ 71.322, 22.038 ], [ 71.359, 21.9809 ], [ 71.4595, 21.9453 ], [ 71.4725, 21.8903 ], [ 71.4341, 21.9034 ], [ 71.4323, 21.8736 ], [ 71.467, 21.8618 ], [ 71.4832, 21.7952 ], [ 71.6111, 21.723 ], [ 71.6031, 21.6558 ], [ 71.6358, 21.6325 ], [ 71.572, 21.621 ], [ 71.4952, 21.4721 ], [ 71.6266, 21.4347 ], [ 71.6378, 21.3255 ], [ 71.6618, 21.3855 ], [ 71.7101, 21.3816 ], [ 71.6933, 21.3296 ], [ 71.5477, 21.2836 ], [ 71.5391, 21.244 ], [ 71.5338, 21.1717 ], [ 71.6199, 21.1288 ], [ 71.6452, 21.0864 ], [ 71.6261, 21.0518 ], [ 71.689, 21.0079 ] ] ] ] } },
{ "type": "Feature", "properties": { "state": "Gujarat", "district": "An and" }, "geometry": { "type": "MultiPolygon", "coordinates": [ [ [ [ 72.4724, 22.2032 ], [ 72.4679, 22.2054 ], [ 72.4732, 22.2076 ], [ 72.4724, 22.2032 ] ] ], [ [ [ 72.3901, 22.2135 ], [ 72.3876, 22.2101 ], [ 72.3826, 22.2157 ], [ 72.3901, 22.2135 ] ] ], [ [ [ 72.3774, 22.2263 ], [ 72.414, 22.2971 ], [ 72.3999, 22.1993 ], [ 72.3926, 22.2132 ], [ 72.3774, 22.2263 ] ] ], [ [ [ 72.3517, 22.3841 ], [ 72.3701, 22.4484 ], [ 72.4497, 22.5033 ], [ 72.4353, 22.5707 ], [ 72.5172, 22.6139 ], [ 72.5869, 22.5013 ], [ 72.6646, 22.4992 ], [ 72.6543, 22.5401 ], [ 72.7166, 22.5862 ], [ 72.698, 22.625 ], [ 72.7933, 22.6406 ], [ 72.8386, 22.6223 ], [ 72.8368, 22.593 ], [ 72.8752, 22.6183 ], [ 72.8755, 22.5825 ], [ 72.9213, 22.5898 ], [ 73.0366, 22.733 ], [ 73.1376, 22.7218 ], [ 73.2367, 22.6344 ], [ 73.0994, 22.507 ], [ 73.057, 22.3649 ], [ 73.0703, 22.3136 ], [ 72.9862, 22.2478 ], [ 72.9334, 22.3045 ], [ 72.8946, 22.2457 ], [ 72.8437, 22.2824 ], [ 72.756, 22.231 ], [ 72.6879, 22.2385 ], [ 72.6354, 22.2846 ], [ 72.5413, 22.2432 ], [ 72.5426, 22.281 ], [ 72.486, 22.1974 ], [ 72.4929, 22.2482 ], [ 72.4707, 22.2388 ], [ 72.4351, 22.3012 ], [ 72.3887, 22.3104 ], [ 72.4124, 22.3585 ], [ 72.3517, 22.3841 ] ] ] ] } },
{ "type": "Feature", "properties": { "state": "Gujarat", "district": "Aravalli" }, "geometry": { "type": "Polygon", "coordinates": [ [ [ 73.6584, 23.5041 ], [ 73.5306, 23.2866 ], [ 73.3803, 23.238 ], [ 73.3488, 23.2016 ], [ 73.3789, 23.1392 ], [ 73.2793, 23.0594 ], [ 73.1431, 23.2056 ], [ 73.0747, 23.1614 ], [ 72.9796, 23.1629 ], [ 73.0061, 23.2625 ], [ 73.1094, 23.3245 ], [ 73.0836, 23.3736 ], [ 73.1421, 23.3836 ], [ 73.127, 23.4607 ], [ 73.2132, 23.6125 ], [ 73.1288, 23.7053 ], [ 73.1549, 23.7299 ], [ 73.1427, 23.7734 ], [ 73.2551, 23.8909 ], [ 73.2907, 23.8318 ], [ 73.2969, 23.887 ], [ 73.3865, 23.9058 ], [ 73.3626, 23.7874 ], [ 73.4205, 23.7793 ], [ 73.5085, 23.7033 ], [ 73.5135, 23.6168 ], [ 73.5773, 23.6554 ], [ 73.6607, 23.6229 ], [ 73.6371, 23.548 ], [ 73.6584, 23.5041 ] ] ] } },
{ "type": "Feature", "properties": { "state": "Gujarat", "district": "Banas Kantha" }, "geometry": { "type": "Polygon", "coordinates": [ [ [ 72.1083, 24.0242 ], [ 72.0384, 24.0526 ], [ 72.0274, 24.016 ], [ 72.0549, 23.9955 ], [ 72.009, 23.9647 ], [ 71.9353, 24.0068 ], [ 71.9806, 23.8895 ], [ 71.7741, 23.8257 ], [ 71.7247, 23.8665 ], [ 71.7257, 23.9229 ], [ 71.6883, 23.9658 ], [ 71.6173, 23.938 ], [ 71.5694, 23.9927 ], [ 71.5012, 23.9664 ], [ 71.4872, 24.019 ], [ 71.4239, 23.9219 ], [ 71.4051, 23.9581 ], [ 71.2982, 23.9857 ], [ 71.3533, 24.1141 ], [ 71.2889, 24.1288 ], [ 71.2863, 24.1568 ], [ 71.333, 24.1435 ], [ 71.3813, 24.1852 ], [ 71.3483, 24.1778 ], [ 71.2993, 24.2556 ], [ 71.3218, 24.2499 ], [ 71.3313, 24.317 ], [ 71.4042, 24.3445 ], [ 71.3914, 24.3886 ], [ 71.3396, 24.3904 ], [ 71.3582, 24.5128 ], [ 71.2688, 24.5068 ], [ 71.2756, 24.5403 ], [ 71.3204, 24.5536 ], [ 71.2977, 24.6076 ], [ 71.3178, 24.6359 ], [ 71.3567, 24.6541 ], [ 71.3831, 24.6217 ], [ 71.537, 24.6789 ], [ 71.6616, 24.6333 ], [ 71.799, 24.6705 ], [ 71.8118, 24.6218 ], [ 71.8584, 24.6042 ], [ 71.8765, 24.6752 ], [ 71.9442, 24.6268 ], [ 72.0011, 24.683 ], [ 72.0796, 24.7003 ], [ 72.0849, 24.6528 ], [ 72.1654, 24.6145 ], [ 72.3538, 24.6181 ], [ 72.251, 24.5802 ], [ 72.2951, 24.5384 ], [ 72.3579, 24.5525 ], [ 72.3905, 24.4988 ], [ 72.4425, 24.5042 ], [ 72.4647, 24.4071 ], [ 72.5077, 24.4099 ], [ 72.5006, 24.4503 ], [ 72.5446, 24.5069 ], [ 72.6973, 24.4572 ], [ 72.7325, 24.3613 ], [ 72.8681, 24.3658 ], [ 72.9239, 24.3263 ], [ 72.9654, 24.3511 ], [ 72.9729, 24.3031 ], [ 73.0332, 24.2844 ], [ 72.9049, 24.0202 ], [ 72.8268, 24.0349 ], [ 72.7973, 24.093 ], [ 72.7545, 24.0675 ], [ 72.7238, 24.0881 ], [ 72.6466, 24.0663 ], [ 72.6509, 23.9887 ], [ 72.5975, 23.9756 ], [ 72.5853, 23.9336 ], [ 72.4848, 23.929 ], [ 72.4723, 23.9636 ], [ 72.3742, 23.9656 ], [ 72.3608, 24.0235 ], [ 72.2377, 24.0634 ], [ 72.2337, 24.128 ], [ 72.2116, 24.1387 ], [ 72.1941, 24.1018 ], [ 72.1415, 24.1392 ], [ 72.1088, 24.1072 ], [ 72.161, 24.1123 ], [ 72.1716, 24.0725 ], [ 72.1083, 24.0242 ] ] ] } },
{ "type": "Feature", "properties": { "state": "Gujarat", "district": "Bharuch" }, "geometry": { "type": "MultiPolygon", "coordinates": [ [ [ [ 72.6704, 21.439 ], [ 72.6654, 21.4432 ], [ 72.676, 21.4468 ], [ 72.6704, 21.439 ] ] ], [ [ [ 72.6051, 21.6196 ], [ 72.6096, 21.629 ], [ 72.6074, 21.619 ], [ 72.6051, 21.6196 ] ] ], [ [ [ 72.5813, 21.6271 ], [ 72.584, 21.6263 ], [ 72.5815, 21.626 ], [ 72.5813, 21.6271 ] ] ], [ [ [ 72.5879, 21.6301 ], [ 72.6115, 21.6357 ], [ 72.5932, 21.6188 ], [ 72.5879, 21.6301 ] ] ], [ [ [ 72.6118, 21.6321 ], [ 72.6107, 21.6299 ], [ 72.6099, 21.6296 ], [ 72.6118, 21.6321 ] ] ], [ [ [ 72.6171, 21.6385 ], [ 72.616, 21.6363 ], [ 72.6146, 21.6354 ], [ 72.6171, 21.6385 ] ] ], [ [ [ 72.6201, 21.6393 ], [ 72.6176, 21.6385 ], [ 72.6171, 21.6396 ], [ 72.6201, 21.6393 ] ] ], [ [ [ 72.5999, 21.6396 ], [ 72.6026, 21.6413 ], [ 72.5957, 21.641 ], [ 72.5999, 21.6396 ] ] ], [ [ [ 72.751, 21.6529 ], [ 72.7235, 21.6432 ], [ 72.7104, 21.6599 ], [ 72.724, 21.6654 ], [ 72.751, 21.6529 ] ] ], [ [ [ 72.9076, 21.4294 ], [ 72.8813, 21.4519 ], [ 72.8031, 21.4197 ], [ 72.7972, 21.4529 ], [ 72.7487, 21.4695 ], [ 72.686, 21.4449 ], [ 72.6943, 21.4662 ], [ 72.6451, 21.4338 ], [ 72.6746, 21.5213 ], [ 72.7329, 21.5365 ], [ 72.7407, 21.5418 ], [ 72.7424, 21.5501 ], [ 72.6832, 21.5429 ], [ 72.6257, 21.4924 ], [ 72.5982, 21.5443 ], [ 72.6282, 21.6168 ], [ 72.7024, 21.6521 ], [ 72.7232, 21.6388 ], [ 72.7926, 21.6463 ], [ 72.8332, 21.6729 ], [ 72.7363, 21.6896 ], [ 72.5474, 21.6585 ], [ 72.5079, 21.6904 ], [ 72.5699, 21.8243 ], [ 72.5171, 21.8585 ], [ 72.5049, 21.981 ], [ 72.5476, 22.1507 ], [ 72.6012, 22.2135 ], [ 72.754, 22.1732 ], [ 72.8112, 22.2471 ], [ 72.8739, 22.2237 ], [ 72.8906, 22.1756 ], [ 72.9367, 22.1815 ], [ 72.8744, 22.1502 ], [ 72.9209, 22.0446 ], [ 72.9889, 22.0473 ], [ 73.0334, 21.997 ], [ 73.0653, 22.0107 ], [ 73.0836, 22.0012 ], [ 73.0595, 21.9386 ], [ 73.0082, 21.9125 ], [ 73.0991, 21.9287 ], [ 73.0712, 21.8809 ], [ 73.1361, 21.876 ], [ 73.218, 21.8202 ], [ 73.2562, 21.8419 ], [ 73.2342, 21.9165 ], [ 73.2749, 21.9303 ], [ 73.309, 21.8328 ], [ 73.4033, 21.7709 ], [ 73.4015, 21.7183 ], [ 73.4736, 21.7195 ], [ 73.5112, 21.6784 ], [ 73.4583, 21.5233 ], [ 73.3321, 21.4856 ], [ 73.2823, 21.5059 ], [ 73.1294, 21.482 ], [ 73.0641, 21.5647 ], [ 73.0622, 21.4807 ], [ 72.9982, 21.5367 ], [ 72.9076, 21.4294 ] ] ] ] } },
{ "type": "Feature", "properties": { "state": "Gujarat", "district": "Bhavnagar" }, "geometry": { "type": "MultiPolygon", "coordinates": [ [ [ [ 71.7038, 20.9951 ], [ 71.6982, 20.9993 ], [ 71.7046, 20.999 ], [ 71.7038, 20.9951 ] ] ], [ [ [ 71.706, 20.9974 ], [ 71.7126, 20.999 ], [ 71.714, 20.9977 ], [ 71.706, 20.9974 ] ] ], [ [ [ 72.1026, 21.2743 ], [ 72.1032, 21.2704 ], [ 72.099, 21.2654 ], [ 72.1026, 21.2743 ] ] ], [ [ [ 71.5338, 21.1717 ], [ 71.5477, 21.2836 ], [ 71.6933, 21.3296 ], [ 71.7101, 21.3816 ], [ 71.6618, 21.3855 ], [ 71.6591, 21.3348 ], [ 71.6378, 21.3255 ], [ 71.6266, 21.4347 ], [ 71.5462, 21.4386 ], [ 71.4933, 21.4799 ], [ 71.5145, 21.5396 ], [ 71.5612, 21.557 ], [ 71.572, 21.621 ], [ 71.635, 21.6261 ], [ 71.6003, 21.6701 ], [ 71.6559, 21.6973 ], [ 71.6257, 21.7386 ], [ 71.6492, 21.7689 ], [ 71.6153, 21.7756 ], [ 71.6146, 21.8065 ], [ 71.6933, 21.8676 ], [ 71.6854, 21.9347 ], [ 71.7357, 22.0045 ], [ 71.792, 22.0017 ], [ 71.7959, 22.0257 ], [ 71.8688, 22.0059 ], [ 71.8327, 22.0541 ], [ 71.8656, 22.0539 ], [ 71.9183, 22.1224 ], [ 72.0308, 22.1016 ], [ 72.0435, 22.1216 ], [ 72.0886, 22.0589 ], [ 72.1781, 22.0139 ], [ 72.1354, 22.0965 ], [ 72.184, 22.0405 ], [ 72.2039, 22.0905 ], [ 72.1993, 22.0267 ], [ 72.2165, 22.0118 ], [ 72.1724, 22.0407 ], [ 72.2004, 22.0043 ], [ 72.2137, 21.999 ], [ 72.231, 22.0076 ], [ 72.2215, 21.9571 ], [ 72.1907, 21.9424 ], [ 72.1465, 21.9835 ], [ 72.1471, 21.9549 ], [ 72.1901, 21.9371 ], [ 72.2201, 21.9479 ], [ 72.2532, 21.8974 ], [ 72.2646, 21.7404 ], [ 72.2471, 21.791 ], [ 72.2032, 21.8249 ], [ 72.1971, 21.8274 ], [ 72.1893, 21.8282 ], [ 72.1854, 21.8274 ], [ 72.1829, 21.8238 ], [ 72.2412, 21.7874 ], [ 72.306, 21.6285 ], [ 72.2232, 21.4387 ], [ 72.109, 21.2829 ], [ 72.076, 21.3021 ], [ 72.1137, 21.1965 ], [ 72.0076, 21.1326 ], [ 72.0107, 21.186 ], [ 71.9768, 21.121 ], [ 71.689, 21.0079 ], [ 71.6261, 21.0518 ], [ 71.6452, 21.0864 ], [ 71.6199, 21.1288 ], [ 71.5338, 21.1717 ] ] ], [ [ [ 72.3471, 21.6104 ], [ 72.3651, 21.5879 ], [ 72.3587, 21.5799 ], [ 72.3471, 21.6104 ] ] ], [ [ [ 72.2738, 21.7496 ], [ 72.2876, 21.7074 ], [ 72.2676, 21.7365 ], [ 72.2738, 21.7496 ] ] ], [ [ [ 72.3549, 21.9432 ], [ 72.3604, 21.9246 ], [ 72.3476, 21.929 ], [ 72.3549, 21.9432 ] ] ], [ [ [ 72.214, 22.0054 ], [ 72.2135, 22.0013 ], [ 72.2104, 22.0032 ], [ 72.214, 22.0054 ] ] ], [ [ [ 72.2057, 22.0258 ], [ 72.222, 22.0901 ], [ 72.2473, 22.0651 ], [ 72.2414, 22.1076 ], [ 72.2809, 22.1445 ], [ 72.2655, 22.2085 ], [ 72.326, 22.2336 ], [ 72.3336, 22.3041 ], [ 72.3726, 22.3202 ], [ 72.3865, 22.2388 ], [ 72.3562, 22.2713 ], [ 72.361, 22.2093 ], [ 72.3915, 22.1679 ], [ 72.376, 22.1499 ], [ 72.359, 22.1726 ], [ 72.3637, 22.189 ], [ 72.3576, 22.1929 ], [ 72.3412, 22.1246 ], [ 72.3162, 22.1465 ], [ 72.3176, 22.1807 ], [ 72.2943, 22.2024 ], [ 72.3126, 22.1807 ], [ 72.3104, 22.1446 ], [ 72.3238, 22.1301 ], [ 72.276, 21.9299 ], [ 72.2415, 22.0496 ], [ 72.2979, 22.0635 ], [ 72.3018, 22.1068 ], [ 72.2654, 22.1054 ], [ 72.2779, 22.0799 ], [ 72.2363, 22.0576 ], [ 72.2329, 22.0182 ], [ 72.2057, 22.0258 ] ] ], [ [ [ 72.3707, 22.2351 ], [ 72.3701, 22.2229 ], [ 72.3765, 22.2038 ], [ 72.3707, 22.2351 ] ] ] ] } },
{ "type": "Feature", "properties": { "state": "Gujarat", "district": "Botad" }, "geometry": { "type": "Polygon", "coordinates": [ [ [ 71.4832, 21.7952 ], [ 71.4315, 21.8975 ], [ 71.4725, 21.8903 ], [ 71.4759, 21.9265 ], [ 71.4055, 21.971 ], [ 71.5197, 22.0517 ], [ 71.4926, 22.1808 ], [ 71.4411, 22.2048 ], [ 71.4714, 22.2267 ], [ 71.4531, 22.2853 ], [ 71.5429, 22.3398 ], [ 71.5829, 22.3168 ], [ 71.6029, 22.3491 ], [ 71.6623, 22.2439 ], [ 71.641, 22.2023 ], [ 71.6693, 22.2132 ], [ 71.7467, 22.1792 ], [ 71.7709, 22.1303 ], [ 71.8471, 22.1308 ], [ 71.863, 22.0929 ], [ 71.8944, 22.0968 ], [ 71.8327, 22.0541 ], [ 71.8775, 22.02 ], [ 71.7357, 22.0045 ], [ 71.6868, 21.9368 ], [ 71.6933, 21.8676 ], [ 71.613, 21.7984 ], [ 71.6492, 21.7689 ], [ 71.6257, 21.7386 ], [ 71.6559, 21.6973 ], [ 71.6075, 21.69 ], [ 71.6111, 21.723 ], [ 71.4832, 21.7952 ] ] ] } },
{ "type": "Feature", "properties": { "state": "Gujarat", "district": "Chhota Udaipur" }, "geometry": { "type": "Polygon", "coordinates": [ [ [ 73.7405, 21.9799 ], [ 73.6603, 21.9661 ], [ 73.6897, 21.9159 ], [ 73.6169, 21.8955 ], [ 73.5538, 21.979 ], [ 73.514, 21.9636 ], [ 73.51, 22.0377 ], [ 73.551, 22.0651 ], [ 73.5452, 22.0902 ], [ 73.4891, 22.0807 ], [ 73.5216, 22.1329 ], [ 73.488, 22.2184 ], [ 73.5501, 22.2695 ], [ 73.5519, 22.3274 ], [ 73.636, 22.3238 ], [ 73.6367, 22.3874 ], [ 73.7096, 22.3585 ], [ 73.64, 22.3014 ], [ 73.736, 22.2912 ], [ 73.7761, 22.3876 ], [ 73.7379, 22.4144 ], [ 73.747, 22.5362 ], [ 73.8094, 22.5501 ], [ 73.8894, 22.5044 ], [ 74.0409, 22.5718 ], [ 74.0667, 22.5509 ], [ 74.0371, 22.4915 ], [ 74.0853, 22.5085 ], [ 74.1105, 22.4292 ], [ 74.1442, 22.4567 ], [ 74.1708, 22.4336 ], [ 74.1908, 22.4779 ], [ 74.2046, 22.4372 ], [ 74.2942, 22.3945 ], [ 74.2068, 22.3676 ], [ 74.1911, 22.3219 ], [ 74.1343, 22.3323 ], [ 74.112, 22.3716 ], [ 74.072, 22.3602 ], [ 74.0758, 22.2219 ], [ 74.1228, 22.2129 ], [ 74.1303, 22.0977 ], [ 74.1807, 22.0866 ], [ 74.0977, 22.0155 ], [ 74.1538, 21.9864 ], [ 74.146, 21.9541 ], [ 73.9492, 21.8703 ], [ 73.8644, 21.9512 ], [ 73.8139, 21.9284 ], [ 73.7405, 21.9799 ] ] ] } },
{ "type": "Feature", "properties": { "state": "Gujarat", "district": "Dahod" }, "geometry": { "type": "Polygon", "coordinates": [ [ [ 74.0199, 22.5606 ], [ 73.8894, 22.5044 ], [ 73.7631, 22.5475 ], [ 73.7309, 22.4537 ], [ 73.6517, 22.5131 ], [ 73.6334, 22.4815 ], [ 73.5957, 22.4859 ], [ 73.5768, 22.5683 ], [ 73.6329, 22.5974 ], [ 73.61, 22.6206 ], [ 73.6432, 22.6644 ], [ 73.6954, 22.6664 ], [ 73.691, 22.7164 ], [ 73.7466, 22.7052 ], [ 73.7561, 22.7811 ], [ 73.8357, 22.8091 ], [ 73.8558, 22.7902 ], [ 73.8445, 22.8456 ], [ 73.8758, 22.8474 ], [ 73.8935, 22.9499 ], [ 73.9342, 22.98 ], [ 73.9077, 22.9915 ], [ 73.9296, 23.0937 ], [ 74.0472, 23.0738 ], [ 74.1033, 23.1021 ], [ 74.1225, 23.1916 ], [ 74.183, 23.1522 ], [ 74.2075, 23.1921 ], [ 74.246, 23.1883 ], [ 74.2825, 23.095 ], [ 74.3492, 23.0302 ], [ 74.362, 22.9331 ], [ 74.4004, 22.8994 ], [ 74.4628, 22.9135 ], [ 74.4688, 22.8235 ], [ 74.4392, 22.8094 ], [ 74.3811, 22.6386 ], [ 74.2654, 22.6448 ], [ 74.1533, 22.5174 ], [ 74.0199, 22.5606 ] ] ] } },
{ "type": "Feature", "properties": { "state": "Gujarat", "district": "Devbhumi Dwarka" }, "geometry": { "type": "MultiPolygon", "coordinates": [ [ [ [ 69.1826, 22.3674 ], [ 69.1854, 22.364 ], [ 69.1843, 22.364 ], [ 69.1826, 22.3674 ] ] ], [ [ [ 69.1943, 22.3726 ], [ 69.1946, 22.3676 ], [ 69.1899, 22.3693 ], [ 69.1943, 22.3726 ] ] ], [ [ [ 69.2132, 22.3849 ], [ 69.2135, 22.3824 ], [ 69.2124, 22.3846 ], [ 69.2132, 22.3849 ] ] ], [ [ [ 69.2004, 22.3849 ], [ 69.1996, 22.3871 ], [ 69.2024, 22.3876 ], [ 69.2004, 22.3849 ] ] ], [ [ [ 69.2782, 22.4179 ], [ 69.2796, 22.4152 ], [ 69.2776, 22.416 ], [ 69.2782, 22.4179 ] ] ], [ [ [ 69.2779, 22.4201 ], [ 69.2779, 22.4182 ], [ 69.2751, 22.419 ], [ 69.2779, 22.4201 ] ] ], [ [ [ 69.1504, 22.4688 ], [ 69.111, 22.464 ], [ 69.0849, 22.421 ], [ 69.0935, 22.4615 ], [ 69.1257, 22.4757 ], [ 69.1504, 22.4688 ] ] ], [ [ [ 69.1421, 22.4543 ], [ 69.1407, 22.4546 ], [ 69.1415, 22.4576 ], [ 69.1421, 22.4543 ] ] ], [ [ [ 69.086, 22.486 ], [ 69.084, 22.4851 ], [ 69.089, 22.4899 ], [ 69.086, 22.486 ] ] ], [ [ [ 69.7746, 21.8173 ], [ 69.7374, 21.7831 ], [ 69.6768, 21.8265 ], [ 69.6374, 21.7969 ], [ 69.6349, 21.8531 ], [ 69.6809, 21.859 ], [ 69.6905, 21.9123 ], [ 69.7462, 21.9277 ], [ 69.7123, 21.9674 ], [ 69.6749, 21.9443 ], [ 69.6802, 21.9116 ], [ 69.6046, 21.9344 ], [ 69.5565, 21.8778 ], [ 69.5123, 21.8828 ], [ 69.5139, 21.844 ], [ 69.424, 21.8626 ], [ 69.396, 21.8018 ], [ 68.9574, 22.2377 ], [ 68.936, 22.3121 ], [ 68.9846, 22.4143 ], [ 69.0674, 22.4801 ], [ 69.0437, 22.4326 ], [ 69.0693, 22.3957 ], [ 69.194, 22.4238 ], [ 69.1579, 22.3129 ], [ 69.2326, 22.2579 ], [ 69.3199, 22.2912 ], [ 69.3343, 22.3304 ], [ 69.4885, 22.3379 ], [ 69.5238, 22.3857 ], [ 69.4982, 22.4357 ], [ 69.5507, 22.4049 ], [ 69.5618, 22.3557 ], [ 69.5912, 22.361 ], [ 69.5718, 22.3343 ], [ 69.5749, 22.319 ], [ 69.5943, 22.3524 ], [ 69.6068, 22.3257 ], [ 69.6179, 22.3685 ], [ 69.6546, 22.359 ], [ 69.664, 22.3938 ], [ 69.6993, 22.396 ], [ 69.6979, 22.4429 ], [ 69.6718, 22.4393 ], [ 69.6718, 22.4507 ], [ 69.7307, 22.4738 ], [ 69.7815, 22.4121 ], [ 69.7526, 22.3844 ], [ 69.7797, 22.3108 ], [ 69.7604, 22.2988 ], [ 69.7849, 22.2273 ], [ 69.8369, 22.1887 ], [ 69.8446, 22.1043 ], [ 69.9195, 22.1149 ], [ 69.88, 22.003 ], [ 69.9534, 21.9501 ], [ 69.9171, 21.8215 ], [ 69.7746, 21.8173 ] ] ], [ [ [ 69.3093, 22.3051 ], [ 69.3121, 22.304 ], [ 69.3118, 22.3032 ], [ 69.3093, 22.3051 ] ] ], [ [ [ 69.4499, 22.3507 ], [ 69.454, 22.3576 ], [ 69.4582, 22.3521 ], [ 69.4499, 22.3507 ] ] ], [ [ [ 69.3349, 22.389 ], [ 69.3335, 22.3726 ], [ 69.3226, 22.3801 ], [ 69.3349, 22.389 ] ] ], [ [ [ 69.489, 22.3915 ], [ 69.4801, 22.3907 ], [ 69.4826, 22.3987 ], [ 69.489, 22.3915 ] ] ], [ [ [ 69.6254, 22.4596 ], [ 69.6365, 22.4065 ], [ 69.5882, 22.4371 ], [ 69.6254, 22.4596 ] ] ], [ [ [ 69.3012, 22.474 ], [ 69.3204, 22.451 ], [ 69.2929, 22.4593 ], [ 69.3012, 22.474 ] ] ], [ [ [ 69.3218, 22.5276 ], [ 69.3501, 22.504 ], [ 69.3157, 22.5199 ], [ 69.3218, 22.5276 ] ] ], [ [ [ 69.4018, 22.5282 ], [ 69.406, 22.5254 ], [ 69.4032, 22.5243 ], [ 69.4018, 22.5282 ] ] ] ] } },
{ "type": "Feature", "properties": { "state": "Gujarat", "district": "Gandhinagar" }, "geometry": { "type": "Polygon", "coordinates": [ [ [ 72.8472, 22.9935 ], [ 72.7717, 23.0928 ], [ 72.6075, 23.0883 ], [ 72.5478, 23.1634 ], [ 72.496, 23.1434 ], [ 72.5067, 23.0981 ], [ 72.4545, 23.0434 ], [ 72.3969, 23.0509 ], [ 72.3447, 23.1059 ], [ 72.3791, 23.0952 ], [ 72.435, 23.1413 ], [ 72.3935, 23.1607 ], [ 72.4255, 23.2026 ], [ 72.4532, 23.1952 ], [ 72.4232, 23.2839 ], [ 72.5286, 23.3495 ], [ 72.5318, 23.4191 ], [ 72.6086, 23.41 ], [ 72.6482, 23.3714 ], [ 72.733, 23.3856 ], [ 72.7325, 23.3258 ], [ 72.7435, 23.3222 ], [ 72.9134, 23.3214 ], [ 72.8905, 23.2905 ], [ 72.926, 23.2865 ], [ 72.948, 23.2388 ], [ 73.006, 23.2968 ], [ 73.0243, 23.2788 ], [ 72.9796, 23.1629 ], [ 73.0372, 23.1367 ], [ 72.9875, 23.1287 ], [ 72.9691, 23.0743 ], [ 72.9348, 23.0771 ], [ 72.8472, 22.9935 ] ] ] } },
{ "type": "Feature", "properties": { "state": "Gujarat", "district": "Gir Somnath" }, "geometry": { "type": "MultiPolygon", "coordinates": [ [ [ [ 70.8876, 20.7093 ], [ 70.884, 20.7138 ], [ 70.8878, 20.7111 ], [ 70.8876, 20.7093 ] ] ], [ [ [ 70.8962, 20.8248 ], [ 70.8403, 20.7285 ], [ 70.874, 20.7049 ], [ 70.8382, 20.6901 ], [ 70.8157, 20.7193 ], [ 70.7438, 20.7199 ], [ 70.4474, 20.8479 ], [ 70.256, 20.9757 ], [ 70.3735, 21.0252 ], [ 70.396, 21.0006 ], [ 70.4264, 21.0458 ], [ 70.4669, 21.0288 ], [ 70.4677, 21.0823 ], [ 70.5269, 21.0855 ], [ 70.523, 21.1322 ], [ 70.5944, 21.1838 ], [ 70.6406, 21.1038 ], [ 70.6772, 21.1118 ], [ 70.6852, 21.069 ], [ 70.7416, 21.0531 ], [ 70.7262, 21.0039 ], [ 70.7623, 20.9656 ], [ 70.887, 20.9452 ], [ 70.9002, 20.8857 ], [ 70.817, 20.8512 ], [ 70.8962, 20.8248 ] ] ] ] } },
{ "type": "Feature", "properties": { "state": "Gujarat", "district": "Jamnagar" }, "geometry": { "type": "MultiPolygon", "coordinates": [ [ [ [ 69.9435, 22.5304 ], [ 69.9465, 22.5315 ], [ 69.9476, 22.5304 ], [ 69.9435, 22.5304 ] ] ], [ [ [ 69.9168, 22.5532 ], [ 69.9157, 22.5118 ], [ 69.8624, 22.5271 ], [ 69.9168, 22.5532 ] ] ], [ [ [ 69.9551, 22.536 ], [ 69.9538, 22.5326 ], [ 69.9524, 22.5326 ], [ 69.9551, 22.536 ] ] ], [ [ [ 69.9635, 22.5418 ], [ 69.954, 22.536 ], [ 69.9593, 22.5438 ], [ 69.9635, 22.5418 ] ] ], [ [ [ 69.9482, 22.5354 ], [ 69.9526, 22.5504 ], [ 69.9576, 22.5451 ], [ 69.9482, 22.5354 ] ] ], [ [ [ 70.0238, 22.5532 ], [ 70.0199, 22.5479 ], [ 70.0115, 22.5496 ], [ 70.0238, 22.5532 ] ] ], [ [ [ 69.996, 22.5488 ], [ 70.0118, 22.5529 ], [ 70.0126, 22.5524 ], [ 69.996, 22.5488 ] ] ], [ [ [ 70.0135, 22.5526 ], [ 70.0185, 22.5585 ], [ 70.0249, 22.5554 ], [ 70.0135, 22.5526 ] ] ], [ [ [ 70.0251, 22.5682 ], [ 69.9926, 22.5482 ], [ 69.9579, 22.5496 ], [ 70.0037, 22.5932 ], [ 70.0251, 22.5682 ] ] ], [ [ [ 69.9568, 22.5949 ], [ 69.9488, 22.606 ], [ 69.9638, 22.599 ], [ 69.9568, 22.5949 ] ] ], [ [ [ 69.8974, 21.8207 ], [ 69.9531, 21.8814 ], [ 69.9534, 21.9501 ], [ 69.88, 22.003 ], [ 69.9195, 22.1149 ], [ 69.8446, 22.1043 ], [ 69.7526, 22.3844 ], [ 69.811, 22.4085 ], [ 69.829, 22.4449 ], [ 69.7971, 22.4571 ], [ 69.8326, 22.451 ], [ 69.8343, 22.5007 ], [ 69.8363, 22.454 ], [ 69.8701, 22.4465 ], [ 69.914, 22.4562 ], [ 69.9349, 22.5126 ], [ 69.9574, 22.4954 ], [ 69.946, 22.5285 ], [ 69.9763, 22.5432 ], [ 70.1712, 22.5571 ], [ 70.2429, 22.6626 ], [ 70.2532, 22.6929 ], [ 70.2385, 22.7018 ], [ 70.2551, 22.7065 ], [ 70.2529, 22.7335 ], [ 70.3032, 22.7576 ], [ 70.4321, 22.9604 ], [ 70.5492, 22.9561 ], [ 70.4631, 22.9549 ], [ 70.5954, 22.9082 ], [ 70.6778, 22.8249 ], [ 70.631, 22.758 ], [ 70.6603, 22.698 ], [ 70.5643, 22.5569 ], [ 70.6184, 22.523 ], [ 70.5436, 22.5053 ], [ 70.6029, 22.4794 ], [ 70.5518, 22.4502 ], [ 70.519, 22.4818 ], [ 70.5169, 22.4463 ], [ 70.4835, 22.4602 ], [ 70.4635, 22.4255 ], [ 70.5212, 22.4198 ], [ 70.4919, 22.3688 ], [ 70.5455, 22.3335 ], [ 70.4887, 22.3048 ], [ 70.6294, 22.1875 ], [ 70.5795, 22.1367 ], [ 70.6045, 22.1062 ], [ 70.5679, 22.0741 ], [ 70.5863, 22.0227 ], [ 70.5216, 21.9891 ], [ 70.5399, 22.0412 ], [ 70.3482, 22.0412 ], [ 70.3221, 21.9862 ], [ 70.284, 21.9947 ], [ 70.2717, 21.96 ], [ 70.2267, 21.9539 ], [ 70.2156, 21.8852 ], [ 70.1653, 21.9328 ], [ 70.1122, 21.8272 ], [ 70.1303, 21.8156 ], [ 70.0517, 21.7828 ], [ 70.0966, 21.7241 ], [ 70.0721, 21.6898 ], [ 70.0431, 21.6994 ], [ 70.0123, 21.7994 ], [ 69.8924, 21.7709 ], [ 69.8898, 21.7263 ], [ 69.8405, 21.7309 ], [ 69.8393, 21.8098 ], [ 69.8974, 21.8207 ] ] ], [ [ [ 70.0385, 22.5668 ], [ 70.0407, 22.5646 ], [ 70.0388, 22.5643 ], [ 70.0385, 22.5668 ] ] ], [ [ [ 70.0421, 22.5701 ], [ 70.0454, 22.569 ], [ 70.0421, 22.5674 ], [ 70.0421, 22.5701 ] ] ], [ [ [ 70.1824, 22.5829 ], [ 70.1801, 22.5815 ], [ 70.1807, 22.5835 ], [ 70.1824, 22.5829 ] ] ], [ [ [ 70.191, 22.599 ], [ 70.1893, 22.5976 ], [ 70.1888, 22.5996 ], [ 70.191, 22.599 ] ] ], [ [ [ 70.221, 22.6435 ], [ 70.2171, 22.6451 ], [ 70.2154, 22.6457 ], [ 70.2171, 22.6462 ], [ 70.221, 22.6435 ] ] ], [ [ [ 70.2387, 22.6835 ], [ 70.2438, 22.6843 ], [ 70.2418, 22.6821 ], [ 70.2387, 22.6835 ] ] ], [ [ [ 70.2351, 22.6824 ], [ 70.2385, 22.6832 ], [ 70.2385, 22.6824 ], [ 70.2351, 22.6824 ] ] ], [ [ [ 70.2418, 22.6893 ], [ 70.2479, 22.6899 ], [ 70.2426, 22.6868 ], [ 70.2418, 22.6893 ] ] ], [ [ [ 70.2432, 22.7201 ], [ 70.2465, 22.7146 ], [ 70.2454, 22.7118 ], [ 70.2432, 22.7201 ] ] ] ] } },
{ "type": "Feature", "properties": { "state": "Gujarat", "district": "Junagadh" }, "geometry": { "type": "MultiPolygon", "coordinates": [ [ [ [ 70.8704, 20.7187 ], [ 70.8403, 20.7285 ], [ 70.8546, 20.7521 ], [ 70.8704, 20.7187 ] ] ], [ [ [ 71.0738, 20.7354 ], [ 70.8735, 20.7099 ], [ 70.9204, 20.7368 ], [ 70.8749, 20.7268 ], [ 70.8632, 20.7549 ], [ 70.8436, 20.7604 ], [ 70.8962, 20.8248 ], [ 70.817, 20.8512 ], [ 70.9002, 20.8857 ], [ 70.8802, 20.9554 ], [ 70.7623, 20.9656 ], [ 70.7262, 21.0039 ], [ 70.7416, 21.0531 ], [ 70.6852, 21.069 ], [ 70.6772, 21.1118 ], [ 70.6406, 21.1038 ], [ 70.5944, 21.1838 ], [ 70.523, 21.1322 ], [ 70.5269, 21.0855 ], [ 70.4677, 21.0823 ], [ 70.4669, 21.0288 ], [ 70.4264, 21.0458 ], [ 70.396, 21.0006 ], [ 70.3735, 21.0252 ], [ 70.256, 20.9757 ], [ 70.0996, 21.1046 ], [ 69.9988, 21.2074 ], [ 70.0512, 21.2668 ], [ 70.0005, 21.2849 ], [ 69.9684, 21.3858 ], [ 70.0735, 21.442 ], [ 70.0183, 21.4692 ], [ 70.0037, 21.5218 ], [ 70.0256, 21.5346 ], [ 69.9898, 21.5833 ], [ 70.0904, 21.5777 ], [ 70.0583, 21.6403 ], [ 70.1276, 21.6363 ], [ 70.1433, 21.6709 ], [ 70.1693, 21.6538 ], [ 70.1603, 21.6041 ], [ 70.2479, 21.6287 ], [ 70.283, 21.6055 ], [ 70.2797, 21.5187 ], [ 70.3222, 21.5798 ], [ 70.3866, 21.5907 ], [ 70.3875, 21.6298 ], [ 70.4644, 21.6668 ], [ 70.5109, 21.6411 ], [ 70.5646, 21.6675 ], [ 70.5816, 21.6134 ], [ 70.6724, 21.6425 ], [ 70.7202, 21.5996 ], [ 70.8113, 21.6597 ], [ 70.9115, 21.5296 ], [ 70.8255, 21.4898 ], [ 70.8501, 21.4509 ], [ 70.9415, 21.457 ], [ 70.9659, 21.392 ], [ 70.8877, 21.3692 ], [ 70.8844, 21.3099 ], [ 70.8196, 21.3193 ], [ 70.843, 21.1911 ], [ 70.8733, 21.162 ], [ 71.0224, 21.1637 ], [ 71.1495, 21.066 ], [ 71.1445, 20.9594 ], [ 71.2414, 20.953 ], [ 71.1986, 20.8845 ], [ 71.2504, 20.8135 ], [ 71.0738, 20.7354 ] ] ] ] } },
{ "type": "Feature", "properties": { "state": "Gujarat", "district": "Kachchh" }, "geometry": { "type": "MultiPolygon", "coordinates": [ [ [ [ 68.4624, 23.404 ], [ 68.4621, 23.4024 ], [ 68.4604, 23.4051 ], [ 68.4624, 23.404 ] ] ], [ [ [ 68.4132, 23.4096 ], [ 68.4235, 23.4007 ], [ 68.4187, 23.4004 ], [ 68.4132, 23.4096 ] ] ], [ [ [ 68.429, 23.4068 ], [ 68.4315, 23.406 ], [ 68.4324, 23.4049 ], [ 68.429, 23.4068 ] ] ], [ [ [ 68.4615, 23.4063 ], [ 68.4626, 23.409 ], [ 68.4632, 23.409 ], [ 68.4632, 23.4068 ], [ 68.464, 23.4057 ], [ 68.4615, 23.4063 ] ] ], [ [ [ 68.4099, 23.4079 ], [ 68.4099, 23.4057 ], [ 68.4088, 23.4093 ], [ 68.4099, 23.4079 ] ] ], [ [ [ 68.4579, 23.4121 ], [ 68.4624, 23.4115 ], [ 68.4579, 23.4112 ], [ 68.4579, 23.4121 ] ] ], [ [ [ 68.4004, 23.4212 ], [ 68.4004, 23.416 ], [ 68.3985, 23.4201 ], [ 68.4004, 23.4212 ] ] ], [ [ [ 68.4026, 23.4218 ], [ 68.4013, 23.421 ], [ 68.4015, 23.4232 ], [ 68.4026, 23.4218 ] ] ], [ [ [ 68.399, 23.4282 ], [ 68.4007, 23.4221 ], [ 68.3982, 23.4218 ], [ 68.399, 23.4282 ] ] ], [ [ [ 68.4846, 23.4032 ], [ 68.4582, 23.4179 ], [ 68.4746, 23.4599 ], [ 68.4212, 23.4201 ], [ 68.4121, 23.4435 ], [ 68.4854, 23.4754 ], [ 68.4846, 23.4032 ] ] ], [ [ [ 68.4076, 23.456 ], [ 68.4013, 23.4551 ], [ 68.4074, 23.4579 ], [ 68.4076, 23.456 ] ] ], [ [ [ 68.4374, 23.5004 ], [ 68.4393, 23.4993 ], [ 68.4385, 23.4985 ], [ 68.4374, 23.5004 ] ] ], [ [ [ 68.4854, 23.5751 ], [ 68.446, 23.5401 ], [ 68.4304, 23.5077 ], [ 68.4354, 23.5571 ], [ 68.4729, 23.5782 ], [ 68.4624, 23.5815 ], [ 68.4796, 23.5899 ], [ 68.481, 23.5915 ], [ 68.4804, 23.5968 ], [ 68.4854, 23.5751 ] ] ], [ [ [ 68.2251, 23.5838 ], [ 68.2224, 23.586 ], [ 68.2279, 23.584 ], [ 68.2251, 23.5838 ] ] ], [ [ [ 68.2535, 23.5821 ], [ 68.254, 23.5901 ], [ 68.2579, 23.5851 ], [ 68.2535, 23.5821 ] ] ], [ [ [ 68.466, 23.5982 ], [ 68.4443, 23.5776 ], [ 68.454, 23.5993 ], [ 68.466, 23.5982 ] ] ], [ [ [ 68.2151, 23.5871 ], [ 68.2151, 23.5912 ], [ 68.2171, 23.5863 ], [ 68.2151, 23.5871 ] ] ], [ [ [ 68.4518, 23.6029 ], [ 68.4349, 23.6168 ], [ 68.4649, 23.6229 ], [ 68.4665, 23.601 ], [ 68.4518, 23.6029 ] ] ], [ [ [ 68.4262, 23.7949 ], [ 68.3946, 23.6615 ], [ 68.3754, 23.6432 ], [ 68.386, 23.6676 ], [ 68.3896, 23.686 ], [ 68.3468, 23.5982 ], [ 68.2807, 23.5824 ], [ 68.2779, 23.6313 ], [ 68.2865, 23.6274 ], [ 68.3046, 23.6301 ], [ 68.314, 23.6229 ], [ 68.3068, 23.6307 ], [ 68.2771, 23.6326 ], [ 68.254, 23.5924 ], [ 68.1971, 23.5971 ], [ 68.2046, 23.6476 ], [ 68.2101, 23.6404 ], [ 68.2601, 23.6399 ], [ 68.2582, 23.6449 ], [ 68.2799, 23.649 ], [ 68.2996, 23.6474 ], [ 68.3118, 23.6501 ], [ 68.2804, 23.6521 ], [ 68.2593, 23.646 ], [ 68.2312, 23.6429 ], [ 68.3499, 23.7318 ], [ 68.3504, 23.8007 ], [ 68.3979, 23.7849 ], [ 68.4262, 23.7949 ] ] ], [ [ [ 68.4488, 23.7304 ], [ 68.4507, 23.7321 ], [ 68.4507, 23.7313 ], [ 68.4488, 23.7304 ] ] ], [ [ [ 68.3182, 23.7318 ], [ 68.2857, 23.7546 ], [ 68.2946, 23.7232 ], [ 68.2574, 23.716 ], [ 68.3043, 23.8232 ], [ 68.3182, 23.7318 ] ] ], [ [ [ 68.2149, 23.7582 ], [ 68.224, 23.7632 ], [ 68.2168, 23.7557 ], [ 68.2149, 23.7582 ] ] ], [ [ [ 68.3418, 23.7893 ], [ 68.3465, 23.7796 ], [ 68.3404, 23.7771 ], [ 68.3418, 23.7893 ] ] ], [ [ [ 68.4313, 23.846 ], [ 68.4054, 23.7932 ], [ 68.3899, 23.8321 ], [ 68.3843, 23.8374 ], [ 68.3796, 23.8382 ], [ 68.4015, 23.7904 ], [ 68.3551, 23.811 ], [ 68.3249, 23.7951 ], [ 68.3474, 23.8196 ], [ 68.3443, 23.8393 ], [ 68.3771, 23.8579 ], [ 68.3779, 23.8743 ], [ 68.4313, 23.846 ] ] ], [ [ [ 68.4129, 23.9274 ], [ 68.3449, 23.9013 ], [ 68.3376, 23.8193 ], [ 68.3037, 23.8246 ], [ 68.2657, 23.7929 ], [ 68.254, 23.7188 ], [ 68.2668, 23.6918 ], [ 68.2324, 23.6851 ], [ 68.1926, 23.731 ], [ 68.2118, 23.7635 ], [ 68.2138, 23.7554 ], [ 68.2196, 23.7549 ], [ 68.2343, 23.7749 ], [ 68.2129, 23.8346 ], [ 68.2346, 23.836 ], [ 68.2454, 23.8538 ], [ 68.2604, 23.8249 ], [ 68.2874, 23.8393 ], [ 68.2487, 23.8538 ], [ 68.2593, 23.8718 ], [ 68.3051, 23.8657 ], [ 68.3176, 23.8793 ], [ 68.259, 23.8751 ], [ 68.2771, 23.9149 ], [ 68.3346, 23.9176 ], [ 68.3599, 23.9776 ], [ 68.3938, 23.9649 ], [ 68.4307, 23.9946 ], [ 68.4129, 23.9274 ] ] ], [ [ [ 68.2335, 23.8424 ], [ 68.2168, 23.8676 ], [ 68.2549, 23.8751 ], [ 68.2335, 23.8424 ] ] ], [ [ [ 68.449, 23.9196 ], [ 68.4421, 23.8704 ], [ 68.4224, 23.8949 ], [ 68.4171, 23.8724 ], [ 68.3774, 23.8765 ], [ 68.3499, 23.8463 ], [ 68.3529, 23.9007 ], [ 68.449, 23.9196 ] ] ], [ [ [ 68.471, 23.3563 ], [ 68.4765, 23.3554 ], [ 68.4763, 23.3535 ], [ 68.471, 23.3563 ] ] ], [ [ [ 68.5051, 23.3799 ], [ 68.5026, 23.3785 ], [ 68.5026, 23.3835 ], [ 68.5029, 23.3821 ], [ 68.5051, 23.3799 ] ] ], [ [ [ 68.5038, 23.3843 ], [ 68.5051, 23.3813 ], [ 68.5043, 23.381 ], [ 68.5038, 23.3843 ] ] ], [ [ [ 68.4713, 23.4043 ], [ 68.471, 23.404 ], [ 68.4696, 23.4057 ], [ 68.4713, 23.4043 ] ] ], [ [ [ 68.5013, 23.4301 ], [ 68.5004, 23.4313 ], [ 68.5021, 23.4324 ], [ 68.5013, 23.4301 ] ] ], [ [ [ 68.4968, 23.4346 ], [ 68.501, 23.436 ], [ 68.4982, 23.4343 ], [ 68.4968, 23.4346 ] ] ], [ [ [ 68.5013, 23.4393 ], [ 68.4993, 23.4424 ], [ 68.5021, 23.4435 ], [ 68.5013, 23.4393 ] ] ], [ [ [ 68.4957, 23.4476 ], [ 68.4999, 23.4446 ], [ 68.4968, 23.444 ], [ 68.4957, 23.4476 ] ] ], [ [ [ 68.4987, 23.4654 ], [ 68.4951, 23.4754 ], [ 68.5001, 23.4551 ], [ 68.4987, 23.4654 ] ] ], [ [ [ 68.4871, 23.4857 ], [ 68.4951, 23.4768 ], [ 68.4821, 23.4779 ], [ 68.4871, 23.4857 ] ] ], [ [ [ 68.4729, 23.491 ], [ 68.459, 23.4879 ], [ 68.4657, 23.4979 ], [ 68.4729, 23.491 ] ] ], [ [ [ 68.4812, 23.4779 ], [ 68.4846, 23.4851 ], [ 68.4804, 23.5013 ], [ 68.4868, 23.486 ], [ 68.4812, 23.4779 ] ] ], [ [ [ 68.4865, 23.4954 ], [ 68.4896, 23.4918 ], [ 68.4871, 23.4865 ], [ 68.4865, 23.4954 ] ] ], [ [ [ 68.5068, 23.4904 ], [ 68.5079, 23.4915 ], [ 68.509, 23.4904 ], [ 68.5068, 23.4904 ] ] ], [ [ [ 68.5115, 23.4924 ], [ 68.5101, 23.491 ], [ 68.5093, 23.4926 ], [ 68.5115, 23.4924 ] ] ], [ [ [ 68.4707, 23.5213 ], [ 68.4632, 23.5188 ], [ 68.4674, 23.524 ], [ 68.4707, 23.5213 ] ] ], [ [ [ 68.4688, 23.5246 ], [ 68.476, 23.5285 ], [ 68.4715, 23.5207 ], [ 68.4688, 23.5246 ] ] ], [ [ [ 68.4765, 23.5321 ], [ 68.4718, 23.5362 ], [ 68.4735, 23.5371 ], [ 68.4765, 23.5321 ] ] ], [ [ [ 68.4788, 23.5554 ], [ 68.4696, 23.5388 ], [ 68.4596, 23.531 ], [ 68.4532, 23.5287 ], [ 68.4788, 23.5554 ] ] ], [ [ [ 68.4821, 23.5471 ], [ 68.4821, 23.5504 ], [ 68.4832, 23.5493 ], [ 68.4821, 23.5471 ] ] ], [ [ [ 68.4793, 23.6051 ], [ 68.4865, 23.6032 ], [ 68.4801, 23.5982 ], [ 68.4793, 23.6051 ] ] ], [ [ [ 68.4868, 23.6276 ], [ 68.4682, 23.5926 ], [ 68.4699, 23.6168 ], [ 68.4868, 23.6276 ] ] ], [ [ [ 68.474, 23.7215 ], [ 68.4737, 23.7146 ], [ 68.4713, 23.7162 ], [ 68.474, 23.7215 ] ] ], [ [ [ 68.4593, 23.7249 ], [ 68.464, 23.7399 ], [ 68.4876, 23.729 ], [ 68.4593, 23.7249 ] ] ], [ [ [ 68.4849, 23.7376 ], [ 68.4835, 23.7424 ], [ 68.4868, 23.746 ], [ 68.4849, 23.7376 ] ] ], [ [ [ 68.5079, 23.8263 ], [ 68.4949, 23.7374 ], [ 68.4654, 23.7754 ], [ 68.4768, 23.7407 ], [ 68.4374, 23.7393 ], [ 68.4582, 23.8177 ], [ 68.5079, 23.8263 ] ] ], [ [ [ 68.4865, 23.9918 ], [ 68.5185, 23.9243 ], [ 68.4324, 23.8521 ], [ 68.4532, 23.8799 ], [ 68.4629, 23.9321 ], [ 68.4282, 23.9379 ], [ 68.4482, 23.9813 ], [ 68.4865, 23.9918 ] ] ], [ [ [ 68.5976, 23.2607 ], [ 68.5946, 23.2596 ], [ 68.5938, 23.2621 ], [ 68.5976, 23.2607 ] ] ], [ [ [ 68.5715, 23.301 ], [ 68.6149, 23.2715 ], [ 68.5724, 23.261 ], [ 68.574, 23.2451 ], [ 68.5379, 23.2729 ], [ 68.5715, 23.301 ] ] ], [ [ [ 68.5826, 23.3157 ], [ 68.6093, 23.3168 ], [ 68.6188, 23.2993 ], [ 68.5826, 23.3157 ] ] ], [ [ [ 68.5193, 23.3415 ], [ 68.5115, 23.3185 ], [ 68.5026, 23.3404 ], [ 68.5193, 23.3415 ] ] ], [ [ [ 68.5415, 23.3371 ], [ 68.5421, 23.3415 ], [ 68.5446, 23.339 ], [ 68.5415, 23.3371 ] ] ], [ [ [ 68.5454, 23.3404 ], [ 68.5507, 23.3396 ], [ 68.5451, 23.3388 ], [ 68.5454, 23.3404 ] ] ], [ [ [ 68.5568, 23.3418 ], [ 68.5551, 23.3393 ], [ 68.5529, 23.341 ], [ 68.5568, 23.3418 ] ] ], [ [ [ 68.5212, 23.3435 ], [ 68.531, 23.3429 ], [ 68.5321, 23.3393 ], [ 68.5212, 23.3435 ] ] ], [ [ [ 68.5632, 23.3449 ], [ 68.5651, 23.3429 ], [ 68.561, 23.3421 ], [ 68.5632, 23.3449 ] ] ], [ [ [ 68.6074, 23.3529 ], [ 68.6087, 23.3643 ], [ 68.6179, 23.354 ], [ 68.6174, 23.3276 ], [ 68.5679, 23.3721 ], [ 68.6074, 23.3529 ] ] ], [ [ [ 68.5696, 23.3587 ], [ 68.5746, 23.359 ], [ 68.5757, 23.3524 ], [ 68.5696, 23.3587 ] ] ], [ [ [ 68.596, 23.3604 ], [ 68.5993, 23.3596 ], [ 68.5963, 23.3593 ], [ 68.596, 23.3604 ] ] ], [ [ [ 68.5379, 23.3751 ], [ 68.5407, 23.3776 ], [ 68.5393, 23.3749 ], [ 68.5379, 23.3751 ] ] ], [ [ [ 68.5338, 23.3749 ], [ 68.5354, 23.3712 ], [ 68.5329, 23.3718 ], [ 68.5304, 23.3829 ], [ 68.5307, 23.3849 ], [ 68.5351, 23.3876 ], [ 68.5338, 23.3749 ] ] ], [ [ [ 68.5779, 23.3851 ], [ 68.5863, 23.3801 ], [ 68.5871, 23.376 ], [ 68.5779, 23.3851 ] ] ], [ [ [ 68.5549, 23.396 ], [ 68.5563, 23.379 ], [ 68.5674, 23.376 ], [ 68.5557, 23.3604 ], [ 68.5462, 23.3968 ], [ 68.5282, 23.3907 ], [ 68.5371, 23.4049 ], [ 68.5549, 23.396 ] ] ], [ [ [ 68.536, 23.3829 ], [ 68.5354, 23.3807 ], [ 68.5351, 23.3854 ], [ 68.536, 23.3829 ] ] ], [ [ [ 68.5274, 23.399 ], [ 68.5204, 23.394 ], [ 68.5232, 23.4051 ], [ 68.5274, 23.399 ] ] ], [ [ [ 68.5529, 23.404 ], [ 68.5568, 23.4032 ], [ 68.5526, 23.4024 ], [ 68.5529, 23.404 ] ] ], [ [ [ 68.5579, 23.4093 ], [ 68.5554, 23.4051 ], [ 68.5512, 23.4043 ], [ 68.5579, 23.4093 ] ] ], [ [ [ 68.5499, 23.4149 ], [ 68.5474, 23.4099 ], [ 68.5415, 23.4054 ], [ 68.5499, 23.4149 ] ] ], [ [ [ 68.514, 23.4326 ], [ 68.5165, 23.4304 ], [ 68.5137, 23.4304 ], [ 68.514, 23.4326 ] ] ], [ [ [ 68.5032, 23.456 ], [ 68.5135, 23.4479 ], [ 68.5029, 23.4293 ], [ 68.5032, 23.456 ] ] ], [ [ [ 68.5935, 23.8121 ], [ 68.5957, 23.8115 ], [ 68.5943, 23.8101 ], [ 68.5935, 23.8121 ] ] ], [ [ [ 68.5349, 23.8649 ], [ 68.5318, 23.8729 ], [ 68.5332, 23.8738 ], [ 68.5349, 23.8649 ] ] ], [ [ [ 68.5888, 23.9168 ], [ 68.5326, 23.8763 ], [ 68.5221, 23.8563 ], [ 68.491, 23.8663 ], [ 68.5329, 23.9457 ], [ 68.5424, 23.9338 ], [ 68.5582, 23.931 ], [ 68.5585, 23.9232 ], [ 68.5888, 23.9168 ] ] ], [ [ [ 68.5257, 23.9495 ], [ 68.5215, 23.9454 ], [ 68.5146, 23.9496 ], [ 68.5257, 23.9495 ] ] ], [ [ [ 69.6665, 22.7507 ], [ 69.631, 22.7613 ], [ 69.6451, 22.7638 ], [ 69.6665, 22.7507 ] ] ], [ [ [ 69.636, 22.776 ], [ 69.6371, 22.7793 ], [ 69.6376, 22.7765 ], [ 69.636, 22.776 ] ] ], [ [ [ 70.4551, 22.9957 ], [ 70.4426, 22.9801 ], [ 70.4326, 22.9788 ], [ 70.4551, 22.9957 ] ] ], [ [ [ 70.4146, 23.0193 ], [ 70.4482, 23.0521 ], [ 70.4138, 22.9898 ], [ 70.4146, 23.0193 ] ] ], [ [ [ 70.429, 23.0465 ], [ 70.4296, 23.0346 ], [ 70.4146, 23.0226 ], [ 70.429, 23.0465 ] ] ], [ [ [ 70.4463, 23.0251 ], [ 70.4618, 23.0537 ], [ 70.4824, 23.0654 ], [ 70.4463, 23.0251 ] ] ], [ [ [ 70.4574, 23.0551 ], [ 70.4496, 23.0526 ], [ 70.4601, 23.056 ], [ 70.4496, 23.0432 ], [ 70.4574, 23.0551 ] ] ], [ [ [ 70.4515, 23.0524 ], [ 70.4512, 23.0507 ], [ 70.4501, 23.0501 ], [ 70.4515, 23.0524 ] ] ], [ [ [ 70.461, 23.0554 ], [ 70.4682, 23.0613 ], [ 70.4701, 23.061 ], [ 70.461, 23.0554 ] ] ], [ [ [ 70.4524, 23.0604 ], [ 70.449, 23.0579 ], [ 70.446, 23.0582 ], [ 70.4524, 23.0604 ] ] ], [ [ [ 68.606, 23.2224 ], [ 68.609, 23.2313 ], [ 68.6137, 23.2221 ], [ 68.606, 23.2224 ] ] ], [ [ [ 68.6568, 23.2693 ], [ 68.6582, 23.2713 ], [ 68.6601, 23.2679 ], [ 68.6568, 23.2693 ] ] ], [ [ [ 68.6293, 23.2871 ], [ 68.6285, 23.2854 ], [ 68.6287, 23.2901 ], [ 68.6293, 23.2871 ] ] ], [ [ [ 68.6999, 23.3093 ], [ 68.7079, 23.3107 ], [ 68.7085, 23.3065 ], [ 68.6999, 23.3093 ] ] ], [ [ [ 68.6335, 23.3076 ], [ 68.6421, 23.314 ], [ 68.6462, 23.3074 ], [ 68.6335, 23.3076 ] ] ], [ [ [ 68.6315, 23.3176 ], [ 68.634, 23.3157 ], [ 68.6307, 23.3124 ], [ 68.6315, 23.3176 ] ] ], [ [ [ 68.6263, 23.3213 ], [ 68.6299, 23.3137 ], [ 68.6274, 23.3115 ], [ 68.6263, 23.3213 ] ] ], [ [ [ 68.6393, 23.3165 ], [ 68.6438, 23.3179 ], [ 68.6432, 23.3154 ], [ 68.6393, 23.3165 ] ] ], [ [ [ 68.6318, 23.3213 ], [ 68.6324, 23.3188 ], [ 68.6312, 23.3196 ], [ 68.6318, 23.3213 ] ] ], [ [ [ 68.6249, 23.326 ], [ 68.6285, 23.3249 ], [ 68.629, 23.3215 ], [ 68.6249, 23.326 ] ] ], [ [ [ 68.6307, 23.3443 ], [ 68.6315, 23.3518 ], [ 68.6343, 23.3424 ], [ 68.6307, 23.3443 ] ] ], [ [ [ 69.7135, 22.7413 ], [ 69.6338, 22.7954 ], [ 69.6346, 22.7774 ], [ 69.6413, 22.7665 ], [ 69.6007, 22.759 ], [ 69.5551, 22.7924 ], [ 69.4696, 22.7737 ], [ 69.3557, 22.8288 ], [ 69.1907, 22.8412 ], [ 68.7593, 23.0804 ], [ 68.5851, 23.2218 ], [ 68.599, 23.2404 ], [ 68.6013, 23.2185 ], [ 68.6307, 23.2132 ], [ 68.6038, 23.2429 ], [ 68.6718, 23.2699 ], [ 68.6301, 23.2957 ], [ 68.7251, 23.2957 ], [ 68.7482, 23.304 ], [ 68.7582, 23.3304 ], [ 68.724, 23.2971 ], [ 68.7085, 23.3149 ], [ 68.6588, 23.3035 ], [ 68.6687, 23.3254 ], [ 68.6524, 23.3029 ], [ 68.6368, 23.3468 ], [ 68.606, 23.381 ], [ 68.6024, 23.3593 ], [ 68.581, 23.3899 ], [ 68.5585, 23.3871 ], [ 68.5604, 23.4193 ], [ 68.5357, 23.4212 ], [ 68.5024, 23.4654 ], [ 68.5188, 23.4896 ], [ 68.4918, 23.501 ], [ 68.489, 23.6354 ], [ 68.7613, 23.8754 ], [ 68.6038, 23.8501 ], [ 68.5335, 23.756 ], [ 68.5149, 23.824 ], [ 68.6632, 23.9174 ], [ 68.6199, 23.9065 ], [ 68.596, 23.9418 ], [ 68.5587, 23.924 ], [ 68.5593, 23.9318 ], [ 68.5374, 23.9468 ], [ 68.5468, 23.9632 ], [ 68.7492, 23.962 ], [ 68.7675, 24.2897 ], [ 68.8264, 24.3084 ], [ 68.8477, 24.2084 ], [ 68.8875, 24.1959 ], [ 68.9472, 24.2766 ], [ 69.0005, 24.2259 ], [ 69.0929, 24.2691 ], [ 69.1998, 24.2352 ], [ 69.3103, 24.2767 ], [ 69.5012, 24.255 ], [ 69.6007, 24.2778 ], [ 69.7246, 24.1751 ], [ 70.0006, 24.1664 ], [ 70.0593, 24.1928 ], [ 70.119, 24.2907 ], [ 70.5749, 24.4203 ], [ 70.6119, 24.4005 ], [ 70.5721, 24.3445 ], [ 70.5742, 24.2523 ], [ 70.8058, 24.2227 ], [ 70.9011, 24.2627 ], [ 70.8851, 24.2908 ], [ 70.9597, 24.3462 ], [ 71.0472, 24.3473 ], [ 71.1318, 24.4018 ], [ 71.119, 24.431 ], [ 71.0076, 24.4422 ], [ 71.0205, 24.6305 ], [ 71.1071, 24.6807 ], [ 71.2977, 24.6076 ], [ 71.3204, 24.5536 ], [ 71.2756, 24.5403 ], [ 71.2688, 24.5068 ], [ 71.3582, 24.5128 ], [ 71.3396, 24.3904 ], [ 71.3914, 24.3886 ], [ 71.4042, 24.3445 ], [ 71.3313, 24.317 ], [ 71.3218, 24.2499 ], [ 71.2987, 24.2521 ], [ 71.3807, 24.1742 ], [ 71.333, 24.1435 ], [ 71.2863, 24.1568 ], [ 71.2889, 24.1288 ], [ 71.3533, 24.1141 ], [ 71.2966, 23.9936 ], [ 71.3264, 23.9769 ], [ 71.3095, 23.9241 ], [ 71.1062, 23.8878 ], [ 71.0547, 23.7926 ], [ 71.081, 23.6842 ], [ 71.0459, 23.6433 ], [ 71.0971, 23.5938 ], [ 71.1511, 23.6237 ], [ 71.1898, 23.7056 ], [ 71.1582, 23.725 ], [ 71.1854, 23.7343 ], [ 71.2257, 23.7233 ], [ 71.2398, 23.6524 ], [ 71.3888, 23.6454 ], [ 71.4044, 23.5996 ], [ 71.4326, 23.6235 ], [ 71.4328, 23.5631 ], [ 71.4809, 23.5534 ], [ 71.4594, 23.4681 ], [ 71.5285, 23.5245 ], [ 71.5194, 23.4717 ], [ 71.597, 23.4489 ], [ 71.5953, 23.3595 ], [ 71.6354, 23.3541 ], [ 71.6442, 23.3047 ], [ 71.6798, 23.2904 ], [ 71.637, 23.2011 ], [ 71.7112, 23.1823 ], [ 71.7233, 23.1498 ], [ 71.6535, 23.1708 ], [ 71.6051, 23.134 ], [ 71.5452, 23.1623 ], [ 71.4645, 23.1411 ], [ 71.33, 23.1833 ], [ 71.234, 23.1436 ], [ 71.1513, 23.204 ], [ 70.9697, 23.1674 ], [ 70.9591, 23.1257 ], [ 70.9429, 23.1543 ], [ 70.9041, 23.1534 ], [ 70.9154, 23.1271 ], [ 70.8892, 23.1152 ], [ 70.8891, 23.1315 ], [ 70.8394, 23.149 ], [ 70.8706, 23.1225 ], [ 70.8388, 23.0728 ], [ 70.8309, 23.1556 ], [ 70.7789, 23.1603 ], [ 70.5772, 23.0289 ], [ 70.5512, 22.9546 ], [ 70.4365, 22.9638 ], [ 70.4715, 23.0124 ], [ 70.4849, 23.0774 ], [ 70.4374, 23.0624 ], [ 70.3962, 23.0254 ], [ 70.3868, 22.9482 ], [ 70.3476, 22.9304 ], [ 70.1979, 22.9985 ], [ 70.2199, 22.9565 ], [ 70.1232, 22.9607 ], [ 70.129, 22.9921 ], [ 70.1435, 23.009 ], [ 70.1526, 23.0235 ], [ 70.1532, 23.0296 ], [ 70.1124, 22.9726 ], [ 70.1265, 22.9465 ], [ 70.111, 22.9526 ], [ 70.1012, 22.9418 ], [ 70.0954, 22.951 ], [ 70.091, 22.9526 ], [ 70.0999, 22.9382 ], [ 70.139, 22.9412 ], [ 70.1321, 22.9246 ], [ 69.7985, 22.8507 ], [ 69.7135, 22.7413 ] ] ], [ [ [ 68.5935, 23.8035 ], [ 68.6079, 23.8057 ], [ 68.5951, 23.7968 ], [ 68.5935, 23.8035 ] ] ], [ [ [ 68.7051, 23.8485 ], [ 68.7101, 23.8501 ], [ 68.7104, 23.8488 ], [ 68.7051, 23.8485 ] ] ], [ [ [ 68.6968, 23.849 ], [ 68.6979, 23.8532 ], [ 68.7004, 23.8518 ], [ 68.6968, 23.849 ] ] ] ] } },
{ "type": "Feature", "properties": { "state": "Gujarat", "district": "Kheda" }, "geometry": { "type": "Polygon", "coordinates": [ [ [ 72.5163, 22.6184 ], [ 72.5583, 22.6637 ], [ 72.5279, 22.7001 ], [ 72.5321, 22.7966 ], [ 72.6178, 22.8139 ], [ 72.6165, 22.8845 ], [ 72.7989, 22.9075 ], [ 72.8538, 23.0112 ], [ 72.9691, 23.0743 ], [ 72.9875, 23.1287 ], [ 73.0323, 23.131 ], [ 73.0285, 23.1715 ], [ 73.0747, 23.1614 ], [ 73.1431, 23.2056 ], [ 73.2793, 23.0594 ], [ 73.3789, 23.1392 ], [ 73.3488, 23.2016 ], [ 73.3886, 23.2453 ], [ 73.4739, 23.289 ], [ 73.5306, 23.2866 ], [ 73.5401, 23.2507 ], [ 73.5763, 23.2747 ], [ 73.5486, 23.2259 ], [ 73.5779, 23.1983 ], [ 73.5226, 23.1515 ], [ 73.3885, 23.1337 ], [ 73.3804, 23.1091 ], [ 73.4294, 23.1 ], [ 73.42, 23.03 ], [ 73.457, 22.9692 ], [ 73.375, 22.8954 ], [ 73.3931, 22.855 ], [ 73.3684, 22.796 ], [ 73.2669, 22.7677 ], [ 73.2741, 22.6642 ], [ 73.2367, 22.6344 ], [ 73.1376, 22.7218 ], [ 73.0366, 22.733 ], [ 72.9213, 22.5898 ], [ 72.8755, 22.5825 ], [ 72.8752, 22.6183 ], [ 72.8368, 22.593 ], [ 72.8386, 22.6223 ], [ 72.7933, 22.6406 ], [ 72.698, 22.625 ], [ 72.7166, 22.5862 ], [ 72.6543, 22.5401 ], [ 72.6646, 22.4992 ], [ 72.5869, 22.5013 ], [ 72.5163, 22.6184 ] ] ] } },
{ "type": "Feature", "properties": { "state": "Gujarat", "district": "Mahesana" }, "geometry": { "type": "Polygon", "coordinates": [ [ [ 72.3517, 23.1236 ], [ 72.3329, 23.0599 ], [ 72.3026, 23.0387 ], [ 72.2473, 23.1155 ], [ 72.166, 23.1073 ], [ 72.1962, 23.1419 ], [ 72.1872, 23.2723 ], [ 72.2725, 23.3444 ], [ 72.3064, 23.4118 ], [ 72.2902, 23.4411 ], [ 72.2647, 23.4572 ], [ 72.1961, 23.4108 ], [ 72.107, 23.4567 ], [ 72.0619, 23.4414 ], [ 72.0434, 23.503 ], [ 71.9917, 23.5085 ], [ 71.9672, 23.5738 ], [ 72.0541, 23.6121 ], [ 72.1042, 23.5686 ], [ 72.1847, 23.6829 ], [ 72.2065, 23.6034 ], [ 72.3082, 23.6331 ], [ 72.3439, 23.7288 ], [ 72.4331, 23.7318 ], [ 72.4403, 23.7699 ], [ 72.5196, 23.781 ], [ 72.5336, 23.8487 ], [ 72.4882, 23.8537 ], [ 72.4848, 23.929 ], [ 72.5853, 23.9336 ], [ 72.5975, 23.9756 ], [ 72.6509, 23.9887 ], [ 72.6466, 24.0663 ], [ 72.7973, 24.093 ], [ 72.8703, 24.016 ], [ 72.7938, 23.8327 ], [ 72.8466, 23.6055 ], [ 72.8118, 23.576 ], [ 72.8362, 23.54 ], [ 72.8322, 23.4964 ], [ 72.8054, 23.4948 ], [ 72.8101, 23.4047 ], [ 72.6482, 23.3714 ], [ 72.6086, 23.41 ], [ 72.5318, 23.4191 ], [ 72.5286, 23.3495 ], [ 72.4232, 23.2839 ], [ 72.4532, 23.1952 ], [ 72.4255, 23.2026 ], [ 72.3935, 23.1607 ], [ 72.435, 23.1413 ], [ 72.3791, 23.0952 ], [ 72.3517, 23.1236 ] ] ] } },
{ "type": "Feature", "properties": { "state": "Gujarat", "district": "Mahisagar" }, "geometry": { "type": "Polygon", "coordinates": [ [ [ 73.5334, 23.2523 ], [ 73.625, 23.3998 ], [ 73.6328, 23.4524 ], [ 73.7042, 23.4558 ], [ 73.7261, 23.4127 ], [ 73.7647, 23.4586 ], [ 73.7831, 23.4346 ], [ 73.8321, 23.4468 ], [ 73.8943, 23.3371 ], [ 73.9389, 23.3414 ], [ 73.9625, 23.3814 ], [ 74.0445, 23.2961 ], [ 74.1066, 23.2941 ], [ 74.1395, 23.2268 ], [ 74.1033, 23.1021 ], [ 74.0472, 23.0738 ], [ 73.9399, 23.1007 ], [ 73.9111, 23.0471 ], [ 73.808, 23.1092 ], [ 73.7503, 23.0698 ], [ 73.773, 23.0508 ], [ 73.7487, 23.0142 ], [ 73.7232, 23.0362 ], [ 73.6276, 23.0242 ], [ 73.5925, 22.986 ], [ 73.4827, 22.9848 ], [ 73.42, 23.03 ], [ 73.4261, 23.1057 ], [ 73.3808, 23.117 ], [ 73.4351, 23.1567 ], [ 73.5158, 23.1478 ], [ 73.5779, 23.1983 ], [ 73.5486, 23.2259 ], [ 73.5763, 23.2747 ], [ 73.5334, 23.2523 ] ] ] } },
{ "type": "Feature", "properties": { "state": "Gujarat", "district": "Morbi" }, "geometry": { "type": "Polygon", "coordinates": [ [ [ 71.1153, 22.8198 ], [ 71.176, 22.676 ], [ 71.0766, 22.5326 ], [ 71.1093, 22.5069 ], [ 71.1456, 22.54 ], [ 71.1784, 22.4804 ], [ 71.1458, 22.4736 ], [ 71.11, 22.3956 ], [ 71.0715, 22.4305 ], [ 70.9977, 22.4069 ], [ 70.8301, 22.4721 ], [ 70.8028, 22.4441 ], [ 70.819, 22.4216 ], [ 70.7573, 22.3766 ], [ 70.6377, 22.5153 ], [ 70.6697, 22.6224 ], [ 70.6309, 22.6521 ], [ 70.6603, 22.698 ], [ 70.631, 22.758 ], [ 70.6771, 22.8279 ], [ 70.5954, 22.9082 ], [ 70.4631, 22.9549 ], [ 70.5402, 22.9466 ], [ 70.5772, 23.0289 ], [ 70.7789, 23.1603 ], [ 70.8309, 23.1556 ], [ 70.8388, 23.0728 ], [ 70.8706, 23.1225 ], [ 70.842, 23.1432 ], [ 70.8431, 23.1505 ], [ 70.8892, 23.1152 ], [ 70.9154, 23.1271 ], [ 70.9041, 23.1534 ], [ 70.9499, 23.1529 ], [ 70.9591, 23.1257 ], [ 70.9697, 23.1674 ], [ 71.1513, 23.204 ], [ 71.2272, 23.1446 ], [ 71.2963, 23.1502 ], [ 71.3118, 23.1792 ], [ 71.3713, 23.1193 ], [ 71.3074, 23.065 ], [ 71.3329, 22.9867 ], [ 71.3059, 22.914 ], [ 71.2518, 22.8233 ], [ 71.1579, 22.8597 ], [ 71.1585, 22.8239 ], [ 71.1153, 22.8198 ] ] ] } },
{ "type": "Feature", "properties": { "state": "Gujarat", "district": "Narmada" }, "geometry": { "type": "Polygon", "coordinates": [ [ [ 73.7906, 21.6185 ], [ 73.8608, 21.4958 ], [ 73.9663, 21.5391 ], [ 73.9915, 21.4778 ], [ 73.8242, 21.4009 ], [ 73.7068, 21.3958 ], [ 73.6829, 21.4736 ], [ 73.4866, 21.4937 ], [ 73.4982, 21.5125 ], [ 73.4482, 21.5493 ], [ 73.5112, 21.6784 ], [ 73.4736, 21.7195 ], [ 73.4015, 21.7183 ], [ 73.4033, 21.7709 ], [ 73.309, 21.8328 ], [ 73.3073, 21.89 ], [ 73.3553, 21.8751 ], [ 73.3737, 21.9283 ], [ 73.4401, 21.9148 ], [ 73.4669, 21.979 ], [ 73.5538, 21.979 ], [ 73.6169, 21.8955 ], [ 73.6927, 21.9199 ], [ 73.6603, 21.9661 ], [ 73.7405, 21.9799 ], [ 73.8139, 21.9284 ], [ 73.8644, 21.9512 ], [ 73.9492, 21.8703 ], [ 73.8105, 21.8233 ], [ 73.8981, 21.6673 ], [ 73.7906, 21.6185 ] ] ] } },
{ "type": "Feature", "properties": { "state": "Gujarat", "district": "Navsari" }, "geometry": { "type": "MultiPolygon", "coordinates": [ [ [ [ 72.8463, 20.7629 ], [ 72.8471, 20.7538 ], [ 72.8443, 20.7629 ], [ 72.8463, 20.7629 ] ] ], [ [ [ 73.1765, 20.8999 ], [ 73.3113, 20.817 ], [ 73.3238, 20.8835 ], [ 73.393, 20.8249 ], [ 73.507, 20.8187 ], [ 73.5009, 20.7603 ], [ 73.3931, 20.6137 ], [ 73.2693, 20.5813 ], [ 73.0842, 20.5998 ], [ 73.0847, 20.6514 ], [ 73.0385, 20.675 ], [ 73.0563, 20.7021 ], [ 72.9831, 20.7424 ], [ 72.9652, 20.7189 ], [ 72.874, 20.7343 ], [ 72.8899, 20.739 ], [ 72.8896, 20.7482 ], [ 72.8351, 20.781 ], [ 72.7937, 20.9451 ], [ 72.7712, 20.9162 ], [ 72.7232, 21.049 ], [ 72.8188, 21.0241 ], [ 73.019, 21.0667 ], [ 73.0167, 21.0223 ], [ 73.1347, 20.8971 ], [ 73.1765, 20.8999 ] ] ] ] } },
{ "type": "Feature", "properties": { "state": "Gujarat", "district": "Panch Mahals" }, "geometry": { "type": "Polygon", "coordinates": [ [ [ 73.6436, 22.3849 ], [ 73.636, 22.3238 ], [ 73.5816, 22.3256 ], [ 73.472, 22.3584 ], [ 73.4286, 22.4273 ], [ 73.4264, 22.5483 ], [ 73.3794, 22.5539 ], [ 73.3952, 22.6144 ], [ 73.371, 22.6282 ], [ 73.4217, 22.6599 ], [ 73.3921, 22.7392 ], [ 73.4325, 22.7748 ], [ 73.4129, 22.8099 ], [ 73.386, 22.7575 ], [ 73.3569, 22.79 ], [ 73.3927, 22.8522 ], [ 73.375, 22.8954 ], [ 73.4539, 22.9629 ], [ 73.4438, 23.0332 ], [ 73.5219, 22.9818 ], [ 73.5925, 22.986 ], [ 73.6276, 23.0242 ], [ 73.7374, 23.0358 ], [ 73.7487, 23.0142 ], [ 73.773, 23.0508 ], [ 73.7503, 23.0698 ], [ 73.8143, 23.1091 ], [ 73.91, 23.0487 ], [ 73.9077, 22.9915 ], [ 73.9342, 22.98 ], [ 73.8935, 22.9499 ], [ 73.8758, 22.8474 ], [ 73.8445, 22.8456 ], [ 73.8558, 22.7902 ], [ 73.8357, 22.8091 ], [ 73.7561, 22.7811 ], [ 73.7466, 22.7052 ], [ 73.691, 22.7164 ], [ 73.6954, 22.6664 ], [ 73.6432, 22.6644 ], [ 73.61, 22.6206 ], [ 73.6329, 22.5974 ], [ 73.5768, 22.5683 ], [ 73.5957, 22.4859 ], [ 73.6678, 22.5064 ], [ 73.6874, 22.4661 ], [ 73.7418, 22.4525 ], [ 73.7433, 22.3908 ], [ 73.7761, 22.3876 ], [ 73.736, 22.2912 ], [ 73.6975, 22.2852 ], [ 73.6379, 22.3121 ], [ 73.7096, 22.3585 ], [ 73.6436, 22.3849 ] ] ] } },
{ "type": "Feature", "properties": { "state": "Gujarat", "district": "Patan" }, "geometry": { "type": "Polygon", "coordinates": [ [ [ 71.7819, 23.8383 ], [ 71.9806, 23.8895 ], [ 71.9342, 24.0056 ], [ 72.009, 23.9647 ], [ 72.0549, 23.9955 ], [ 72.0274, 24.016 ], [ 72.0384, 24.0526 ], [ 72.0737, 24.0183 ], [ 72.1458, 24.0417 ], [ 72.161, 24.1123 ], [ 72.1077, 24.1107 ], [ 72.1415, 24.1392 ], [ 72.1941, 24.1018 ], [ 72.2116, 24.1387 ], [ 72.2337, 24.128 ], [ 72.2296, 24.0717 ], [ 72.3608, 24.0235 ], [ 72.3742, 23.9656 ], [ 72.4723, 23.9636 ], [ 72.4882, 23.8537 ], [ 72.5347, 23.8428 ], [ 72.4997, 23.7661 ], [ 72.4697, 23.7815 ], [ 72.4331, 23.7318 ], [ 72.3439, 23.7288 ], [ 72.3082, 23.6331 ], [ 72.2065, 23.6034 ], [ 72.1847, 23.6829 ], [ 72.1042, 23.5686 ], [ 72.0541, 23.6121 ], [ 71.9672, 23.5738 ], [ 71.9786, 23.529 ], [ 71.8082, 23.3974 ], [ 71.773, 23.4063 ], [ 71.7881, 23.4547 ], [ 71.7374, 23.492 ], [ 71.6052, 23.5007 ], [ 71.5194, 23.4717 ], [ 71.5285, 23.5245 ], [ 71.4594, 23.4681 ], [ 71.4809, 23.5534 ], [ 71.4328, 23.5631 ], [ 71.4326, 23.6235 ], [ 71.4044, 23.5996 ], [ 71.3888, 23.6454 ], [ 71.2398, 23.6524 ], [ 71.2209, 23.7275 ], [ 71.1582, 23.725 ], [ 71.1898, 23.7056 ], [ 71.1543, 23.6278 ], [ 71.0971, 23.5938 ], [ 71.0459, 23.6433 ], [ 71.081, 23.6842 ], [ 71.0547, 23.7926 ], [ 71.1115, 23.8954 ], [ 71.3055, 23.9219 ], [ 71.3264, 23.9769 ], [ 71.4051, 23.9581 ], [ 71.4239, 23.9219 ], [ 71.4872, 24.019 ], [ 71.5012, 23.9664 ], [ 71.5694, 23.9927 ], [ 71.6173, 23.938 ], [ 71.6883, 23.9658 ], [ 71.7278, 23.8618 ], [ 71.7819, 23.8383 ] ] ] } },
{ "type": "Feature", "properties": { "state": "Gujarat", "district": "Porbandar" }, "geometry": { "type": "MultiPolygon", "coordinates": [ [ [ [ 69.7218, 21.554 ], [ 69.7196, 21.5599 ], [ 69.7249, 21.5635 ], [ 69.7218, 21.554 ] ] ], [ [ [ 69.966, 21.3602 ], [ 70.0005, 21.2849 ], [ 70.0512, 21.2668 ], [ 69.9988, 21.2074 ], [ 69.7782, 21.4579 ], [ 69.7876, 21.4515 ], [ 69.7999, 21.4521 ], [ 69.8051, 21.4638 ], [ 69.7751, 21.4599 ], [ 69.7124, 21.5293 ], [ 69.7643, 21.5788 ], [ 69.7376, 21.6504 ], [ 69.6757, 21.6388 ], [ 69.7174, 21.6026 ], [ 69.6968, 21.5929 ], [ 69.6918, 21.6143 ], [ 69.6326, 21.6429 ], [ 69.7243, 21.5713 ], [ 69.706, 21.5385 ], [ 69.399, 21.7982 ], [ 69.4162, 21.8554 ], [ 69.5139, 21.844 ], [ 69.5123, 21.8828 ], [ 69.5565, 21.8778 ], [ 69.5891, 21.9297 ], [ 69.6657, 21.9072 ], [ 69.6749, 21.9443 ], [ 69.7394, 21.9645 ], [ 69.7462, 21.9277 ], [ 69.6905, 21.9123 ], [ 69.6809, 21.859 ], [ 69.6349, 21.8531 ], [ 69.6402, 21.7924 ], [ 69.6689, 21.8262 ], [ 69.7374, 21.7831 ], [ 69.763, 21.8217 ], [ 69.8379, 21.8131 ], [ 69.8405, 21.7309 ], [ 69.8693, 21.7212 ], [ 69.8924, 21.7709 ], [ 70.0123, 21.7994 ], [ 70.0468, 21.6956 ], [ 70.1027, 21.7263 ], [ 70.1406, 21.6973 ], [ 70.1693, 21.6538 ], [ 70.1412, 21.6709 ], [ 70.1276, 21.6363 ], [ 70.0583, 21.6403 ], [ 70.0904, 21.5777 ], [ 69.9898, 21.5833 ], [ 70.0256, 21.5346 ], [ 70.0037, 21.5218 ], [ 70.0183, 21.4692 ], [ 70.0735, 21.442 ], [ 70.0057, 21.4266 ], [ 69.966, 21.3602 ] ] ], [ [ [ 69.7335, 21.5957 ], [ 69.7349, 21.6096 ], [ 69.7401, 21.5929 ], [ 69.7335, 21.5957 ] ] ] ] } },
{ "type": "Feature", "properties": { "state": "Gujarat", "district": "Rajkot" }, "geometry": { "type": "Polygon", "coordinates": [ [ [ 70.522, 21.6475 ], [ 70.4644, 21.6668 ], [ 70.3875, 21.6298 ], [ 70.3866, 21.5907 ], [ 70.3222, 21.5798 ], [ 70.2797, 21.5187 ], [ 70.283, 21.6055 ], [ 70.2479, 21.6287 ], [ 70.1603, 21.6041 ], [ 70.1658, 21.6733 ], [ 70.1109, 21.6949 ], [ 70.0517, 21.7828 ], [ 70.1303, 21.8156 ], [ 70.1122, 21.8272 ], [ 70.1653, 21.9328 ], [ 70.2156, 21.8852 ], [ 70.2267, 21.9539 ], [ 70.2717, 21.96 ], [ 70.284, 21.9947 ], [ 70.3221, 21.9862 ], [ 70.3482, 22.0412 ], [ 70.5399, 22.0412 ], [ 70.5216, 21.9891 ], [ 70.5863, 22.0227 ], [ 70.5679, 22.0741 ], [ 70.6045, 22.1062 ], [ 70.5795, 22.1367 ], [ 70.6294, 22.1875 ], [ 70.4887, 22.3048 ], [ 70.5455, 22.3335 ], [ 70.4919, 22.3688 ], [ 70.5212, 22.4198 ], [ 70.4635, 22.4255 ], [ 70.4835, 22.4602 ], [ 70.5169, 22.4463 ], [ 70.519, 22.4818 ], [ 70.5518, 22.4502 ], [ 70.6029, 22.4794 ], [ 70.5436, 22.5053 ], [ 70.6184, 22.523 ], [ 70.5643, 22.5569 ], [ 70.6309, 22.6521 ], [ 70.6697, 22.6224 ], [ 70.6494, 22.4723 ], [ 70.7343, 22.3875 ], [ 70.7692, 22.3743 ], [ 70.8301, 22.4721 ], [ 71.0491, 22.3892 ], [ 71.0377, 22.3244 ], [ 71.1734, 22.1771 ], [ 71.1393, 22.1179 ], [ 71.2256, 22.1815 ], [ 71.3041, 22.1595 ], [ 71.2941, 22.2107 ], [ 71.2289, 22.2183 ], [ 71.2466, 22.2724 ], [ 71.3164, 22.2482 ], [ 71.3211, 22.277 ], [ 71.3561, 22.2553 ], [ 71.3801, 22.2901 ], [ 71.403, 22.2188 ], [ 71.4695, 22.25 ], [ 71.4411, 22.2048 ], [ 71.4926, 22.1808 ], [ 71.5197, 22.0517 ], [ 71.4685, 22.0267 ], [ 71.4635, 21.9923 ], [ 71.3646, 21.9785 ], [ 71.317, 22.0386 ], [ 71.2875, 22.006 ], [ 71.3085, 21.9559 ], [ 71.2798, 21.9528 ], [ 71.2628, 22.0051 ], [ 71.1998, 22.0053 ], [ 71.2128, 21.964 ], [ 71.0475, 21.8668 ], [ 71.1251, 21.8486 ], [ 71.0636, 21.8183 ], [ 71.0487, 21.7363 ], [ 71.0011, 21.7206 ], [ 70.9169, 21.7611 ], [ 70.9027, 21.7293 ], [ 70.8043, 21.7286 ], [ 70.7872, 21.703 ], [ 70.8252, 21.705 ], [ 70.8137, 21.6628 ], [ 70.7392, 21.6048 ], [ 70.66, 21.6445 ], [ 70.5816, 21.6134 ], [ 70.5617, 21.6682 ], [ 70.522, 21.6475 ] ] ] } },
{ "type": "Feature", "properties": { "state": "Gujarat", "district": "Sabar Kantha" }, "geometry": { "type": "Polygon", "coordinates": [ [ [ 73.1094, 23.3245 ], [ 73.0402, 23.2788 ], [ 73.006, 23.2968 ], [ 72.948, 23.2388 ], [ 72.926, 23.2865 ], [ 72.8905, 23.2905 ], [ 72.9187, 23.3188 ], [ 72.7435, 23.3222 ], [ 72.7301, 23.35 ], [ 72.7386, 23.3975 ], [ 72.8101, 23.4047 ], [ 72.8054, 23.4948 ], [ 72.8322, 23.4964 ], [ 72.8362, 23.54 ], [ 72.8118, 23.576 ], [ 72.8467, 23.6022 ], [ 72.8009, 23.7538 ], [ 72.806, 23.9073 ], [ 72.8599, 24.0088 ], [ 72.9222, 24.037 ], [ 73.0298, 24.2579 ], [ 73.0332, 24.2844 ], [ 72.9697, 24.3076 ], [ 72.981, 24.451 ], [ 73.0944, 24.4947 ], [ 73.1083, 24.4263 ], [ 73.085, 24.3945 ], [ 73.17, 24.3507 ], [ 73.2315, 24.3647 ], [ 73.1806, 24.3015 ], [ 73.145, 24.3079 ], [ 73.0827, 24.185 ], [ 73.1142, 24.1386 ], [ 73.2238, 24.0982 ], [ 73.1989, 24.0515 ], [ 73.2458, 24.0107 ], [ 73.3735, 24.1281 ], [ 73.4247, 23.9311 ], [ 73.3477, 23.8833 ], [ 73.2997, 23.8891 ], [ 73.2907, 23.8318 ], [ 73.258, 23.8894 ], [ 73.2347, 23.8799 ], [ 73.1427, 23.7734 ], [ 73.1549, 23.7299 ], [ 73.1288, 23.7053 ], [ 73.1622, 23.6511 ], [ 73.2045, 23.6492 ], [ 73.2114, 23.5879 ], [ 73.127, 23.4607 ], [ 73.1421, 23.3836 ], [ 73.0836, 23.3736 ], [ 73.1094, 23.3245 ] ] ] } },
{ "type": "Feature", "properties": { "state": "Gujarat", "district": "Surat" }, "geometry": { "type": "MultiPolygon", "coordinates": [ [ [ [ 72.6546, 21.0737 ], [ 72.6479, 21.0679 ], [ 72.646, 21.0762 ], [ 72.6546, 21.0737 ] ] ], [ [ [ 72.5876, 21.3368 ], [ 72.5854, 21.3371 ], [ 72.5882, 21.3399 ], [ 72.5876, 21.3368 ] ] ], [ [ [ 72.5796, 21.3643 ], [ 72.5835, 21.3646 ], [ 72.5788, 21.3601 ], [ 72.5796, 21.3643 ] ] ], [ [ [ 72.5876, 21.3674 ], [ 72.5982, 21.3865 ], [ 72.6004, 21.3871 ], [ 72.5999, 21.3793 ], [ 72.5876, 21.3674 ] ] ], [ [ [ 72.6218, 21.4032 ], [ 72.6171, 21.4051 ], [ 72.6276, 21.4174 ], [ 72.6218, 21.4032 ] ] ], [ [ [ 72.6351, 21.4176 ], [ 72.6354, 21.4129 ], [ 72.6315, 21.4118 ], [ 72.6351, 21.4176 ] ] ], [ [ [ 72.6785, 21.0988 ], [ 72.6804, 21.0971 ], [ 72.6807, 21.0954 ], [ 72.6785, 21.0988 ] ] ], [ [ [ 72.6762, 21.0999 ], [ 72.6693, 21.1049 ], [ 72.6704, 21.1149 ], [ 72.6762, 21.0999 ] ] ], [ [ [ 72.6976, 21.1168 ], [ 72.7018, 21.1224 ], [ 72.7026, 21.1135 ], [ 72.6976, 21.1168 ] ] ], [ [ [ 72.7104, 21.1407 ], [ 72.6968, 21.1187 ], [ 72.6988, 21.1082 ], [ 72.6862, 21.0907 ], [ 72.6649, 21.1485 ], [ 72.7104, 21.1407 ] ] ], [ [ [ 73.1347, 20.8971 ], [ 72.974, 21.0695 ], [ 72.7514, 21.028 ], [ 72.7704, 21.0668 ], [ 72.7043, 21.0749 ], [ 72.7207, 21.1432 ], [ 72.6813, 21.1585 ], [ 72.6618, 21.1476 ], [ 72.659, 21.0879 ], [ 72.6271, 21.076 ], [ 72.6185, 21.2226 ], [ 72.6468, 21.2174 ], [ 72.6524, 21.2201 ], [ 72.6532, 21.2268 ], [ 72.6096, 21.2299 ], [ 72.589, 21.2985 ], [ 72.6649, 21.4274 ], [ 72.7487, 21.4695 ], [ 72.7972, 21.4529 ], [ 72.8031, 21.4197 ], [ 72.8813, 21.4519 ], [ 72.9153, 21.4282 ], [ 72.962, 21.4803 ], [ 72.9516, 21.5104 ], [ 72.9982, 21.5367 ], [ 73.0554, 21.4763 ], [ 73.0641, 21.5647 ], [ 73.1294, 21.482 ], [ 73.2823, 21.5059 ], [ 73.3321, 21.4856 ], [ 73.4529, 21.5238 ], [ 73.5629, 21.4719 ], [ 73.6857, 21.4713 ], [ 73.7068, 21.3958 ], [ 73.6796, 21.3825 ], [ 73.5346, 21.3474 ], [ 73.4631, 21.3809 ], [ 73.4502, 21.2683 ], [ 73.3751, 21.2647 ], [ 73.3806, 21.2254 ], [ 73.2925, 21.193 ], [ 73.2825, 21.1344 ], [ 73.2449, 21.1283 ], [ 73.2628, 21.0927 ], [ 73.2067, 21.0738 ], [ 73.2498, 20.9859 ], [ 73.2215, 20.9549 ], [ 73.3265, 20.9047 ], [ 73.3113, 20.817 ], [ 73.1347, 20.8971 ] ] ] ] } },
{ "type": "Feature", "properties": { "state": "Gujarat", "district": "Surendranagar" }, "geometry": { "type": "Polygon", "coordinates": [ [ [ 70.999, 22.4042 ], [ 71.0715, 22.4305 ], [ 71.11, 22.3956 ], [ 71.1458, 22.4736 ], [ 71.1773, 22.4774 ], [ 71.1456, 22.54 ], [ 71.1093, 22.5069 ], [ 71.0766, 22.5326 ], [ 71.1809, 22.6955 ], [ 71.1153, 22.8198 ], [ 71.1585, 22.8239 ], [ 71.1579, 22.8597 ], [ 71.2002, 22.8227 ], [ 71.2695, 22.8348 ], [ 71.3329, 22.9867 ], [ 71.3074, 23.065 ], [ 71.3713, 23.1193 ], [ 71.3204, 23.1526 ], [ 71.33, 23.1833 ], [ 71.4645, 23.1411 ], [ 71.5452, 23.1623 ], [ 71.6051, 23.134 ], [ 71.6535, 23.1708 ], [ 71.7233, 23.1498 ], [ 71.7112, 23.1823 ], [ 71.637, 23.2011 ], [ 71.6798, 23.2904 ], [ 71.6442, 23.3047 ], [ 71.6354, 23.3541 ], [ 71.5953, 23.3595 ], [ 71.6053, 23.4336 ], [ 71.5433, 23.4777 ], [ 71.7374, 23.492 ], [ 71.7881, 23.4547 ], [ 71.773, 23.4063 ], [ 71.8082, 23.3974 ], [ 71.8731, 23.4723 ], [ 71.9859, 23.5254 ], [ 72.0087, 23.5013 ], [ 71.972, 23.3952 ], [ 71.8841, 23.3808 ], [ 71.9052, 23.3303 ], [ 71.8847, 23.2248 ], [ 71.9377, 23.267 ], [ 71.9572, 23.2397 ], [ 72.0085, 23.2471 ], [ 71.9999, 23.2134 ], [ 71.92, 23.1783 ], [ 71.9109, 23.1079 ], [ 71.9597, 23.0372 ], [ 71.9912, 23.0664 ], [ 72.0256, 23.054 ], [ 71.9938, 22.8532 ], [ 72.0341, 22.7887 ], [ 72.0453, 22.8405 ], [ 72.0672, 22.7453 ], [ 72.1165, 22.7186 ], [ 72.1001, 22.6736 ], [ 72.0373, 22.6771 ], [ 72.0757, 22.5919 ], [ 72.1267, 22.5969 ], [ 72.1962, 22.5483 ], [ 72.1532, 22.5124 ], [ 72.1716, 22.4777 ], [ 72.0647, 22.4403 ], [ 72.042, 22.5043 ], [ 71.9501, 22.537 ], [ 71.9182, 22.4806 ], [ 71.9685, 22.4872 ], [ 71.9344, 22.447 ], [ 71.945, 22.3785 ], [ 71.9022, 22.4164 ], [ 71.8438, 22.3532 ], [ 71.839, 22.3904 ], [ 71.7464, 22.3578 ], [ 71.7152, 22.3932 ], [ 71.6555, 22.3963 ], [ 71.6339, 22.34 ], [ 71.5911, 22.3443 ], [ 71.5829, 22.3168 ], [ 71.5364, 22.3365 ], [ 71.4531, 22.2853 ], [ 71.4143, 22.22 ], [ 71.3801, 22.2901 ], [ 71.3561, 22.2553 ], [ 71.3211, 22.277 ], [ 71.3164, 22.2482 ], [ 71.2466, 22.2724 ], [ 71.2289, 22.2183 ], [ 71.2941, 22.2107 ], [ 71.3041, 22.1595 ], [ 71.2256, 22.1815 ], [ 71.1506, 22.118 ], [ 71.1286, 22.1281 ], [ 71.1734, 22.1771 ], [ 71.0377, 22.3244 ], [ 71.055, 22.3812 ], [ 70.999, 22.4042 ] ] ] } },
{ "type": "Feature", "properties": { "state": "Gujarat", "district": "Tapi" }, "geometry": { "type": "Polygon", "coordinates": [ [ [ 73.492, 20.8168 ], [ 73.393, 20.8249 ], [ 73.299, 20.9296 ], [ 73.2215, 20.9549 ], [ 73.2498, 20.9859 ], [ 73.2067, 21.0738 ], [ 73.2628, 21.0927 ], [ 73.2449, 21.1283 ], [ 73.2825, 21.1344 ], [ 73.2925, 21.193 ], [ 73.3806, 21.2254 ], [ 73.3751, 21.2647 ], [ 73.4502, 21.2683 ], [ 73.4631, 21.3809 ], [ 73.5346, 21.3474 ], [ 73.7215, 21.4053 ], [ 73.8242, 21.4009 ], [ 73.8906, 21.4515 ], [ 73.9769, 21.4616 ], [ 73.9818, 21.5398 ], [ 74.0256, 21.5526 ], [ 74.1818, 21.5618 ], [ 74.2052, 21.5292 ], [ 74.31, 21.5673 ], [ 74.3355, 21.5402 ], [ 74.3059, 21.4794 ], [ 74.109, 21.448 ], [ 74.0672, 21.4819 ], [ 74.0485, 21.4194 ], [ 73.9528, 21.4024 ], [ 73.9485, 21.2976 ], [ 73.8321, 21.2675 ], [ 73.8225, 21.1719 ], [ 73.6364, 21.1327 ], [ 73.6132, 21.1761 ], [ 73.5883, 21.1679 ], [ 73.6599, 21.1084 ], [ 73.7526, 21.1141 ], [ 73.7422, 21.0555 ], [ 73.7694, 21.0145 ], [ 73.8077, 21.0226 ], [ 73.9154, 20.9648 ], [ 73.8824, 20.9281 ], [ 73.7214, 21.0079 ], [ 73.6669, 21.0064 ], [ 73.6486, 20.9738 ], [ 73.6182, 20.9943 ], [ 73.6037, 20.9598 ], [ 73.6009, 20.9978 ], [ 73.5639, 21.0117 ], [ 73.5009, 20.9129 ], [ 73.492, 20.8168 ] ] ] } },
{ "type": "Feature", "properties": { "state": "Gujarat", "district": "The Dangs" }, "geometry": { "type": "Polygon", "coordinates": [ [ [ 73.4752, 20.7217 ], [ 73.5009, 20.7603 ], [ 73.5009, 20.9129 ], [ 73.5387, 20.9366 ], [ 73.5559, 21.0089 ], [ 73.6009, 20.9978 ], [ 73.6037, 20.9598 ], [ 73.6182, 20.9943 ], [ 73.6486, 20.9738 ], [ 73.6669, 21.0064 ], [ 73.7573, 21.0046 ], [ 73.9273, 20.8991 ], [ 73.9495, 20.7423 ], [ 73.8226, 20.6938 ], [ 73.8464, 20.6235 ], [ 73.7482, 20.5674 ], [ 73.6658, 20.5628 ], [ 73.5384, 20.6739 ], [ 73.4984, 20.6534 ], [ 73.4752, 20.7217 ] ] ] } },
{ "type": "Feature", "properties": { "state": "Gujarat", "district": "Vadodara" }, "geometry": { "type": "Polygon", "coordinates": [ [ [ 73.2811, 21.9239 ], [ 73.2342, 21.9165 ], [ 73.2562, 21.8419 ], [ 73.218, 21.8202 ], [ 73.1361, 21.876 ], [ 73.0712, 21.8809 ], [ 73.0991, 21.9287 ], [ 73.0082, 21.9125 ], [ 73.0595, 21.9386 ], [ 73.0836, 22.0012 ], [ 73.0334, 21.997 ], [ 72.9889, 22.0473 ], [ 72.9209, 22.0446 ], [ 72.8744, 22.1502 ], [ 72.9367, 22.1815 ], [ 72.8906, 22.1756 ], [ 72.8739, 22.2237 ], [ 72.9334, 22.3045 ], [ 72.9862, 22.2478 ], [ 73.0679, 22.3091 ], [ 73.0994, 22.507 ], [ 73.272, 22.6606 ], [ 73.2669, 22.7677 ], [ 73.3569, 22.79 ], [ 73.386, 22.7575 ], [ 73.4129, 22.8099 ], [ 73.4328, 22.7591 ], [ 73.3906, 22.7161 ], [ 73.4217, 22.6599 ], [ 73.3755, 22.645 ], [ 73.3794, 22.5539 ], [ 73.4264, 22.5483 ], [ 73.4286, 22.4273 ], [ 73.472, 22.3584 ], [ 73.571, 22.3337 ], [ 73.5501, 22.2695 ], [ 73.488, 22.2184 ], [ 73.5216, 22.1329 ], [ 73.4891, 22.0807 ], [ 73.5452, 22.0902 ], [ 73.551, 22.0651 ], [ 73.51, 22.0377 ], [ 73.514, 21.9636 ], [ 73.4582, 21.9768 ], [ 73.4314, 21.91 ], [ 73.3668, 21.926 ], [ 73.3443, 21.8728 ], [ 73.2811, 21.9239 ] ] ] } },
{ "type": "Feature", "properties": { "state": "Gujarat", "district": "Valsad" }, "geometry": { "type": "Polygon", "coordinates": [ [ [ 72.9841, 20.2717 ], [ 72.946, 20.2934 ], [ 72.9223, 20.2744 ], [ 72.9692, 20.2109 ], [ 72.8745, 20.2258 ], [ 72.8353, 20.1446 ], [ 72.7376, 20.1365 ], [ 72.7757, 20.3335 ], [ 72.8215, 20.3711 ], [ 72.8935, 20.3721 ], [ 72.9033, 20.4103 ], [ 72.8593, 20.4244 ], [ 72.8928, 20.4417 ], [ 72.8601, 20.4721 ], [ 72.8976, 20.5871 ], [ 72.8515, 20.7449 ], [ 72.9652, 20.7189 ], [ 72.9831, 20.7424 ], [ 73.0563, 20.7021 ], [ 73.0385, 20.675 ], [ 73.0847, 20.6514 ], [ 73.0842, 20.5998 ], [ 73.2795, 20.582 ], [ 73.416, 20.6262 ], [ 73.4808, 20.5836 ], [ 73.5007, 20.5402 ], [ 73.3913, 20.3902 ], [ 73.4369, 20.2821 ], [ 73.4268, 20.2016 ], [ 73.3111, 20.2072 ], [ 73.2936, 20.1539 ], [ 73.2215, 20.1208 ], [ 73.1953, 20.1509 ], [ 73.2292, 20.1843 ], [ 73.1802, 20.2086 ], [ 73.1422, 20.2044 ], [ 73.128, 20.1571 ], [ 73.0724, 20.1635 ], [ 73.0769, 20.2298 ], [ 73.1789, 20.2865 ], [ 73.1614, 20.3172 ], [ 73.1129, 20.3049 ], [ 73.1074, 20.3607 ], [ 72.9841, 20.2717 ] ] ] } },
{ "type": "Feature", "properties": { "state": "Haryana", "district": "Ambala" }, "geometry": { "type": "Polygon", "coordinates": [ [ [ 77.2652, 30.3804 ], [ 77.1232, 30.2735 ], [ 77.1489, 30.2274 ], [ 77.065, 30.2154 ], [ 77.0987, 30.1802 ], [ 77.0589, 30.1669 ], [ 77.0528, 30.127 ], [ 76.9373, 30.1646 ], [ 76.9479, 30.1961 ], [ 76.8904, 30.193 ], [ 76.8419, 30.2523 ], [ 76.6343, 30.1525 ], [ 76.6389, 30.2059 ], [ 76.5903, 30.2541 ], [ 76.5325, 30.2271 ], [ 76.5476, 30.2649 ], [ 76.7152, 30.3329 ], [ 76.7385, 30.3596 ], [ 76.7001, 30.3936 ], [ 76.7579, 30.4389 ], [ 76.8085, 30.4119 ], [ 76.8325, 30.4339 ], [ 76.8978, 30.3626 ], [ 76.9314, 30.3971 ], [ 76.9038, 30.4067 ], [ 76.8889, 30.4846 ], [ 77.0227, 30.6366 ], [ 77.1853, 30.5259 ], [ 77.2026, 30.4803 ], [ 77.3107, 30.4536 ], [ 77.2652, 30.3804 ] ] ] } },
{ "type": "Feature", "properties": { "state": "Haryana", "district": "Bhiwani" }, "geometry": { "type": "Polygon", "coordinates": [ [ [ 75.8936, 28.431 ], [ 75.8832, 28.3867 ], [ 75.7703, 28.4076 ], [ 75.7782, 28.4576 ], [ 75.6291, 28.546 ], [ 75.618, 28.6022 ], [ 75.5557, 28.6146 ], [ 75.4689, 28.938 ], [ 75.5925, 28.9961 ], [ 75.6714, 28.9164 ], [ 75.7535, 28.903 ], [ 75.8426, 28.9312 ], [ 75.9057, 29.0257 ], [ 75.971, 28.9986 ], [ 75.9784, 29.0857 ], [ 76.0611, 29.0302 ], [ 76.1881, 29.0607 ], [ 76.2303, 28.9157 ], [ 76.2906, 28.9089 ], [ 76.2853, 28.8134 ], [ 76.3763, 28.7841 ], [ 76.3963, 28.756 ], [ 76.3714, 28.7082 ], [ 76.4406, 28.6645 ], [ 76.4555, 28.6161 ], [ 76.4036, 28.5556 ], [ 76.3966, 28.5989 ], [ 76.3441, 28.616 ], [ 76.2819, 28.4393 ], [ 76.2116, 28.4716 ], [ 76.166, 28.4349 ], [ 76.1464, 28.4669 ], [ 76.0703, 28.3986 ], [ 76.0195, 28.3944 ], [ 75.9914, 28.4443 ], [ 75.8936, 28.431 ] ] ] } },
{ "type": "Feature", "properties": { "state": "Haryana", "district": "Faridabad" }, "geometry": { "type": "MultiPolygon", "coordinates": [ [ [ [ 77.2788, 27.8772 ], [ 77.0656, 27.9916 ], [ 77.1015, 28.0173 ], [ 77.0914, 28.0694 ], [ 77.1225, 28.078 ], [ 77.1565, 28.1886 ], [ 77.2189, 28.1621 ], [ 77.1969, 28.1198 ], [ 77.2862, 28.0818 ], [ 77.3039, 28.0021 ], [ 77.2788, 27.8772 ] ] ], [ [ [ 77.5424, 28.1817 ], [ 77.3956, 28.1718 ], [ 77.3988, 28.2186 ], [ 77.3512, 28.2119 ], [ 77.1835, 28.2969 ], [ 77.1418, 28.3273 ], [ 77.1424, 28.3918 ], [ 77.2406, 28.4289 ], [ 77.2427, 28.4846 ], [ 77.3605, 28.4979 ], [ 77.4746, 28.4135 ], [ 77.4942, 28.3583 ], [ 77.4638, 28.338 ], [ 77.4958, 28.307 ], [ 77.4673, 28.2697 ], [ 77.5412, 28.2477 ], [ 77.5191, 28.2018 ], [ 77.4891, 28.212 ], [ 77.4921, 28.1851 ], [ 77.5424, 28.1817 ] ] ] ] } },
{ "type": "Feature", "properties": { "state": "Haryana", "district": "Fatehabad" }, "geometry": { "type": "Polygon", "coordinates": [ [ [ 75.7728, 29.5277 ], [ 75.7041, 29.4338 ], [ 75.6229, 29.4229 ], [ 75.5826, 29.3389 ], [ 75.5006, 29.4052 ], [ 75.4073, 29.4161 ], [ 75.4134, 29.3865 ], [ 75.3718, 29.3582 ], [ 75.3883, 29.3224 ], [ 75.296, 29.323 ], [ 75.2548, 29.2954 ], [ 75.2717, 29.2544 ], [ 75.2267, 29.2601 ], [ 75.2174, 29.3268 ], [ 75.2575, 29.3556 ], [ 75.2145, 29.4006 ], [ 75.2913, 29.4438 ], [ 75.265, 29.5106 ], [ 75.3049, 29.5836 ], [ 75.2806, 29.6101 ], [ 75.3177, 29.6707 ], [ 75.3504, 29.6593 ], [ 75.3354, 29.6938 ], [ 75.4443, 29.8078 ], [ 75.5688, 29.7426 ], [ 75.6254, 29.7732 ], [ 75.6974, 29.7552 ], [ 75.7059, 29.8086 ], [ 75.7716, 29.8254 ], [ 75.9387, 29.7335 ], [ 75.9495, 29.569 ], [ 75.9231, 29.5834 ], [ 75.8829, 29.5399 ], [ 75.8539, 29.561 ], [ 75.8285, 29.5194 ], [ 75.7728, 29.5277 ] ] ] } },
{ "type": "Feature", "properties": { "state": "Haryana", "district": "Gurgaon" }, "geometry": { "type": "Polygon", "coordinates": [ [ [ 76.8465, 28.2395 ], [ 76.7739, 28.2309 ], [ 76.6731, 28.2679 ], [ 76.6365, 28.4146 ], [ 76.7011, 28.463 ], [ 76.7002, 28.4961 ], [ 76.7856, 28.4722 ], [ 76.8161, 28.5079 ], [ 77.0055, 28.5144 ], [ 77.0061, 28.5428 ], [ 77.1077, 28.4939 ], [ 77.1125, 28.4502 ], [ 77.1658, 28.4085 ], [ 77.1446, 28.322 ], [ 77.2322, 28.2781 ], [ 77.1693, 28.205 ], [ 77.0598, 28.2179 ], [ 76.9676, 28.339 ], [ 76.8465, 28.2395 ] ] ] } },
{ "type": "Feature", "properties": { "state": "Haryana", "district": "Hisar" }, "geometry": { "type": "Polygon", "coordinates": [ [ [ 76.215, 28.9976 ], [ 76.1881, 29.0607 ], [ 76.0611, 29.0302 ], [ 75.9784, 29.0857 ], [ 75.971, 28.9986 ], [ 75.8945, 29.0199 ], [ 75.8227, 28.9167 ], [ 75.6714, 28.9164 ], [ 75.5925, 28.9961 ], [ 75.5165, 28.9754 ], [ 75.5051, 29.0152 ], [ 75.4347, 29.0165 ], [ 75.4303, 29.0647 ], [ 75.3807, 29.0703 ], [ 75.3962, 29.1284 ], [ 75.3612, 29.1426 ], [ 75.4007, 29.1889 ], [ 75.3957, 29.2619 ], [ 75.3453, 29.2262 ], [ 75.3149, 29.236 ], [ 75.3242, 29.2902 ], [ 75.2767, 29.2735 ], [ 75.2548, 29.2954 ], [ 75.3883, 29.3224 ], [ 75.3718, 29.3582 ], [ 75.4134, 29.3865 ], [ 75.4073, 29.4161 ], [ 75.5006, 29.4052 ], [ 75.5826, 29.3389 ], [ 75.6229, 29.4229 ], [ 75.7041, 29.4338 ], [ 75.7728, 29.5277 ], [ 75.819, 29.5155 ], [ 75.9231, 29.5834 ], [ 75.952, 29.5551 ], [ 75.9258, 29.5069 ], [ 75.9915, 29.4826 ], [ 76.0138, 29.4345 ], [ 76.0698, 29.4448 ], [ 76.1281, 29.3938 ], [ 76.1921, 29.4065 ], [ 76.1821, 29.3006 ], [ 76.2204, 29.2245 ], [ 76.2816, 29.2128 ], [ 76.3076, 29.1207 ], [ 76.2304, 29.0605 ], [ 76.215, 28.9976 ] ] ] } },
{ "type": "Feature", "properties": { "state": "Haryana", "district": "Jhajjar" }, "geometry": { "type": "Polygon", "coordinates": [ [ [ 76.2856, 28.4503 ], [ 76.3441, 28.616 ], [ 76.3966, 28.5989 ], [ 76.4036, 28.5556 ], [ 76.4555, 28.6161 ], [ 76.4406, 28.6645 ], [ 76.3949, 28.6745 ], [ 76.4094, 28.729 ], [ 76.57, 28.7386 ], [ 76.6374, 28.8426 ], [ 76.6634, 28.7986 ], [ 76.7728, 28.7472 ], [ 76.8108, 28.7898 ], [ 76.7861, 28.818 ], [ 76.8374, 28.8142 ], [ 76.8928, 28.8671 ], [ 76.9423, 28.8207 ], [ 76.9339, 28.6376 ], [ 76.8779, 28.6376 ], [ 76.8329, 28.5825 ], [ 76.871, 28.5042 ], [ 76.7513, 28.4679 ], [ 76.7002, 28.4961 ], [ 76.666, 28.4289 ], [ 76.606, 28.4338 ], [ 76.5749, 28.3515 ], [ 76.496, 28.383 ], [ 76.4536, 28.3504 ], [ 76.3996, 28.3642 ], [ 76.4107, 28.3298 ], [ 76.3772, 28.347 ], [ 76.3884, 28.4007 ], [ 76.3578, 28.4066 ], [ 76.3393, 28.3691 ], [ 76.2977, 28.3814 ], [ 76.2856, 28.4503 ] ] ] } },
{ "type": "Feature", "properties": { "state": "Haryana", "district": "Jind" }, "geometry": { "type": "Polygon", "coordinates": [ [ [ 76.2928, 29.0964 ], [ 76.2882, 29.2017 ], [ 76.2204, 29.2245 ], [ 76.1821, 29.3006 ], [ 76.1921, 29.4065 ], [ 76.1281, 29.3938 ], [ 76.0698, 29.4448 ], [ 76.0198, 29.4316 ], [ 75.9832, 29.4558 ], [ 75.9915, 29.4826 ], [ 75.9258, 29.5069 ], [ 75.952, 29.5551 ], [ 75.9387, 29.7335 ], [ 76.0415, 29.7488 ], [ 76.0777, 29.8058 ], [ 76.1164, 29.7964 ], [ 76.1942, 29.845 ], [ 76.2163, 29.8395 ], [ 76.2098, 29.7489 ], [ 76.1664, 29.6818 ], [ 76.2571, 29.5416 ], [ 76.3341, 29.5852 ], [ 76.3821, 29.5309 ], [ 76.4751, 29.5278 ], [ 76.5348, 29.4624 ], [ 76.6472, 29.4975 ], [ 76.745, 29.4722 ], [ 76.7228, 29.3972 ], [ 76.6369, 29.368 ], [ 76.6316, 29.2994 ], [ 76.6714, 29.275 ], [ 76.5512, 29.2875 ], [ 76.5412, 29.2143 ], [ 76.4669, 29.2471 ], [ 76.5041, 29.1697 ], [ 76.4512, 29.071 ], [ 76.2928, 29.0964 ] ] ] } },
{ "type": "Feature", "properties": { "state": "Haryana", "district": "Kaithal" }, "geometry": { "type": "Polygon", "coordinates": [ [ [ 76.4751, 29.5278 ], [ 76.3821, 29.5309 ], [ 76.3564, 29.5813 ], [ 76.3131, 29.587 ], [ 76.2571, 29.5416 ], [ 76.1664, 29.6818 ], [ 76.2098, 29.7489 ], [ 76.2097, 29.8502 ], [ 76.242, 29.869 ], [ 76.1846, 29.8886 ], [ 76.1663, 29.9287 ], [ 76.2039, 29.9441 ], [ 76.1909, 30.0164 ], [ 76.255, 30.1046 ], [ 76.1906, 30.135 ], [ 76.2039, 30.1589 ], [ 76.3229, 30.1082 ], [ 76.3489, 30.1277 ], [ 76.3259, 30.1492 ], [ 76.39, 30.1275 ], [ 76.381, 30.1832 ], [ 76.42, 30.1979 ], [ 76.452, 30.0985 ], [ 76.4125, 30.0479 ], [ 76.4631, 30.0266 ], [ 76.4591, 29.9159 ], [ 76.5429, 29.8619 ], [ 76.6466, 29.9609 ], [ 76.6788, 29.9209 ], [ 76.7439, 29.9293 ], [ 76.6655, 29.8683 ], [ 76.7047, 29.8169 ], [ 76.6757, 29.7672 ], [ 76.7012, 29.6869 ], [ 76.5231, 29.618 ], [ 76.5372, 29.5853 ], [ 76.4751, 29.5278 ] ] ] } },
{ "type": "Feature", "properties": { "state": "Haryana", "district": "Karnal" }, "geometry": { "type": "Polygon", "coordinates": [ [ [ 76.54, 29.462 ], [ 76.4819, 29.5189 ], [ 76.5384, 29.5891 ], [ 76.5231, 29.618 ], [ 76.7012, 29.6869 ], [ 76.6788, 29.7077 ], [ 76.7047, 29.8169 ], [ 76.6653, 29.8651 ], [ 76.6826, 29.897 ], [ 76.7181, 29.8885 ], [ 76.783, 29.9491 ], [ 76.8266, 29.9143 ], [ 76.9336, 29.927 ], [ 76.9692, 29.9687 ], [ 77.0824, 29.954 ], [ 77.1028, 29.9955 ], [ 77.2111, 29.9407 ], [ 77.1524, 29.7933 ], [ 77.1183, 29.7756 ], [ 77.1426, 29.7016 ], [ 77.0856, 29.6008 ], [ 77.1241, 29.4529 ], [ 76.9949, 29.453 ], [ 76.8576, 29.4951 ], [ 76.745, 29.4722 ], [ 76.6472, 29.4975 ], [ 76.54, 29.462 ] ] ] } },
{ "type": "Feature", "properties": { "state": "Haryana", "district": "Kurukshetra" }, "geometry": { "type": "Polygon", "coordinates": [ [ [ 76.4624, 29.9215 ], [ 76.4631, 30.0266 ], [ 76.4125, 30.0479 ], [ 76.4436, 30.0931 ], [ 76.6011, 30.0802 ], [ 76.6276, 30.1551 ], [ 76.7954, 30.2162 ], [ 76.8193, 30.253 ], [ 77.0453, 30.127 ], [ 77.0987, 30.1802 ], [ 77.1698, 30.1345 ], [ 77.1708, 30.0655 ], [ 77.2731, 30.034 ], [ 77.2111, 29.9407 ], [ 77.1028, 29.9955 ], [ 77.0824, 29.954 ], [ 76.9692, 29.9687 ], [ 76.9336, 29.927 ], [ 76.8266, 29.9143 ], [ 76.783, 29.9491 ], [ 76.6788, 29.9209 ], [ 76.6466, 29.9609 ], [ 76.5429, 29.8619 ], [ 76.4624, 29.9215 ] ] ] } },
{ "type": "Feature", "properties": { "state": "Haryana", "district": "Mahendragarh" }, "geometry": { "type": "Polygon", "coordinates": [ [ [ 76.3388, 28.2307 ], [ 76.2782, 28.1686 ], [ 76.3556, 28.1285 ], [ 76.2974, 28.101 ], [ 76.3546, 28.0742 ], [ 76.3368, 28.0297 ], [ 76.2972, 28.026 ], [ 76.2649, 28.0687 ], [ 76.1773, 28.0593 ], [ 76.2138, 28.0317 ], [ 76.1549, 27.999 ], [ 76.1795, 27.9728 ], [ 76.1665, 27.9151 ], [ 76.2233, 27.8409 ], [ 76.1729, 27.8075 ], [ 76.0881, 27.8684 ], [ 75.9631, 27.8647 ], [ 75.9774, 27.9093 ], [ 75.9236, 27.9331 ], [ 75.9632, 27.937 ], [ 75.9869, 27.9846 ], [ 75.9564, 28.001 ], [ 75.9905, 28.0102 ], [ 75.97, 28.0309 ], [ 76.0356, 28.074 ], [ 76.0156, 28.0889 ], [ 75.9846, 28.0507 ], [ 75.9821, 28.0802 ], [ 75.9361, 28.0935 ], [ 76.0277, 28.1727 ], [ 76.0929, 28.1552 ], [ 76.0112, 28.2418 ], [ 76.0187, 28.281 ], [ 75.8971, 28.3801 ], [ 75.8936, 28.431 ], [ 75.9914, 28.4443 ], [ 76.0133, 28.3946 ], [ 76.0703, 28.3986 ], [ 76.1084, 28.4551 ], [ 76.1549, 28.4669 ], [ 76.1779, 28.4362 ], [ 76.2223, 28.4719 ], [ 76.2819, 28.4393 ], [ 76.3221, 28.3692 ], [ 76.3884, 28.4007 ], [ 76.3811, 28.3691 ], [ 76.3511, 28.3718 ], [ 76.3388, 28.2307 ] ] ] } },
{ "type": "Feature", "properties": { "state": "Haryana", "district": "Mewat" }, "geometry": { "type": "Polygon", "coordinates": [ [ [ 77.0688, 27.9907 ], [ 77.1858, 27.9461 ], [ 77.2497, 27.8828 ], [ 77.2982, 27.8932 ], [ 77.3273, 27.8377 ], [ 77.2346, 27.7858 ], [ 77.1938, 27.8219 ], [ 77.1687, 27.7849 ], [ 77.1807, 27.8087 ], [ 77.1506, 27.8156 ], [ 77.1265, 27.7765 ], [ 77.0383, 27.82 ], [ 77.0207, 27.7781 ], [ 77.0792, 27.7384 ], [ 76.9935, 27.7417 ], [ 76.9705, 27.6571 ], [ 76.9054, 27.656 ], [ 76.8809, 27.6994 ], [ 76.9146, 27.7008 ], [ 76.8833, 27.7244 ], [ 76.9382, 27.896 ], [ 76.9186, 27.9976 ], [ 76.9618, 28.144 ], [ 76.8465, 28.2395 ], [ 76.9058, 28.2761 ], [ 76.921, 28.3265 ], [ 76.9958, 28.3306 ], [ 77.0104, 28.2542 ], [ 77.0598, 28.2179 ], [ 77.1877, 28.1989 ], [ 77.1237, 28.1363 ], [ 77.1015, 28.0173 ], [ 77.0688, 27.9907 ] ] ] } },
{ "type": "Feature", "properties": { "state": "Haryana", "district": "Palwal" }, "geometry": { "type": "Polygon", "coordinates": [ [ [ 77.23, 28.2743 ], [ 77.3512, 28.2119 ], [ 77.3988, 28.2186 ], [ 77.4018, 28.1695 ], [ 77.5109, 28.1728 ], [ 77.4689, 28.086 ], [ 77.5361, 27.9493 ], [ 77.4777, 27.9402 ], [ 77.4458, 27.8784 ], [ 77.4123, 27.8962 ], [ 77.4124, 27.8591 ], [ 77.3292, 27.852 ], [ 77.288, 27.8964 ], [ 77.2862, 28.0818 ], [ 77.1969, 28.1198 ], [ 77.2189, 28.1621 ], [ 77.1693, 28.205 ], [ 77.23, 28.2743 ] ] ] } },
{ "type": "Feature", "properties": { "state": "Haryana", "district": "Panchkula" }, "geometry": { "type": "Polygon", "coordinates": [ [ [ 76.8348, 30.6558 ], [ 76.8468, 30.7925 ], [ 76.7625, 30.8934 ], [ 76.8102, 30.9304 ], [ 76.8372, 30.8789 ], [ 76.9022, 30.8972 ], [ 76.9538, 30.8112 ], [ 76.9958, 30.8167 ], [ 77.0131, 30.7422 ], [ 77.0768, 30.7448 ], [ 77.1518, 30.6905 ], [ 77.1586, 30.6031 ], [ 77.0769, 30.5779 ], [ 77.0227, 30.6366 ], [ 76.9201, 30.5247 ], [ 76.885, 30.5404 ], [ 76.9106, 30.6058 ], [ 76.8586, 30.6406 ], [ 76.8622, 30.6793 ], [ 76.8348, 30.6558 ] ] ] } },
{ "type": "Feature", "properties": { "state": "Haryana", "district": "Panipat" }, "geometry": { "type": "Polygon", "coordinates": [ [ [ 76.7007, 29.2557 ], [ 76.6316, 29.2994 ], [ 76.6369, 29.368 ], [ 76.7228, 29.3972 ], [ 76.745, 29.4722 ], [ 76.8576, 29.4951 ], [ 77.1394, 29.4421 ], [ 77.1468, 29.3898 ], [ 77.1167, 29.3726 ], [ 77.1539, 29.3355 ], [ 77.1324, 29.1718 ], [ 77.0186, 29.1879 ], [ 76.9984, 29.2251 ], [ 76.8734, 29.1977 ], [ 76.7905, 29.2313 ], [ 76.766, 29.2821 ], [ 76.7007, 29.2557 ] ] ] } },
{ "type": "Feature", "properties": { "state": "Haryana", "district": "Rewari" }, "geometry": { "type": "Polygon", "coordinates": [ [ [ 76.6639, 28.0979 ], [ 76.6601, 28.0191 ], [ 76.5335, 27.9737 ], [ 76.5385, 28.0391 ], [ 76.4537, 28.0497 ], [ 76.4977, 28.0647 ], [ 76.4486, 28.0932 ], [ 76.4978, 28.1066 ], [ 76.471, 28.1547 ], [ 76.3768, 28.1381 ], [ 76.2995, 28.2029 ], [ 76.3388, 28.2307 ], [ 76.3511, 28.3718 ], [ 76.4107, 28.3298 ], [ 76.3996, 28.3642 ], [ 76.4536, 28.3504 ], [ 76.496, 28.383 ], [ 76.5749, 28.3515 ], [ 76.6127, 28.433 ], [ 76.6554, 28.3941 ], [ 76.6731, 28.2679 ], [ 76.7739, 28.2309 ], [ 76.7959, 28.2539 ], [ 76.8465, 28.2395 ], [ 76.8014, 28.2116 ], [ 76.7915, 28.1572 ], [ 76.6639, 28.0979 ] ] ] } },
{ "type": "Feature", "properties": { "state": "Haryana", "district": "Rohtak" }, "geometry": { "type": "Polygon", "coordinates": [ [ [ 76.2897, 28.834 ], [ 76.2906, 28.9089 ], [ 76.2303, 28.9157 ], [ 76.2092, 28.9632 ], [ 76.2361, 29.0675 ], [ 76.3224, 29.0918 ], [ 76.4364, 29.0644 ], [ 76.5299, 29.1089 ], [ 76.5617, 29.0678 ], [ 76.6289, 29.0633 ], [ 76.6615, 28.9889 ], [ 76.8174, 28.9257 ], [ 76.8093, 28.8641 ], [ 76.8928, 28.8671 ], [ 76.8374, 28.8142 ], [ 76.7861, 28.818 ], [ 76.8108, 28.7898 ], [ 76.7728, 28.7472 ], [ 76.6634, 28.7986 ], [ 76.6374, 28.8426 ], [ 76.57, 28.7386 ], [ 76.4408, 28.741 ], [ 76.3965, 28.6858 ], [ 76.3714, 28.7082 ], [ 76.3916, 28.7648 ], [ 76.2897, 28.834 ] ] ] } },
{ "type": "Feature", "properties": { "state": "Haryana", "district": "Sirsa" }, "geometry": { "type": "Polygon", "coordinates": [ [ [ 75.2923, 29.5501 ], [ 75.265, 29.5106 ], [ 75.2913, 29.4438 ], [ 75.2122, 29.3939 ], [ 75.2575, 29.3556 ], [ 75.2174, 29.3268 ], [ 75.2235, 29.235 ], [ 75.18, 29.2686 ], [ 75.0925, 29.2291 ], [ 75.0399, 29.2871 ], [ 74.9531, 29.2819 ], [ 74.9271, 29.3646 ], [ 74.8411, 29.4041 ], [ 74.7566, 29.356 ], [ 74.6502, 29.3724 ], [ 74.6418, 29.3312 ], [ 74.5958, 29.3283 ], [ 74.5291, 29.4495 ], [ 74.5789, 29.4586 ], [ 74.6144, 29.5271 ], [ 74.5665, 29.5635 ], [ 74.6054, 29.7529 ], [ 74.472, 29.744 ], [ 74.4653, 29.7875 ], [ 74.5536, 29.8656 ], [ 74.505, 29.9078 ], [ 74.5191, 29.9433 ], [ 74.647, 29.9047 ], [ 74.6908, 29.9693 ], [ 74.8012, 29.9926 ], [ 74.8815, 29.9683 ], [ 74.8852, 29.9391 ], [ 74.9157, 29.9492 ], [ 74.9899, 29.8565 ], [ 75.0655, 29.879 ], [ 75.0848, 29.9151 ], [ 75.0902, 29.8067 ], [ 75.1541, 29.781 ], [ 75.1823, 29.8387 ], [ 75.231, 29.7521 ], [ 75.1589, 29.6694 ], [ 75.1733, 29.6301 ], [ 75.2212, 29.6066 ], [ 75.2235, 29.5462 ], [ 75.2923, 29.5501 ] ] ] } },
{ "type": "Feature", "properties": { "state": "Haryana", "district": "Sonipat" }, "geometry": { "type": "Polygon", "coordinates": [ [ [ 76.934, 28.8263 ], [ 76.8818, 28.873 ], [ 76.8022, 28.8695 ], [ 76.8174, 28.9257 ], [ 76.6615, 28.9889 ], [ 76.6289, 29.0633 ], [ 76.5617, 29.0678 ], [ 76.5299, 29.1089 ], [ 76.469, 29.1008 ], [ 76.5041, 29.1697 ], [ 76.4669, 29.2471 ], [ 76.5412, 29.2143 ], [ 76.5512, 29.2875 ], [ 76.7007, 29.2557 ], [ 76.766, 29.2821 ], [ 76.8169, 29.2137 ], [ 76.9984, 29.2251 ], [ 77.0186, 29.1879 ], [ 77.1324, 29.1718 ], [ 77.122, 29.1058 ], [ 77.214, 29.0067 ], [ 77.1901, 28.9557 ], [ 77.2212, 28.9041 ], [ 77.1424, 28.8425 ], [ 77.0759, 28.8845 ], [ 77.0315, 28.8368 ], [ 76.934, 28.8263 ] ] ] } },
{ "type": "Feature", "properties": { "state": "Haryana", "district": "Yamunanagar" }, "geometry": { "type": "Polygon", "coordinates": [ [ [ 77.1698, 30.1345 ], [ 77.065, 30.2154 ], [ 77.1422, 30.2206 ], [ 77.1277, 30.2857 ], [ 77.2652, 30.3804 ], [ 77.3224, 30.4621 ], [ 77.4006, 30.4188 ], [ 77.4505, 30.4652 ], [ 77.4159, 30.4128 ], [ 77.435, 30.4037 ], [ 77.5098, 30.4488 ], [ 77.5901, 30.3773 ], [ 77.4733, 30.1886 ], [ 77.4153, 30.1567 ], [ 77.4144, 30.1071 ], [ 77.3317, 30.0645 ], [ 77.196, 30.0507 ], [ 77.1662, 30.0702 ], [ 77.1698, 30.1345 ] ] ] } },
{ "type": "Feature", "properties": { "state": "Himachal Pradesh", "district": "Bilaspur" }, "geometry": { "type": "Polygon", "coordinates": [ [ [ 76.7975, 31.4269 ], [ 76.8661, 31.4151 ], [ 76.8617, 31.3347 ], [ 76.9137, 31.3056 ], [ 76.8577, 31.2603 ], [ 76.8597, 31.222 ], [ 76.7185, 31.2434 ], [ 76.5806, 31.2164 ], [ 76.6016, 31.2509 ], [ 76.5705, 31.2801 ], [ 76.535, 31.2554 ], [ 76.5372, 31.284 ], [ 76.5181, 31.2623 ], [ 76.4667, 31.3102 ], [ 76.4311, 31.2828 ], [ 76.4483, 31.306 ], [ 76.3792, 31.3912 ], [ 76.3846, 31.4295 ], [ 76.4576, 31.4271 ], [ 76.4446, 31.4886 ], [ 76.5999, 31.4216 ], [ 76.6022, 31.5685 ], [ 76.6906, 31.6018 ], [ 76.7975, 31.4269 ] ] ] } },
{ "type": "Feature", "properties": { "state": "Himachal Pradesh", "district": "Chamba" }, "geometry": { "type": "Polygon", "coordinates": [ [ [ 76.2435, 32.3941 ], [ 76.1506, 32.3548 ], [ 76.1661, 32.2286 ], [ 76.0155, 32.2714 ], [ 76.004, 32.3387 ], [ 75.922, 32.396 ], [ 75.9314, 32.4308 ], [ 75.851, 32.5079 ], [ 75.9236, 32.6437 ], [ 75.8966, 32.6911 ], [ 75.9125, 32.7571 ], [ 75.7946, 32.8702 ], [ 75.7983, 32.9194 ], [ 75.8671, 32.9302 ], [ 75.9338, 32.8843 ], [ 75.9874, 32.9006 ], [ 76.0937, 33.0048 ], [ 76.2373, 33.0326 ], [ 76.275, 33.104 ], [ 76.3917, 33.1867 ], [ 76.5475, 33.2095 ], [ 76.627, 33.1625 ], [ 76.7299, 33.1794 ], [ 76.7182, 33.084 ], [ 76.7696, 32.9896 ], [ 76.7563, 32.9389 ], [ 76.7018, 32.924 ], [ 76.6537, 32.847 ], [ 76.5953, 32.8553 ], [ 76.4963, 32.8042 ], [ 76.4564, 32.8063 ], [ 76.4268, 32.8546 ], [ 76.3583, 32.8107 ], [ 76.426, 32.6607 ], [ 76.5769, 32.6438 ], [ 76.6133, 32.5757 ], [ 76.6889, 32.5749 ], [ 76.6983, 32.5399 ], [ 76.723, 32.5624 ], [ 76.8666, 32.5219 ], [ 76.8488, 32.4632 ], [ 76.7378, 32.3603 ], [ 76.7695, 32.3188 ], [ 76.7553, 32.2234 ], [ 76.7212, 32.1899 ], [ 76.6092, 32.1945 ], [ 76.4087, 32.2661 ], [ 76.2435, 32.3941 ] ] ] } },
{ "type": "Feature", "properties": { "state": "Himachal Pradesh", "district": "Hamirpur" }, "geometry": { "type": "Polygon", "coordinates": [ [ [ 76.6022, 31.5685 ], [ 76.5999, 31.4216 ], [ 76.4446, 31.4886 ], [ 76.2865, 31.7899 ], [ 76.3978, 31.7869 ], [ 76.5768, 31.8985 ], [ 76.6255, 31.8771 ], [ 76.6104, 31.7781 ], [ 76.7128, 31.6677 ], [ 76.715, 31.5883 ], [ 76.6022, 31.5685 ] ] ] } },
{ "type": "Feature", "properties": { "state": "Himachal Pradesh", "district": "Kangra" }, "geometry": { "type": "Polygon", "coordinates": [ [ [ 76.0396, 31.856 ], [ 75.9443, 31.8575 ], [ 75.8777, 31.962 ], [ 75.6898, 32.0615 ], [ 75.5788, 32.0817 ], [ 75.6618, 32.1647 ], [ 75.6202, 32.1852 ], [ 75.6225, 32.2347 ], [ 75.7364, 32.2738 ], [ 75.9111, 32.4092 ], [ 75.9756, 32.3763 ], [ 76.0155, 32.2714 ], [ 76.1612, 32.2262 ], [ 76.1506, 32.3548 ], [ 76.2387, 32.3955 ], [ 76.4087, 32.2661 ], [ 76.6666, 32.1818 ], [ 76.7553, 32.2234 ], [ 76.7695, 32.3188 ], [ 76.7378, 32.3603 ], [ 76.8077, 32.4391 ], [ 76.8848, 32.4723 ], [ 76.8749, 32.4409 ], [ 76.9361, 32.4055 ], [ 77.0619, 32.4197 ], [ 77.0144, 32.3092 ], [ 77.0362, 32.2286 ], [ 76.9789, 32.1894 ], [ 76.9727, 32.1136 ], [ 76.9303, 32.115 ], [ 76.9236, 32.0654 ], [ 76.8267, 32.0437 ], [ 76.7767, 32.0771 ], [ 76.7225, 32.0325 ], [ 76.6641, 32.0504 ], [ 76.6629, 31.8759 ], [ 76.5768, 31.8985 ], [ 76.3978, 31.7869 ], [ 76.2865, 31.7899 ], [ 76.3048, 31.7334 ], [ 76.275, 31.6887 ], [ 76.189, 31.7747 ], [ 76.0396, 31.856 ] ] ] } },
{ "type": "Feature", "properties": { "state": "Himachal Pradesh", "district": "Kinnaur" }, "geometry": { "type": "Polygon", "coordinates": [ [ [ 78.776, 31.4024 ], [ 78.9861, 31.1166 ], [ 78.8714, 31.1073 ], [ 78.795, 31.205 ], [ 78.6477, 31.1947 ], [ 78.5954, 31.2364 ], [ 78.4701, 31.2038 ], [ 78.3693, 31.2879 ], [ 78.1491, 31.3493 ], [ 78.148, 31.3884 ], [ 78.0883, 31.4243 ], [ 77.9485, 31.407 ], [ 77.8256, 31.5112 ], [ 77.8094, 31.6422 ], [ 77.7352, 31.7178 ], [ 77.7369, 31.7555 ], [ 77.8334, 31.7588 ], [ 77.851, 31.7874 ], [ 77.9054, 31.7522 ], [ 77.9297, 31.7889 ], [ 78.0174, 31.7652 ], [ 78.0676, 31.7917 ], [ 78.0739, 31.8625 ], [ 78.173, 31.8764 ], [ 78.1862, 31.9371 ], [ 78.2865, 31.9312 ], [ 78.355, 31.9646 ], [ 78.4366, 31.9423 ], [ 78.4036, 31.9938 ], [ 78.4275, 32.057 ], [ 78.5888, 32.0569 ], [ 78.6511, 32.0933 ], [ 78.771, 31.9998 ], [ 78.6914, 31.7934 ], [ 78.7353, 31.6909 ], [ 78.7796, 31.6898 ], [ 78.8311, 31.6153 ], [ 78.7068, 31.5211 ], [ 78.7166, 31.4849 ], [ 78.7955, 31.4528 ], [ 78.776, 31.4024 ] ] ] } },
{ "type": "Feature", "properties": { "state": "Himachal Pradesh", "district": "Kullu" }, "geometry": { "type": "Polygon", "coordinates": [ [ [ 77.6324, 31.6616 ], [ 77.6408, 31.5823 ], [ 77.6938, 31.5065 ], [ 77.6131, 31.4501 ], [ 77.615, 31.3951 ], [ 77.5393, 31.3906 ], [ 77.5108, 31.3554 ], [ 77.3719, 31.3653 ], [ 77.2869, 31.5611 ], [ 77.2906, 31.6654 ], [ 77.2021, 31.7244 ], [ 77.1649, 31.8448 ], [ 77.0441, 31.8379 ], [ 76.9282, 32.0473 ], [ 76.9303, 32.115 ], [ 76.9727, 32.1136 ], [ 76.9789, 32.1894 ], [ 77.0362, 32.2286 ], [ 77.0144, 32.3092 ], [ 77.0581, 32.3994 ], [ 77.1796, 32.4039 ], [ 77.3098, 32.3244 ], [ 77.3537, 32.2257 ], [ 77.4122, 32.1971 ], [ 77.4575, 32.2312 ], [ 77.5086, 32.2031 ], [ 77.529, 32.226 ], [ 77.7283, 32.0952 ], [ 77.7849, 31.9896 ], [ 77.7536, 31.947 ], [ 77.7679, 31.919 ], [ 77.853, 31.8866 ], [ 77.8233, 31.8526 ], [ 77.851, 31.7874 ], [ 77.8334, 31.7588 ], [ 77.7472, 31.766 ], [ 77.7352, 31.7178 ], [ 77.6703, 31.7075 ], [ 77.6324, 31.6616 ] ] ] } },
{ "type": "Feature", "properties": { "state": "Himachal Pradesh", "district": "Lahul and Spiti" }, "geometry": { "type": "Polygon", "coordinates": [ [ [ 78.4392, 32.2465 ], [ 78.5394, 32.25 ], [ 78.5951, 32.2167 ], [ 78.5743, 32.1586 ], [ 78.6479, 32.1071 ], [ 78.6428, 32.0781 ], [ 78.4326, 32.0593 ], [ 78.4036, 31.9938 ], [ 78.4405, 31.9439 ], [ 78.355, 31.9646 ], [ 78.2865, 31.9312 ], [ 78.1862, 31.9371 ], [ 78.173, 31.8764 ], [ 78.0739, 31.8625 ], [ 78.0676, 31.7917 ], [ 78.0102, 31.7645 ], [ 77.9297, 31.7889 ], [ 77.9209, 31.7529 ], [ 77.8834, 31.7571 ], [ 77.8325, 31.8097 ], [ 77.8249, 31.8593 ], [ 77.853, 31.8866 ], [ 77.7573, 31.9384 ], [ 77.7849, 31.9896 ], [ 77.7283, 32.0952 ], [ 77.529, 32.226 ], [ 77.5086, 32.2031 ], [ 77.4575, 32.2312 ], [ 77.4122, 32.1971 ], [ 77.3537, 32.2257 ], [ 77.3098, 32.3244 ], [ 77.1796, 32.4039 ], [ 77.0581, 32.3994 ], [ 77.0422, 32.4315 ], [ 76.9361, 32.4055 ], [ 76.8749, 32.4409 ], [ 76.8923, 32.4693 ], [ 76.8392, 32.4716 ], [ 76.8567, 32.5335 ], [ 76.723, 32.5624 ], [ 76.6983, 32.5399 ], [ 76.6889, 32.5749 ], [ 76.6133, 32.5757 ], [ 76.5769, 32.6438 ], [ 76.426, 32.6607 ], [ 76.3603, 32.8205 ], [ 76.4268, 32.8546 ], [ 76.4564, 32.8063 ], [ 76.4963, 32.8042 ], [ 76.5953, 32.8553 ], [ 76.6678, 32.8554 ], [ 76.7018, 32.924 ], [ 76.7738, 32.9621 ], [ 76.718, 33.0979 ], [ 76.7553, 33.2495 ], [ 76.8219, 33.2484 ], [ 76.8035, 33.1557 ], [ 76.8772, 33.1142 ], [ 76.9175, 33.0337 ], [ 76.9985, 32.9896 ], [ 77.1364, 32.9805 ], [ 77.1462, 32.914 ], [ 77.1739, 32.9311 ], [ 77.3279, 32.8199 ], [ 77.3875, 32.8855 ], [ 77.4552, 32.8617 ], [ 77.6652, 32.986 ], [ 77.7125, 32.9718 ], [ 77.7902, 32.9054 ], [ 77.7614, 32.8648 ], [ 77.9151, 32.7661 ], [ 77.9033, 32.6931 ], [ 77.9826, 32.5865 ], [ 78.0358, 32.5919 ], [ 78.0339, 32.6356 ], [ 78.0653, 32.6243 ], [ 78.0934, 32.6622 ], [ 78.1215, 32.6423 ], [ 78.1525, 32.679 ], [ 78.2129, 32.6692 ], [ 78.2957, 32.7128 ], [ 78.2877, 32.7378 ], [ 78.3714, 32.7618 ], [ 78.3888, 32.6232 ], [ 78.2966, 32.5775 ], [ 78.2785, 32.5079 ], [ 78.3104, 32.4759 ], [ 78.3979, 32.5271 ], [ 78.445, 32.4979 ], [ 78.4381, 32.4564 ], [ 78.5188, 32.4185 ], [ 78.4629, 32.3496 ], [ 78.4392, 32.2465 ] ] ] } },
{ "type": "Feature", "properties": { "state": "Himachal Pradesh", "district": "Mandi" }, "geometry": { "type": "Polygon", "coordinates": [ [ [ 77.2869, 31.5611 ], [ 77.376, 31.3753 ], [ 77.3221, 31.3021 ], [ 77.1474, 31.2346 ], [ 77.0176, 31.2788 ], [ 76.9065, 31.3704 ], [ 76.8614, 31.3577 ], [ 76.8661, 31.4151 ], [ 76.7896, 31.4258 ], [ 76.7717, 31.5048 ], [ 76.7182, 31.5229 ], [ 76.7128, 31.6677 ], [ 76.6104, 31.7781 ], [ 76.6212, 31.8712 ], [ 76.6629, 31.8759 ], [ 76.6787, 31.9351 ], [ 76.6472, 32.0329 ], [ 76.6729, 32.0541 ], [ 76.7225, 32.0325 ], [ 76.7767, 32.0771 ], [ 76.8267, 32.0437 ], [ 76.9236, 32.0654 ], [ 77.0441, 31.8379 ], [ 77.1649, 31.8448 ], [ 77.2021, 31.7244 ], [ 77.2906, 31.6654 ], [ 77.2869, 31.5611 ] ] ] } },
{ "type": "Feature", "properties": { "state": "Himachal Pradesh", "district": "Shimla" }, "geometry": { "type": "Polygon", "coordinates": [ [ [ 77.9616, 31.406 ], [ 78.0883, 31.4243 ], [ 78.165, 31.3412 ], [ 78.2767, 31.3285 ], [ 78.2934, 31.266 ], [ 78.03, 31.1853 ], [ 78.0142, 31.1549 ], [ 77.9548, 31.1788 ], [ 77.8875, 31.1547 ], [ 77.8006, 31.0621 ], [ 77.8171, 30.9536 ], [ 77.7346, 30.9596 ], [ 77.7456, 30.9223 ], [ 77.7956, 30.9238 ], [ 77.7894, 30.8585 ], [ 77.7445, 30.8812 ], [ 77.7444, 30.8299 ], [ 77.6883, 30.7687 ], [ 77.6439, 30.8107 ], [ 77.5734, 30.7809 ], [ 77.4792, 30.7986 ], [ 77.4792, 30.8454 ], [ 77.4182, 30.8766 ], [ 77.3974, 30.9308 ], [ 77.4267, 30.9802 ], [ 77.3596, 31.0265 ], [ 77.2324, 30.9229 ], [ 77.2381, 30.9518 ], [ 77.1724, 31.0131 ], [ 77.0537, 31.0545 ], [ 77.0595, 31.091 ], [ 77.0252, 31.0722 ], [ 77.0326, 31.1198 ], [ 76.9788, 31.1154 ], [ 77.0198, 31.1627 ], [ 76.9899, 31.1916 ], [ 76.9887, 31.3014 ], [ 77.1474, 31.2346 ], [ 77.291, 31.2752 ], [ 77.3495, 31.3603 ], [ 77.5108, 31.3554 ], [ 77.5393, 31.3906 ], [ 77.615, 31.3951 ], [ 77.6131, 31.4501 ], [ 77.6938, 31.5065 ], [ 77.6329, 31.6097 ], [ 77.6703, 31.7075 ], [ 77.7679, 31.699 ], [ 77.8094, 31.6422 ], [ 77.8256, 31.5112 ], [ 77.9616, 31.406 ] ] ] } },
{ "type": "Feature", "properties": { "state": "Himachal Pradesh", "district": "Sirmaur" }, "geometry": { "type": "Polygon", "coordinates": [ [ [ 77.5579, 30.3904 ], [ 77.5098, 30.4488 ], [ 77.4868, 30.4126 ], [ 77.4164, 30.4084 ], [ 77.4505, 30.4652 ], [ 77.4006, 30.4188 ], [ 77.3461, 30.4619 ], [ 77.2026, 30.4803 ], [ 77.1853, 30.5259 ], [ 77.1115, 30.5673 ], [ 77.1575, 30.5996 ], [ 77.1535, 30.6887 ], [ 77.0768, 30.7448 ], [ 77.0047, 30.7525 ], [ 77.1056, 30.8576 ], [ 77.1635, 30.8502 ], [ 77.3596, 31.0265 ], [ 77.4267, 30.9802 ], [ 77.3974, 30.9308 ], [ 77.4182, 30.8766 ], [ 77.4792, 30.8454 ], [ 77.4792, 30.7986 ], [ 77.5734, 30.7809 ], [ 77.6439, 30.8107 ], [ 77.7791, 30.6638 ], [ 77.782, 30.6194 ], [ 77.7295, 30.5984 ], [ 77.8059, 30.5607 ], [ 77.7992, 30.5114 ], [ 77.5811, 30.4303 ], [ 77.5579, 30.3904 ] ] ] } },
{ "type": "Feature", "properties": { "state": "Himachal Pradesh", "district": "Solan" }, "geometry": { "type": "Polygon", "coordinates": [ [ [ 77.1843, 30.8724 ], [ 77.1056, 30.8576 ], [ 77.0047, 30.7525 ], [ 76.998, 30.8143 ], [ 76.9538, 30.8112 ], [ 76.9022, 30.8972 ], [ 76.8524, 30.8707 ], [ 76.8102, 30.9304 ], [ 76.7699, 30.9064 ], [ 76.6101, 31.0042 ], [ 76.6257, 31.1102 ], [ 76.5893, 31.1277 ], [ 76.5904, 31.1829 ], [ 76.7185, 31.2434 ], [ 76.8693, 31.2273 ], [ 76.8577, 31.2603 ], [ 76.9137, 31.3056 ], [ 76.8614, 31.3577 ], [ 76.9065, 31.3704 ], [ 76.9995, 31.2824 ], [ 76.9899, 31.1916 ], [ 77.0198, 31.1627 ], [ 76.9788, 31.1154 ], [ 77.0326, 31.1198 ], [ 77.0252, 31.0722 ], [ 77.0643, 31.0889 ], [ 77.0537, 31.0545 ], [ 77.1724, 31.0131 ], [ 77.2381, 30.9518 ], [ 77.1843, 30.8724 ] ] ] } },
{ "type": "Feature", "properties": { "state": "Himachal Pradesh", "district": "Una" }, "geometry": { "type": "Polygon", "coordinates": [ [ [ 76.4526, 31.4269 ], [ 76.3816, 31.4106 ], [ 76.3631, 31.4414 ], [ 76.3158, 31.4024 ], [ 76.3367, 31.353 ], [ 76.2961, 31.3192 ], [ 76.1728, 31.3067 ], [ 76.135, 31.3618 ], [ 76.1535, 31.414 ], [ 75.9218, 31.8172 ], [ 75.9715, 31.8145 ], [ 75.9443, 31.8575 ], [ 76.0679, 31.846 ], [ 76.275, 31.6887 ], [ 76.2992, 31.7238 ], [ 76.425, 31.5393 ], [ 76.4526, 31.4269 ] ] ] } },
{ "type": "Feature", "properties": { "state": "Jammu and Kashmir", "district": "Anantnag" }, "geometry": { "type": "Polygon", "coordinates": [ [ [ 75.486, 33.4097 ], [ 75.3658, 33.3621 ], [ 75.1951, 33.5004 ], [ 75.1391, 33.6358 ], [ 75.0563, 33.6536 ], [ 75.0549, 33.6986 ], [ 75.0999, 33.7229 ], [ 75.1356, 33.8028 ], [ 75.0578, 33.8207 ], [ 75.1791, 33.8921 ], [ 75.2312, 34.018 ], [ 75.1006, 34.1563 ], [ 75.1418, 34.2048 ], [ 75.1946, 34.1991 ], [ 75.2574, 34.2448 ], [ 75.4126, 34.2274 ], [ 75.4649, 34.1884 ], [ 75.5228, 34.2219 ], [ 75.5756, 34.1962 ], [ 75.5169, 34.1121 ], [ 75.5205, 34.0289 ], [ 75.4336, 34.0253 ], [ 75.392, 33.9313 ], [ 75.499, 33.7207 ], [ 75.4895, 33.6239 ], [ 75.5264, 33.5953 ], [ 75.4622, 33.4918 ], [ 75.486, 33.4097 ] ] ] } },
{ "type": "Feature", "properties": { "state": "Jammu and Kashmir", "district": "Badgam" }, "geometry": { "type": "Polygon", "coordinates": [ [ [ 74.6737, 33.8085 ], [ 74.5352, 33.6858 ], [ 74.4767, 33.725 ], [ 74.4396, 33.7586 ], [ 74.4596, 33.8 ], [ 74.4039, 33.8414 ], [ 74.4108, 33.9121 ], [ 74.4822, 33.945 ], [ 74.4651, 34.0008 ], [ 74.657, 34.1075 ], [ 74.743, 34.0949 ], [ 74.7365, 34.0343 ], [ 74.8837, 34.0253 ], [ 74.7972, 33.8499 ], [ 74.6737, 33.8085 ] ] ] } },
{ "type": "Feature", "properties": { "state": "Jammu and Kashmir", "district": "Bandipore" }, "geometry": { "type": "Polygon", "coordinates": [ [ [ 74.5772, 34.7695 ], [ 74.703, 34.6931 ], [ 74.9105, 34.6832 ], [ 75.0187, 34.6415 ], [ 75.2596, 34.6441 ], [ 75.2619, 34.6109 ], [ 75.3778, 34.5524 ], [ 75.3215, 34.4332 ], [ 75.3673, 34.3917 ], [ 75.3274, 34.3476 ], [ 75.2003, 34.3747 ], [ 75.1232, 34.3347 ], [ 75.0433, 34.4133 ], [ 74.9233, 34.4532 ], [ 74.8777, 34.4289 ], [ 74.9019, 34.379 ], [ 74.8069, 34.3499 ], [ 74.752, 34.2962 ], [ 74.6949, 34.3447 ], [ 74.5654, 34.3495 ], [ 74.5321, 34.3733 ], [ 74.5404, 34.4898 ], [ 74.5107, 34.4946 ], [ 74.5031, 34.5864 ], [ 74.5582, 34.6421 ], [ 74.5772, 34.7695 ] ] ] } },
{ "type": "Feature", "properties": { "state": "Jammu and Kashmir", "district": "Baramulla" }, "geometry": { "type": "Polygon", "coordinates": [ [ [ 74.4279, 33.9135 ], [ 74.2147, 34.0386 ], [ 74.1237, 34.0552 ], [ 74.0061, 34.0224 ], [ 73.8982, 34.0328 ], [ 73.8857, 34.0751 ], [ 73.982, 34.2391 ], [ 74.1192, 34.24 ], [ 74.2049, 34.3114 ], [ 74.3203, 34.3233 ], [ 74.3703, 34.4006 ], [ 74.406, 34.3935 ], [ 74.4095, 34.4553 ], [ 74.5294, 34.5002 ], [ 74.5321, 34.3733 ], [ 74.6582, 34.3495 ], [ 74.6772, 34.2555 ], [ 74.632, 34.1984 ], [ 74.7318, 34.1 ], [ 74.5844, 34.0849 ], [ 74.4651, 34.0008 ], [ 74.4822, 33.945 ], [ 74.4279, 33.9135 ] ] ] } },
{ "type": "Feature", "properties": { "state": "Jammu and Kashmir", "district": "Doda" }, "geometry": { "type": "Polygon", "coordinates": [ [ [ 76.2162, 33.0286 ], [ 76.0937, 33.0048 ], [ 76.0172, 32.9176 ], [ 75.9396, 32.8842 ], [ 75.8339, 32.9346 ], [ 75.7025, 32.8731 ], [ 75.6585, 32.9243 ], [ 75.5407, 32.9683 ], [ 75.4657, 32.9493 ], [ 75.4241, 32.9886 ], [ 75.4134, 33.0576 ], [ 75.2944, 33.1087 ], [ 75.3206, 33.2848 ], [ 75.2801, 33.4335 ], [ 75.3658, 33.3621 ], [ 75.5014, 33.4014 ], [ 75.7299, 33.2265 ], [ 75.8036, 33.1135 ], [ 76.0178, 33.1099 ], [ 76.1534, 33.1872 ], [ 76.2093, 33.1789 ], [ 76.2402, 33.117 ], [ 76.2162, 33.0286 ] ] ] } },
{ "type": "Feature", "properties": { "state": "Jammu and Kashmir", "district": "Ganderbal" }, "geometry": { "type": "Polygon", "coordinates": [ [ [ 74.6764, 34.3447 ], [ 74.752, 34.2962 ], [ 74.8069, 34.3499 ], [ 74.9019, 34.379 ], [ 74.8777, 34.4289 ], [ 74.9405, 34.4518 ], [ 75.0433, 34.4133 ], [ 75.1232, 34.3347 ], [ 75.2003, 34.3747 ], [ 75.2817, 34.339 ], [ 75.3558, 34.3746 ], [ 75.39, 34.2776 ], [ 75.4714, 34.2719 ], [ 75.4928, 34.219 ], [ 75.4649, 34.1884 ], [ 75.4126, 34.2274 ], [ 75.2574, 34.2448 ], [ 75.1189, 34.1819 ], [ 75.039, 34.2191 ], [ 74.9919, 34.2019 ], [ 74.8762, 34.2291 ], [ 74.7985, 34.1646 ], [ 74.7295, 34.1925 ], [ 74.6539, 34.1682 ], [ 74.6332, 34.2138 ], [ 74.6772, 34.2555 ], [ 74.6546, 34.2686 ], [ 74.6764, 34.3447 ] ] ] } },
{ "type": "Feature", "properties": { "state": "Jammu and Kashmir", "district": "Jammu" }, "geometry": { "type": "Polygon", "coordinates": [ [ [ 74.472, 32.7784 ], [ 74.4139, 32.9039 ], [ 74.318, 32.9197 ], [ 74.3528, 32.9903 ], [ 74.3791, 32.9768 ], [ 74.4518, 33.0187 ], [ 74.5456, 32.9948 ], [ 74.5545, 33.0287 ], [ 74.6144, 32.9599 ], [ 74.6044, 33.0117 ], [ 74.6702, 33.0616 ], [ 74.7799, 33.0057 ], [ 74.7709, 32.922 ], [ 74.8317, 32.912 ], [ 74.8617, 32.9529 ], [ 74.9195, 32.8881 ], [ 74.9578, 32.9308 ], [ 75.1556, 32.769 ], [ 75.0956, 32.7347 ], [ 74.9734, 32.7789 ], [ 74.8853, 32.679 ], [ 74.9305, 32.6243 ], [ 74.8936, 32.5576 ], [ 74.8353, 32.4962 ], [ 74.747, 32.4792 ], [ 74.6867, 32.4931 ], [ 74.6433, 32.596 ], [ 74.697, 32.8397 ], [ 74.642, 32.8229 ], [ 74.6142, 32.7577 ], [ 74.5315, 32.7407 ], [ 74.472, 32.7784 ] ] ] } },
{ "type": "Feature", "properties": { "state": "Jammu and Kashmir", "district": "Kargil" }, "geometry": { "type": "Polygon", "coordinates": [ [ [ 75.3778, 34.5524 ], [ 75.7492, 34.5158 ], [ 76.0365, 34.6703 ], [ 76.1579, 34.6434 ], [ 76.3287, 34.7331 ], [ 76.382, 34.5449 ], [ 76.498, 34.5568 ], [ 76.5872, 34.5121 ], [ 76.5902, 34.3872 ], [ 76.6853, 34.3515 ], [ 76.6514, 34.1549 ], [ 76.7146, 34.1103 ], [ 76.7121, 34.0809 ], [ 76.6433, 34.1365 ], [ 76.6219, 34.1237 ], [ 76.6433, 34.0652 ], [ 76.532, 34.0637 ], [ 76.5248, 33.9966 ], [ 76.6062, 33.9495 ], [ 76.6405, 33.8781 ], [ 76.8189, 33.8267 ], [ 76.9489, 33.7211 ], [ 77.1245, 33.7182 ], [ 77.2455, 33.6365 ], [ 77.2615, 33.5901 ], [ 77.4989, 33.5044 ], [ 77.545, 33.4188 ], [ 77.5293, 33.3603 ], [ 77.3735, 33.2183 ], [ 77.3722, 33.1033 ], [ 77.3094, 33.059 ], [ 77.2909, 32.952 ], [ 77.3484, 32.8212 ], [ 77.2389, 32.8652 ], [ 77.1739, 32.9311 ], [ 77.1462, 32.914 ], [ 77.1364, 32.9805 ], [ 76.9985, 32.9896 ], [ 76.9175, 33.0337 ], [ 76.8772, 33.1142 ], [ 76.8035, 33.1557 ], [ 76.8283, 33.2464 ], [ 76.7263, 33.2839 ], [ 76.6964, 33.3253 ], [ 76.5793, 33.321 ], [ 76.6021, 33.3953 ], [ 76.5097, 33.5288 ], [ 76.4008, 33.5395 ], [ 76.3149, 33.6067 ], [ 76.2238, 33.5323 ], [ 76.1567, 33.5352 ], [ 76.1253, 33.5823 ], [ 76.1653, 33.6394 ], [ 76.1481, 33.8036 ], [ 76.0168, 33.8878 ], [ 76.0139, 33.9392 ], [ 75.8269, 33.9635 ], [ 75.8369, 34.0006 ], [ 75.7527, 34.0391 ], [ 75.667, 34.1391 ], [ 75.6898, 34.1762 ], [ 75.6299, 34.2048 ], [ 75.5785, 34.1805 ], [ 75.4928, 34.219 ], [ 75.4714, 34.2719 ], [ 75.39, 34.2776 ], [ 75.3658, 34.4046 ], [ 75.3215, 34.4332 ], [ 75.3778, 34.5524 ] ] ] } },
{ "type": "Feature", "properties": { "state": "Jammu and Kashmir", "district": "Kathua" }, "geometry": { "type": "Polygon", "coordinates": [ [ [ 75.9046, 32.6152 ], [ 75.7115, 32.4182 ], [ 75.5292, 32.3489 ], [ 75.4989, 32.2753 ], [ 75.4722, 32.34 ], [ 75.3223, 32.3373 ], [ 75.1885, 32.4245 ], [ 75.1279, 32.4212 ], [ 75.0826, 32.48 ], [ 75.1927, 32.5688 ], [ 75.3355, 32.5852 ], [ 75.3048, 32.6548 ], [ 75.3669, 32.683 ], [ 75.4669, 32.6623 ], [ 75.4968, 32.7651 ], [ 75.6567, 32.773 ], [ 75.6811, 32.8791 ], [ 75.7874, 32.8933 ], [ 75.8738, 32.8137 ], [ 75.9125, 32.7571 ], [ 75.9046, 32.6152 ] ] ] } },
{ "type": "Feature", "properties": { "state": "Jammu and Kashmir", "district": "Kishtwar" }, "geometry": { "type": "Polygon", "coordinates": [ [ [ 76.7299, 33.1794 ], [ 76.627, 33.1625 ], [ 76.5475, 33.2095 ], [ 76.3917, 33.1867 ], [ 76.2162, 33.0286 ], [ 76.2391, 33.1396 ], [ 76.1927, 33.186 ], [ 76.0178, 33.1099 ], [ 75.8036, 33.1135 ], [ 75.7299, 33.2265 ], [ 75.4824, 33.4169 ], [ 75.4622, 33.4918 ], [ 75.5264, 33.5953 ], [ 75.4895, 33.6239 ], [ 75.499, 33.7207 ], [ 75.3943, 33.9087 ], [ 75.4336, 34.0253 ], [ 75.5205, 34.0289 ], [ 75.5169, 34.1121 ], [ 75.5785, 34.1805 ], [ 75.6299, 34.2048 ], [ 75.6898, 34.1762 ], [ 75.667, 34.1391 ], [ 75.7527, 34.0391 ], [ 75.8369, 34.0006 ], [ 75.8269, 33.9635 ], [ 76.0011, 33.9463 ], [ 76.0168, 33.8878 ], [ 76.1481, 33.8036 ], [ 76.1653, 33.6394 ], [ 76.1253, 33.5823 ], [ 76.1567, 33.5352 ], [ 76.2238, 33.5323 ], [ 76.3149, 33.6067 ], [ 76.4008, 33.5395 ], [ 76.5097, 33.5288 ], [ 76.6021, 33.3953 ], [ 76.5793, 33.321 ], [ 76.6964, 33.3253 ], [ 76.808, 33.2439 ], [ 76.7553, 33.2495 ], [ 76.7299, 33.1794 ] ] ] } },
{ "type": "Feature", "properties": { "state": "Jammu and Kashmir", "district": "Kulgam" }, "geometry": { "type": "Polygon", "coordinates": [ [ [ 74.5438, 33.6915 ], [ 74.659, 33.6985 ], [ 74.8701, 33.6408 ], [ 74.9535, 33.6929 ], [ 74.9435, 33.7372 ], [ 75.0221, 33.7436 ], [ 75.0578, 33.8207 ], [ 75.127, 33.8121 ], [ 75.132, 33.7678 ], [ 75.0549, 33.6986 ], [ 75.0563, 33.6536 ], [ 75.1391, 33.6358 ], [ 75.1951, 33.5004 ], [ 75.1302, 33.536 ], [ 75.1111, 33.5842 ], [ 75.0719, 33.5324 ], [ 75.107, 33.495 ], [ 75.0093, 33.4668 ], [ 74.9143, 33.4882 ], [ 74.7989, 33.4609 ], [ 74.7001, 33.5131 ], [ 74.5919, 33.4835 ], [ 74.505, 33.5489 ], [ 74.5086, 33.65 ], [ 74.5438, 33.6915 ] ] ] } },
{ "type": "Feature", "properties": { "state": "Jammu and Kashmir", "district": "Kupwara" }, "geometry": { "type": "Polygon", "coordinates": [ [ [ 73.982, 34.2391 ], [ 73.8994, 34.3598 ], [ 73.8418, 34.3383 ], [ 73.7632, 34.3596 ], [ 73.777, 34.4163 ], [ 73.8987, 34.4958 ], [ 73.8953, 34.5467 ], [ 73.9481, 34.5731 ], [ 73.9273, 34.6459 ], [ 73.9602, 34.6967 ], [ 74.1418, 34.6912 ], [ 74.3073, 34.8003 ], [ 74.5772, 34.7695 ], [ 74.5582, 34.6421 ], [ 74.5031, 34.5864 ], [ 74.5256, 34.5264 ], [ 74.444, 34.4827 ], [ 74.4428, 34.447 ], [ 74.4095, 34.4553 ], [ 74.406, 34.3935 ], [ 74.381, 34.4066 ], [ 74.3203, 34.3233 ], [ 74.2049, 34.3114 ], [ 74.1192, 34.24 ], [ 73.982, 34.2391 ] ] ] } },
{ "type": "Feature", "properties": { "state": "Jammu and Kashmir", "district": "Leh(Ladakh)" }, "geometry": { "type": "Polygon", "coordinates": [ [ [ 77.9971, 35.3941 ], [ 78.0432, 35.2018 ], [ 78.1242, 35.1354 ], [ 78.0829, 35.0825 ], [ 78.248, 34.6951 ], [ 78.3984, 34.6486 ], [ 78.4251, 34.6035 ], [ 78.5693, 34.6119 ], [ 78.9901, 34.3178 ], [ 78.9421, 34.2048 ], [ 78.7064, 34.0722 ], [ 78.7704, 34.0197 ], [ 78.7116, 33.9225 ], [ 78.784, 33.7704 ], [ 78.7068, 33.6695 ], [ 78.8233, 33.4835 ], [ 79.0708, 33.2909 ], [ 79.075, 33.2286 ], [ 79.1855, 33.1912 ], [ 79.1547, 33.0238 ], [ 79.2487, 32.9935 ], [ 79.2802, 32.9443 ], [ 79.2498, 32.8321 ], [ 79.2889, 32.7932 ], [ 79.2646, 32.6742 ], [ 79.2937, 32.6674 ], [ 79.2606, 32.5329 ], [ 79.1265, 32.4643 ], [ 79.0956, 32.3679 ], [ 79.0597, 32.3856 ], [ 78.971, 32.3443 ], [ 78.8179, 32.4387 ], [ 78.7767, 32.4839 ], [ 78.7459, 32.6961 ], [ 78.6257, 32.6071 ], [ 78.4527, 32.5795 ], [ 78.4122, 32.5561 ], [ 78.4165, 32.5151 ], [ 78.3824, 32.5297 ], [ 78.3104, 32.4759 ], [ 78.2785, 32.5079 ], [ 78.2966, 32.5775 ], [ 78.3888, 32.6232 ], [ 78.3714, 32.7618 ], [ 78.2877, 32.7378 ], [ 78.2957, 32.7128 ], [ 78.2129, 32.6692 ], [ 78.1525, 32.679 ], [ 78.1215, 32.6423 ], [ 78.0934, 32.6622 ], [ 78.0653, 32.6243 ], [ 78.0339, 32.6356 ], [ 78.0358, 32.5919 ], [ 77.9826, 32.5865 ], [ 77.9033, 32.6931 ], [ 77.9151, 32.7661 ], [ 77.7677, 32.8585 ], [ 77.7902, 32.9054 ], [ 77.6709, 32.9863 ], [ 77.4552, 32.8617 ], [ 77.3875, 32.8855 ], [ 77.3484, 32.8212 ], [ 77.2894, 32.9948 ], [ 77.3094, 33.059 ], [ 77.3722, 33.1033 ], [ 77.3735, 33.2183 ], [ 77.5421, 33.3774 ], [ 77.5149, 33.4848 ], [ 77.3811, 33.5633 ], [ 77.2615, 33.5901 ], [ 77.2455, 33.6365 ], [ 77.1245, 33.7182 ], [ 77.0545, 33.7339 ], [ 76.9888, 33.7054 ], [ 76.8189, 33.8267 ], [ 76.6405, 33.8781 ], [ 76.6062, 33.9495 ], [ 76.512, 34.0238 ], [ 76.532, 34.0637 ], [ 76.6433, 34.0652 ], [ 76.6219, 34.1237 ], [ 76.6433, 34.1365 ], [ 76.7121, 34.0809 ], [ 76.7146, 34.1103 ], [ 76.6514, 34.1549 ], [ 76.6853, 34.3515 ], [ 76.5902, 34.3872 ], [ 76.5872, 34.5121 ], [ 76.498, 34.5568 ], [ 76.382, 34.5449 ], [ 76.3287, 34.7331 ], [ 76.4743, 34.7944 ], [ 76.5618, 34.7583 ], [ 76.6818, 34.7596 ], [ 76.7432, 34.8401 ], [ 76.7494, 34.9266 ], [ 76.87, 34.9724 ], [ 76.9975, 34.9392 ], [ 77.0181, 35.0385 ], [ 77.0684, 35.0241 ], [ 77.1568, 35.0547 ], [ 77.8239, 35.5013 ], [ 77.903, 35.4276 ], [ 77.9617, 35.4801 ], [ 78.104, 35.4845 ], [ 77.9971, 35.3941 ] ] ] } },
{ "type": "Feature", "properties": { "state": "Jammu and Kashmir", "district": "Poonch" }, "geometry": { "type": "Polygon", "coordinates": [ [ [ 74.0413, 33.799 ], [ 74.2197, 33.8672 ], [ 74.2611, 33.9248 ], [ 74.2546, 33.9973 ], [ 74.2804, 34.0053 ], [ 74.4108, 33.9121 ], [ 74.4039, 33.8414 ], [ 74.461, 33.795 ], [ 74.4396, 33.7586 ], [ 74.5352, 33.6858 ], [ 74.505, 33.5489 ], [ 74.5716, 33.4989 ], [ 74.5141, 33.468 ], [ 74.3916, 33.5858 ], [ 74.3166, 33.5822 ], [ 74.2881, 33.5549 ], [ 74.2107, 33.5596 ], [ 74.2286, 33.4966 ], [ 74.1793, 33.4257 ], [ 74.1781, 33.4817 ], [ 74.0957, 33.5704 ], [ 74.0284, 33.5747 ], [ 73.9563, 33.7203 ], [ 74.0413, 33.799 ] ] ] } },
{ "type": "Feature", "properties": { "state": "Jammu and Kashmir", "district": "Pulwama" }, "geometry": { "type": "Polygon", "coordinates": [ [ [ 75.1384, 34.0978 ], [ 75.2312, 34.018 ], [ 75.1791, 33.8921 ], [ 75.0713, 33.8349 ], [ 74.9928, 33.8814 ], [ 74.8893, 33.8478 ], [ 74.8279, 33.8885 ], [ 74.8837, 34.0253 ], [ 74.9585, 34.0385 ], [ 75.0478, 34.1035 ], [ 75.1384, 34.0978 ] ] ] } },
{ "type": "Feature", "properties": { "state": "Jammu and Kashmir", "district": "Rajouri" }, "geometry": { "type": "Polygon", "coordinates": [ [ [ 74.3791, 32.9768 ], [ 74.3379, 33.0259 ], [ 74.1993, 33.0469 ], [ 74.1117, 33.1644 ], [ 74.0182, 33.1932 ], [ 74.011, 33.2385 ], [ 74.103, 33.2705 ], [ 74.1707, 33.3466 ], [ 74.1793, 33.4257 ], [ 74.2286, 33.4966 ], [ 74.2107, 33.5596 ], [ 74.3916, 33.5858 ], [ 74.5141, 33.468 ], [ 74.5716, 33.4989 ], [ 74.6169, 33.4835 ], [ 74.6014, 33.4475 ], [ 74.6642, 33.4365 ], [ 74.6762, 33.3667 ], [ 74.6353, 33.3428 ], [ 74.6742, 33.2022 ], [ 74.5117, 33.1832 ], [ 74.6114, 33.1463 ], [ 74.6154, 33.0925 ], [ 74.5486, 33.0795 ], [ 74.5456, 32.9948 ], [ 74.4518, 33.0187 ], [ 74.3791, 32.9768 ] ] ] } },
{ "type": "Feature", "properties": { "state": "Jammu and Kashmir", "district": "Ramban" }, "geometry": { "type": "Polygon", "coordinates": [ [ [ 75.1302, 33.536 ], [ 75.2801, 33.4335 ], [ 75.317, 33.3026 ], [ 75.2944, 33.1087 ], [ 75.0155, 33.2389 ], [ 75.0802, 33.3302 ], [ 74.9993, 33.3997 ], [ 75.0162, 33.4855 ], [ 75.107, 33.495 ], [ 75.0719, 33.5324 ], [ 75.1111, 33.5842 ], [ 75.1302, 33.536 ] ] ] } },
{ "type": "Feature", "properties": { "state": "Jammu and Kashmir", "district": "Reasi" }, "geometry": { "type": "Polygon", "coordinates": [ [ [ 74.9578, 32.9308 ], [ 74.9195, 32.8881 ], [ 74.8617, 32.9529 ], [ 74.8317, 32.912 ], [ 74.7709, 32.922 ], [ 74.7869, 32.9938 ], [ 74.737, 33.0456 ], [ 74.6702, 33.0616 ], [ 74.6533, 33.0247 ], [ 74.6333, 33.0446 ], [ 74.6044, 33.0117 ], [ 74.6144, 32.9599 ], [ 74.5545, 33.0287 ], [ 74.5486, 33.0795 ], [ 74.6154, 33.0925 ], [ 74.6114, 33.1463 ], [ 74.5117, 33.1832 ], [ 74.6742, 33.2022 ], [ 74.6353, 33.3428 ], [ 74.6762, 33.3667 ], [ 74.6642, 33.4365 ], [ 74.5924, 33.4554 ], [ 74.624, 33.4966 ], [ 74.7001, 33.5131 ], [ 74.7989, 33.4609 ], [ 74.9421, 33.4867 ], [ 75.0231, 33.4444 ], [ 74.9993, 33.3997 ], [ 75.0802, 33.3436 ], [ 75.0783, 33.315 ], [ 74.9993, 33.2066 ], [ 74.99, 33.1552 ], [ 75.0464, 33.1166 ], [ 74.945, 33.0085 ], [ 74.9578, 32.9308 ] ] ] } },
{ "type": "Feature", "properties": { "state": "Jammu and Kashmir", "district": "Samba" }, "geometry": { "type": "Polygon", "coordinates": [ [ [ 74.8353, 32.4962 ], [ 74.9293, 32.6088 ], [ 74.8853, 32.679 ], [ 74.9734, 32.7789 ], [ 75.0956, 32.7347 ], [ 75.162, 32.6648 ], [ 75.3005, 32.6362 ], [ 75.3348, 32.5952 ], [ 75.1927, 32.5688 ], [ 75.1049, 32.4896 ], [ 75.0302, 32.4918 ], [ 74.9793, 32.4478 ], [ 74.8353, 32.4962 ] ] ] } },
{ "type": "Feature", "properties": { "state": "Jammu and Kashmir", "district": "Shupiyan" }, "geometry": { "type": "Polygon", "coordinates": [ [ [ 75.0713, 33.8349 ], [ 75.0221, 33.7436 ], [ 74.9435, 33.7372 ], [ 74.9535, 33.6929 ], [ 74.8701, 33.6408 ], [ 74.5609, 33.7029 ], [ 74.6737, 33.8085 ], [ 74.7972, 33.8499 ], [ 74.8222, 33.8978 ], [ 74.8893, 33.8478 ], [ 74.9928, 33.8814 ], [ 75.0713, 33.8349 ] ] ] } },
{ "type": "Feature", "properties": { "state": "Jammu and Kashmir", "district": "Srinagar" }, "geometry": { "type": "Polygon", "coordinates": [ [ [ 75.1281, 34.1886 ], [ 75.1006, 34.1563 ], [ 75.1384, 34.0978 ], [ 75.0478, 34.1035 ], [ 74.8943, 34.0228 ], [ 74.7365, 34.0343 ], [ 74.743, 34.0949 ], [ 74.6539, 34.1682 ], [ 74.7295, 34.1925 ], [ 74.7985, 34.1646 ], [ 74.8762, 34.2291 ], [ 75.1281, 34.1886 ] ] ] } },
{ "type": "Feature", "properties": { "state": "Jammu and Kashmir", "district": "Udhampur" }, "geometry": { "type": "Polygon", "coordinates": [ [ [ 75.0735, 33.2179 ], [ 75.4134, 33.0576 ], [ 75.4241, 32.9886 ], [ 75.4657, 32.9493 ], [ 75.5407, 32.9683 ], [ 75.6585, 32.9243 ], [ 75.6817, 32.8672 ], [ 75.6632, 32.7787 ], [ 75.5125, 32.7723 ], [ 75.4733, 32.7466 ], [ 75.4669, 32.6623 ], [ 75.3669, 32.683 ], [ 75.3005, 32.6362 ], [ 75.162, 32.6648 ], [ 75.1035, 32.7076 ], [ 75.0956, 32.7347 ], [ 75.1513, 32.7783 ], [ 74.9465, 32.9557 ], [ 74.9493, 33.0157 ], [ 75.0464, 33.1166 ], [ 74.99, 33.1552 ], [ 75.0057, 33.2215 ], [ 75.0735, 33.2179 ] ] ] } },
{ "type": "Feature", "properties": { "state": "Jharkhand", "district": "Bokaro" }, "geometry": { "type": "Polygon", "coordinates": [ [ [ 85.9694, 23.8865 ], [ 86.1215, 23.9038 ], [ 86.1147, 23.8673 ], [ 86.183, 23.7581 ], [ 86.1654, 23.7263 ], [ 86.2956, 23.7372 ], [ 86.4664, 23.6296 ], [ 86.3809, 23.5844 ], [ 86.3719, 23.4827 ], [ 86.3001, 23.4437 ], [ 86.3133, 23.4261 ], [ 86.2432, 23.4196 ], [ 86.2387, 23.4697 ], [ 86.1455, 23.4731 ], [ 86.1482, 23.5654 ], [ 86.0469, 23.5839 ], [ 86.0108, 23.5516 ], [ 86.0472, 23.4936 ], [ 85.9439, 23.4546 ], [ 85.8776, 23.4759 ], [ 85.8332, 23.5017 ], [ 85.8348, 23.552 ], [ 85.758, 23.6719 ], [ 85.6489, 23.5893 ], [ 85.6097, 23.6142 ], [ 85.6102, 23.748 ], [ 85.6485, 23.7951 ], [ 85.6063, 23.779 ], [ 85.5768, 23.8339 ], [ 85.6727, 23.9675 ], [ 85.7134, 23.9044 ], [ 85.7612, 23.9254 ], [ 85.8322, 23.8282 ], [ 85.8822, 23.8947 ], [ 85.8838, 23.952 ], [ 85.9694, 23.8865 ] ] ] } },
{ "type": "Feature", "properties": { "state": "Jharkhand", "district": "Chatra" }, "geometry": { "type": "Polygon", "coordinates": [ [ [ 84.4935, 24.287 ], [ 84.5215, 24.3763 ], [ 84.5725, 24.4123 ], [ 84.6583, 24.3937 ], [ 84.6789, 24.4563 ], [ 84.7953, 24.5295 ], [ 84.8326, 24.5115 ], [ 84.8344, 24.4525 ], [ 84.8802, 24.4628 ], [ 84.898, 24.3721 ], [ 84.9686, 24.3759 ], [ 84.9904, 24.4122 ], [ 85.0762, 24.4399 ], [ 85.0655, 24.3868 ], [ 85.0957, 24.3359 ], [ 85.1389, 24.3619 ], [ 85.3451, 24.3207 ], [ 85.3158, 24.3153 ], [ 85.2931, 24.2097 ], [ 85.1408, 24.2254 ], [ 85.1649, 24.1101 ], [ 85.234, 24.0769 ], [ 85.2442, 24.0266 ], [ 85.1809, 23.9486 ], [ 85.0281, 23.9839 ], [ 85.0483, 23.9571 ], [ 85.0111, 23.902 ], [ 85.0521, 23.8337 ], [ 85.0567, 23.7323 ], [ 85.0003, 23.6772 ], [ 84.896, 23.7742 ], [ 84.938, 23.8018 ], [ 84.916, 23.95 ], [ 84.8233, 23.9569 ], [ 84.8184, 23.9828 ], [ 84.7521, 23.9665 ], [ 84.7358, 24.0477 ], [ 84.6222, 23.9798 ], [ 84.5633, 23.9845 ], [ 84.5465, 24.1031 ], [ 84.5729, 24.1413 ], [ 84.5292, 24.203 ], [ 84.4813, 24.2013 ], [ 84.4374, 24.2437 ], [ 84.4935, 24.287 ] ] ] } },
{ "type": "Feature", "properties": { "state": "Jharkhand", "district": "Deoghar" }, "geometry": { "type": "Polygon", "coordinates": [ [ [ 86.6093, 24.6074 ], [ 86.6684, 24.5606 ], [ 86.7771, 24.6198 ], [ 86.8003, 24.5646 ], [ 86.9112, 24.5387 ], [ 86.8795, 24.427 ], [ 86.9359, 24.4183 ], [ 86.9198, 24.382 ], [ 86.9567, 24.316 ], [ 87.0197, 24.3246 ], [ 87.0656, 24.2517 ], [ 87.041, 24.1939 ], [ 86.9738, 24.2186 ], [ 86.9359, 24.1692 ], [ 86.9289, 24.1372 ], [ 86.9739, 24.108 ], [ 86.9538, 24.0485 ], [ 86.8763, 24.0733 ], [ 86.8276, 24.055 ], [ 86.8026, 24.0877 ], [ 86.7623, 24.07 ], [ 86.6895, 24.1154 ], [ 86.689, 24.1676 ], [ 86.6684, 24.1332 ], [ 86.4832, 24.1508 ], [ 86.5109, 24.2369 ], [ 86.4575, 24.3319 ], [ 86.4637, 24.4185 ], [ 86.4886, 24.425 ], [ 86.5057, 24.5177 ], [ 86.6093, 24.6074 ] ] ] } },
{ "type": "Feature", "properties": { "state": "Jharkhand", "district": "Dhanbad" }, "geometry": { "type": "Polygon", "coordinates": [ [ [ 86.3663, 23.7034 ], [ 86.2735, 23.7431 ], [ 86.1751, 23.721 ], [ 86.1654, 23.7263 ], [ 86.1802, 23.7665 ], [ 86.1085, 23.8873 ], [ 86.131, 23.9351 ], [ 86.1917, 23.947 ], [ 86.2867, 23.9128 ], [ 86.2991, 23.9891 ], [ 86.3364, 24.0197 ], [ 86.3164, 24.0361 ], [ 86.3761, 24.0583 ], [ 86.5739, 23.9977 ], [ 86.701, 23.9214 ], [ 86.7254, 23.8747 ], [ 86.7811, 23.8562 ], [ 86.8198, 23.7611 ], [ 86.792, 23.6874 ], [ 86.6938, 23.6945 ], [ 86.5237, 23.6284 ], [ 86.3849, 23.6609 ], [ 86.3663, 23.7034 ] ] ] } },
{ "type": "Feature", "properties": { "state": "Jharkhand", "district": "Dumka" }, "geometry": { "type": "Polygon", "coordinates": [ [ [ 86.8795, 24.427 ], [ 86.8981, 24.5865 ], [ 86.9301, 24.6428 ], [ 87.0446, 24.6054 ], [ 87.0594, 24.6415 ], [ 87.2136, 24.5866 ], [ 87.3087, 24.5955 ], [ 87.3827, 24.5012 ], [ 87.5594, 24.5196 ], [ 87.5793, 24.257 ], [ 87.6417, 24.2499 ], [ 87.6377, 24.2116 ], [ 87.6926, 24.1862 ], [ 87.6925, 24.1545 ], [ 87.5694, 24.1557 ], [ 87.6076, 24.1289 ], [ 87.5762, 24.0853 ], [ 87.4936, 24.1152 ], [ 87.509, 24.0347 ], [ 87.4365, 24.0109 ], [ 87.4598, 23.9848 ], [ 87.4391, 23.9781 ], [ 87.324, 23.9971 ], [ 87.3324, 24.031 ], [ 87.1361, 24.0414 ], [ 87.096, 24.1044 ], [ 87.018, 24.1471 ], [ 86.9584, 24.1139 ], [ 86.9285, 24.1424 ], [ 86.9687, 24.2158 ], [ 87.041, 24.1939 ], [ 87.0656, 24.2517 ], [ 87.0197, 24.3246 ], [ 86.9567, 24.316 ], [ 86.9198, 24.382 ], [ 86.9359, 24.4183 ], [ 86.8795, 24.427 ] ] ] } },
{ "type": "Feature", "properties": { "state": "Jharkhand", "district": "Garhwa" }, "geometry": { "type": "Polygon", "coordinates": [ [ [ 83.4982, 24.5271 ], [ 83.7167, 24.5049 ], [ 83.868, 24.5329 ], [ 83.8478, 24.4085 ], [ 83.8056, 24.3629 ], [ 83.8109, 24.292 ], [ 83.9835, 24.1092 ], [ 83.8594, 24.0701 ], [ 83.8189, 24.0008 ], [ 83.9673, 23.8574 ], [ 83.9865, 23.7088 ], [ 84.0623, 23.6916 ], [ 84.007, 23.6323 ], [ 83.9379, 23.6224 ], [ 83.9353, 23.563 ], [ 83.7749, 23.5995 ], [ 83.7147, 23.6825 ], [ 83.7294, 23.7547 ], [ 83.6954, 23.8207 ], [ 83.5612, 23.863 ], [ 83.5762, 23.8844 ], [ 83.5428, 23.8982 ], [ 83.5067, 24.0282 ], [ 83.4476, 24.0425 ], [ 83.4254, 24.0838 ], [ 83.3236, 24.1013 ], [ 83.4019, 24.266 ], [ 83.3759, 24.3145 ], [ 83.4514, 24.3647 ], [ 83.4001, 24.4087 ], [ 83.393, 24.5012 ], [ 83.4982, 24.5271 ] ] ] } },
{ "type": "Feature", "properties": { "state": "Jharkhand", "district": "Giridih" }, "geometry": { "type": "Polygon", "coordinates": [ [ [ 86.0506, 24.7795 ], [ 86.0391, 24.7413 ], [ 86.0866, 24.7463 ], [ 86.1244, 24.7052 ], [ 86.1333, 24.6035 ], [ 86.3229, 24.5841 ], [ 86.2791, 24.462 ], [ 86.4522, 24.3686 ], [ 86.5109, 24.2369 ], [ 86.4832, 24.1508 ], [ 86.5697, 24.1388 ], [ 86.4808, 24.0221 ], [ 86.3306, 24.051 ], [ 86.2867, 23.9128 ], [ 86.1917, 23.947 ], [ 86.131, 23.9351 ], [ 86.1215, 23.9038 ], [ 86.0326, 23.9164 ], [ 85.9694, 23.8865 ], [ 85.9081, 23.9441 ], [ 85.928, 23.9682 ], [ 85.8852, 24.0329 ], [ 85.7664, 24.1055 ], [ 85.7013, 24.1042 ], [ 85.6632, 24.1553 ], [ 85.7941, 24.2312 ], [ 85.8504, 24.2184 ], [ 85.8266, 24.263 ], [ 85.8648, 24.3043 ], [ 85.825, 24.4459 ], [ 85.8612, 24.5263 ], [ 85.8031, 24.5521 ], [ 85.7968, 24.6123 ], [ 85.7579, 24.6256 ], [ 85.7942, 24.6729 ], [ 85.8342, 24.6701 ], [ 85.8155, 24.7295 ], [ 85.9046, 24.7613 ], [ 85.9661, 24.7323 ], [ 86.0506, 24.7795 ] ] ] } },
{ "type": "Feature", "properties": { "state": "Jharkhand", "district": "Godda" }, "geometry": { "type": "Polygon", "coordinates": [ [ [ 87.0444, 24.624 ], [ 87.0967, 24.8015 ], [ 87.0786, 24.8223 ], [ 87.1581, 24.8856 ], [ 87.1468, 25.0243 ], [ 87.2114, 25.0896 ], [ 87.2911, 25.0893 ], [ 87.3235, 25.2231 ], [ 87.4722, 25.1947 ], [ 87.4944, 25.1366 ], [ 87.4705, 25.1054 ], [ 87.5173, 25.0571 ], [ 87.4612, 24.9892 ], [ 87.4492, 24.8932 ], [ 87.5064, 24.7971 ], [ 87.4318, 24.7555 ], [ 87.4673, 24.685 ], [ 87.4437, 24.6246 ], [ 87.4607, 24.5686 ], [ 87.3865, 24.5443 ], [ 87.3827, 24.5012 ], [ 87.3087, 24.5955 ], [ 87.0444, 24.624 ] ] ] } },
{ "type": "Feature", "properties": { "state": "Jharkhand", "district": "Gumla" }, "geometry": { "type": "Polygon", "coordinates": [ [ [ 84.0338, 23.1678 ], [ 84.0703, 23.33 ], [ 84.2367, 23.3476 ], [ 84.2449, 23.4505 ], [ 84.3198, 23.4936 ], [ 84.312, 23.5779 ], [ 84.3522, 23.6081 ], [ 84.4461, 23.5948 ], [ 84.4684, 23.4867 ], [ 84.4169, 23.4254 ], [ 84.4684, 23.4025 ], [ 84.4725, 23.359 ], [ 84.5129, 23.3807 ], [ 84.629, 23.306 ], [ 84.7804, 23.3198 ], [ 84.7823, 23.2785 ], [ 84.9136, 23.3187 ], [ 84.8927, 23.2595 ], [ 84.9445, 23.2179 ], [ 84.8626, 23.0922 ], [ 84.9369, 23.0228 ], [ 84.9402, 22.9629 ], [ 85.0083, 22.9451 ], [ 84.9754, 22.895 ], [ 85.0008, 22.8012 ], [ 84.9266, 22.7882 ], [ 84.8771, 22.7394 ], [ 84.8408, 22.7671 ], [ 84.8514, 22.7207 ], [ 84.813, 22.7431 ], [ 84.8082, 22.7064 ], [ 84.775, 22.7885 ], [ 84.7258, 22.799 ], [ 84.6896, 22.7396 ], [ 84.5866, 22.7101 ], [ 84.5414, 22.7605 ], [ 84.5102, 22.7529 ], [ 84.5491, 22.7853 ], [ 84.4507, 22.8334 ], [ 84.4093, 22.7609 ], [ 84.333, 22.7442 ], [ 84.2871, 22.7767 ], [ 84.3295, 22.8596 ], [ 84.376, 22.8736 ], [ 84.3734, 22.9721 ], [ 84.2171, 22.9765 ], [ 84.1899, 23.0237 ], [ 84.148, 22.9639 ], [ 84.1294, 23.0815 ], [ 84.0615, 23.1099 ], [ 84.0338, 23.1678 ] ] ] } },
{ "type": "Feature", "properties": { "state": "Jharkhand", "district": "Hazaribagh" }, "geometry": { "type": "Polygon", "coordinates": [ [ [ 85.0807, 24.3808 ], [ 85.1694, 24.4295 ], [ 85.1507, 24.4629 ], [ 85.282, 24.4972 ], [ 85.2825, 24.5267 ], [ 85.4421, 24.5394 ], [ 85.5112, 24.4542 ], [ 85.5233, 24.339 ], [ 85.5658, 24.3577 ], [ 85.6522, 24.3067 ], [ 85.6979, 24.3281 ], [ 85.8507, 24.2857 ], [ 85.8266, 24.263 ], [ 85.8504, 24.2184 ], [ 85.7941, 24.2312 ], [ 85.6632, 24.1553 ], [ 85.7013, 24.1042 ], [ 85.7664, 24.1055 ], [ 85.8593, 24.0551 ], [ 85.9275, 23.9613 ], [ 85.8838, 23.952 ], [ 85.8822, 23.8947 ], [ 85.8322, 23.8282 ], [ 85.7612, 23.9254 ], [ 85.7134, 23.9044 ], [ 85.6727, 23.9675 ], [ 85.4549, 23.7857 ], [ 85.4785, 23.7555 ], [ 85.4353, 23.6825 ], [ 85.1821, 23.7087 ], [ 85.1589, 23.6653 ], [ 85.071, 23.6677 ], [ 85.0391, 23.7304 ], [ 85.0521, 23.8337 ], [ 85.0111, 23.902 ], [ 85.0483, 23.9571 ], [ 85.0281, 23.9839 ], [ 85.1964, 23.9608 ], [ 85.2398, 24.0644 ], [ 85.1649, 24.1101 ], [ 85.1331, 24.2096 ], [ 85.1532, 24.2403 ], [ 85.2931, 24.2097 ], [ 85.3158, 24.3153 ], [ 85.3451, 24.3207 ], [ 85.1389, 24.3619 ], [ 85.0957, 24.3359 ], [ 85.0807, 24.3808 ] ] ] } },
{ "type": "Feature", "properties": { "state": "Jharkhand", "district": "Jamtara" }, "geometry": { "type": "Polygon", "coordinates": [ [ [ 86.5697, 24.1388 ], [ 86.6684, 24.1332 ], [ 86.689, 24.1676 ], [ 86.6895, 24.1154 ], [ 86.7623, 24.07 ], [ 86.8026, 24.0877 ], [ 86.8276, 24.055 ], [ 86.8763, 24.0733 ], [ 86.9379, 24.0431 ], [ 87.018, 24.1471 ], [ 87.096, 24.1044 ], [ 87.131, 24.0438 ], [ 87.2608, 24.0029 ], [ 87.2926, 23.8901 ], [ 87.2649, 23.8748 ], [ 87.2482, 23.907 ], [ 87.2552, 23.8393 ], [ 87.2291, 23.823 ], [ 87.2362, 23.8531 ], [ 87.1309, 23.867 ], [ 87.1664, 23.8196 ], [ 87.1487, 23.7944 ], [ 86.9669, 23.8653 ], [ 86.9364, 23.8449 ], [ 86.9069, 23.8795 ], [ 86.8753, 23.8624 ], [ 86.8823, 23.8145 ], [ 86.8712, 23.8442 ], [ 86.8138, 23.8122 ], [ 86.5739, 23.9977 ], [ 86.4649, 24.0166 ], [ 86.527, 24.0552 ], [ 86.5697, 24.1388 ] ] ] } },
{ "type": "Feature", "properties": { "state": "Jharkhand", "district": "Khunti" }, "geometry": { "type": "Polygon", "coordinates": [ [ [ 84.9724, 22.7828 ], [ 85.0008, 22.8012 ], [ 84.9754, 22.895 ], [ 85.009, 22.9411 ], [ 84.9402, 22.9629 ], [ 84.9361, 22.9928 ], [ 85.0499, 23.1225 ], [ 85.0352, 23.1782 ], [ 85.0842, 23.2416 ], [ 85.154, 23.2837 ], [ 85.2247, 23.264 ], [ 85.2252, 23.1991 ], [ 85.2743, 23.2252 ], [ 85.3212, 23.1762 ], [ 85.335, 23.2049 ], [ 85.4208, 23.1709 ], [ 85.4623, 23.1774 ], [ 85.5098, 23.252 ], [ 85.5804, 23.2598 ], [ 85.5417, 23.1586 ], [ 85.6027, 23.104 ], [ 85.5802, 23.0525 ], [ 85.6194, 22.9651 ], [ 85.5748, 22.9031 ], [ 85.5974, 22.8929 ], [ 85.5278, 22.8659 ], [ 85.5106, 22.8059 ], [ 85.4517, 22.7991 ], [ 85.3362, 22.8826 ], [ 85.1896, 22.8099 ], [ 85.1558, 22.83 ], [ 85.0737, 22.5679 ], [ 85.0371, 22.6779 ], [ 85.0524, 22.7323 ], [ 84.9724, 22.7828 ] ] ] } },
{ "type": "Feature", "properties": { "state": "Jharkhand", "district": "Kodarma" }, "geometry": { "type": "Polygon", "coordinates": [ [ [ 85.4421, 24.5394 ], [ 85.4945, 24.5506 ], [ 85.5183, 24.5245 ], [ 85.5766, 24.603 ], [ 85.6647, 24.5819 ], [ 85.6495, 24.687 ], [ 85.6967, 24.7135 ], [ 85.7367, 24.8227 ], [ 85.864, 24.8054 ], [ 85.9017, 24.7699 ], [ 85.8866, 24.7355 ], [ 85.8155, 24.7295 ], [ 85.8342, 24.6701 ], [ 85.7942, 24.6729 ], [ 85.7579, 24.6256 ], [ 85.7968, 24.6123 ], [ 85.8031, 24.5521 ], [ 85.8612, 24.5263 ], [ 85.825, 24.4459 ], [ 85.8507, 24.2857 ], [ 85.6979, 24.3281 ], [ 85.6522, 24.3067 ], [ 85.5658, 24.3577 ], [ 85.5233, 24.339 ], [ 85.5112, 24.4542 ], [ 85.4421, 24.5394 ] ] ] } },
{ "type": "Feature", "properties": { "state": "Jharkhand", "district": "Latehar" }, "geometry": { "type": "Polygon", "coordinates": [ [ [ 84.0703, 23.33 ], [ 84.0434, 23.374 ], [ 84.0065, 23.3528 ], [ 83.9669, 23.3742 ], [ 83.9695, 23.4554 ], [ 84.0227, 23.5442 ], [ 84.0018, 23.6229 ], [ 84.0623, 23.6916 ], [ 83.9776, 23.7237 ], [ 84.0594, 23.8552 ], [ 84.1305, 23.9004 ], [ 84.1326, 23.9426 ], [ 84.2075, 23.9059 ], [ 84.2437, 23.9265 ], [ 84.2365, 23.8852 ], [ 84.3268, 23.91 ], [ 84.3368, 23.951 ], [ 84.394, 23.9331 ], [ 84.4443, 23.9611 ], [ 84.4888, 23.8931 ], [ 84.5644, 23.9328 ], [ 84.5784, 23.9859 ], [ 84.6222, 23.9798 ], [ 84.7358, 24.0477 ], [ 84.7521, 23.9665 ], [ 84.8184, 23.9828 ], [ 84.8233, 23.9569 ], [ 84.9263, 23.9392 ], [ 84.938, 23.8018 ], [ 84.896, 23.7742 ], [ 84.9587, 23.7057 ], [ 84.9124, 23.6515 ], [ 84.9359, 23.6313 ], [ 84.9278, 23.5489 ], [ 84.9049, 23.5418 ], [ 84.899, 23.5803 ], [ 84.8469, 23.532 ], [ 84.791, 23.5763 ], [ 84.7782, 23.5445 ], [ 84.7286, 23.6374 ], [ 84.6738, 23.6031 ], [ 84.6371, 23.6653 ], [ 84.5946, 23.6671 ], [ 84.5586, 23.6136 ], [ 84.4981, 23.6754 ], [ 84.4561, 23.627 ], [ 84.3888, 23.637 ], [ 84.3919, 23.6035 ], [ 84.312, 23.5779 ], [ 84.3198, 23.4936 ], [ 84.2449, 23.4505 ], [ 84.2367, 23.3476 ], [ 84.0703, 23.33 ] ] ] } },
{ "type": "Feature", "properties": { "state": "Jharkhand", "district": "Lohardaga" }, "geometry": { "type": "Polygon", "coordinates": [ [ [ 84.8912, 23.3186 ], [ 84.7823, 23.2785 ], [ 84.7804, 23.3198 ], [ 84.629, 23.306 ], [ 84.5129, 23.3807 ], [ 84.4725, 23.359 ], [ 84.4684, 23.4025 ], [ 84.4169, 23.4254 ], [ 84.4677, 23.4843 ], [ 84.4639, 23.5752 ], [ 84.3919, 23.6035 ], [ 84.3888, 23.637 ], [ 84.4561, 23.627 ], [ 84.5021, 23.6751 ], [ 84.572, 23.6147 ], [ 84.5834, 23.6645 ], [ 84.6342, 23.6666 ], [ 84.6738, 23.6031 ], [ 84.7286, 23.6374 ], [ 84.7782, 23.5445 ], [ 84.791, 23.5763 ], [ 84.8469, 23.532 ], [ 84.8795, 23.5564 ], [ 84.9385, 23.4993 ], [ 84.8798, 23.404 ], [ 84.8912, 23.3186 ] ] ] } },
{ "type": "Feature", "properties": { "state": "Jharkhand", "district": "Pakur" }, "geometry": { "type": "Polygon", "coordinates": [ [ [ 87.6814, 24.2464 ], [ 87.5793, 24.257 ], [ 87.5594, 24.5196 ], [ 87.3851, 24.5175 ], [ 87.3865, 24.5443 ], [ 87.4635, 24.5734 ], [ 87.4437, 24.6246 ], [ 87.4673, 24.685 ], [ 87.4331, 24.7604 ], [ 87.5449, 24.8267 ], [ 87.7096, 24.7314 ], [ 87.7417, 24.7654 ], [ 87.794, 24.7135 ], [ 87.8778, 24.7391 ], [ 87.9134, 24.6586 ], [ 87.9016, 24.6126 ], [ 87.8735, 24.6135 ], [ 87.9081, 24.6082 ], [ 87.8873, 24.5627 ], [ 87.7694, 24.5818 ], [ 87.8063, 24.5452 ], [ 87.7952, 24.4911 ], [ 87.8229, 24.4944 ], [ 87.7848, 24.4145 ], [ 87.81, 24.4066 ], [ 87.7563, 24.3036 ], [ 87.6814, 24.2464 ] ] ] } },
{ "type": "Feature", "properties": { "state": "Jharkhand", "district": "Palamu" }, "geometry": { "type": "Polygon", "coordinates": [ [ [ 83.9922, 24.638 ], [ 84.0467, 24.6123 ], [ 84.1098, 24.4814 ], [ 84.1461, 24.5403 ], [ 84.1793, 24.5104 ], [ 84.1883, 24.5553 ], [ 84.2571, 24.5308 ], [ 84.2974, 24.5631 ], [ 84.3263, 24.5027 ], [ 84.2932, 24.4508 ], [ 84.3359, 24.3958 ], [ 84.4225, 24.3591 ], [ 84.4174, 24.3314 ], [ 84.4871, 24.3048 ], [ 84.4813, 24.2643 ], [ 84.4374, 24.2437 ], [ 84.4813, 24.2013 ], [ 84.5292, 24.203 ], [ 84.5729, 24.1413 ], [ 84.5465, 24.1031 ], [ 84.5676, 24.0702 ], [ 84.5468, 24.016 ], [ 84.581, 23.9786 ], [ 84.5575, 23.9271 ], [ 84.4773, 23.894 ], [ 84.4615, 23.9543 ], [ 84.3368, 23.951 ], [ 84.3268, 23.91 ], [ 84.2365, 23.8852 ], [ 84.2437, 23.9265 ], [ 84.2075, 23.9059 ], [ 84.1326, 23.9426 ], [ 84.1305, 23.9004 ], [ 83.9826, 23.7509 ], [ 83.9621, 23.8659 ], [ 83.8189, 24.0008 ], [ 83.8594, 24.0701 ], [ 83.9835, 24.1092 ], [ 83.8109, 24.292 ], [ 83.8056, 24.3629 ], [ 83.8478, 24.4085 ], [ 83.868, 24.5329 ], [ 83.933, 24.5517 ], [ 83.9922, 24.638 ] ] ] } },
{ "type": "Feature", "properties": { "state": "Jharkhand", "district": "Pashchimi Singhbhum" }, "geometry": { "type": "Polygon", "coordinates": [ [ [ 85.6724, 22.0597 ], [ 85.3944, 22.1586 ], [ 85.3001, 22.1071 ], [ 85.2309, 22.0003 ], [ 85.2107, 22.0432 ], [ 85.0954, 22.0995 ], [ 84.981, 22.0824 ], [ 85.0237, 22.112 ], [ 85.0705, 22.2722 ], [ 85.1145, 22.2905 ], [ 85.0741, 22.3486 ], [ 85.0605, 22.5352 ], [ 85.1558, 22.83 ], [ 85.1896, 22.8099 ], [ 85.3064, 22.8819 ], [ 85.4579, 22.7976 ], [ 85.6427, 22.8467 ], [ 85.6958, 22.8047 ], [ 85.7127, 22.7528 ], [ 85.6773, 22.7261 ], [ 85.6982, 22.6928 ], [ 85.8596, 22.7083 ], [ 85.8617, 22.6182 ], [ 85.9044, 22.6003 ], [ 85.8692, 22.559 ], [ 86.012, 22.4147 ], [ 85.9929, 22.3382 ], [ 86.0433, 22.3062 ], [ 85.9698, 22.2434 ], [ 86.0267, 22.1852 ], [ 85.9054, 21.9666 ], [ 85.7607, 21.9897 ], [ 85.7879, 22.0772 ], [ 85.8308, 22.077 ], [ 85.802, 22.1108 ], [ 85.6724, 22.0597 ] ] ] } },
{ "type": "Feature", "properties": { "state": "Jharkhand", "district": "Purbi Singhbhum" }, "geometry": { "type": "Polygon", "coordinates": [ [ [ 86.7228, 22.2152 ], [ 86.5324, 22.2982 ], [ 86.4999, 22.341 ], [ 86.4334, 22.3015 ], [ 86.3527, 22.3454 ], [ 86.2798, 22.4455 ], [ 86.1014, 22.4902 ], [ 86.0618, 22.5485 ], [ 86.1637, 22.6674 ], [ 86.168, 22.7876 ], [ 86.1402, 22.8028 ], [ 86.1557, 22.8349 ], [ 86.191, 22.8154 ], [ 86.2142, 22.8875 ], [ 86.1864, 22.901 ], [ 86.1919, 22.9663 ], [ 86.2975, 23.0133 ], [ 86.393, 22.9742 ], [ 86.5403, 22.9872 ], [ 86.5184, 22.9443 ], [ 86.4328, 22.9234 ], [ 86.463, 22.8966 ], [ 86.4162, 22.7765 ], [ 86.5066, 22.7015 ], [ 86.5393, 22.7206 ], [ 86.6179, 22.6734 ], [ 86.6517, 22.5758 ], [ 86.7599, 22.5724 ], [ 86.7986, 22.4988 ], [ 86.7454, 22.4757 ], [ 86.7623, 22.4252 ], [ 86.8439, 22.3961 ], [ 86.8292, 22.3246 ], [ 86.8862, 22.2941 ], [ 86.8857, 22.2521 ], [ 86.8119, 22.2639 ], [ 86.7996, 22.241 ], [ 86.7903, 22.2628 ], [ 86.8001, 22.2136 ], [ 86.7228, 22.2152 ] ] ] } },
{ "type": "Feature", "properties": { "state": "Jharkhand", "district": "Ramgarh" }, "geometry": { "type": "Polygon", "coordinates": [ [ [ 85.6413, 23.9366 ], [ 85.6552, 23.917 ], [ 85.5768, 23.8339 ], [ 85.6063, 23.779 ], [ 85.6485, 23.7951 ], [ 85.6102, 23.748 ], [ 85.6097, 23.6142 ], [ 85.6489, 23.5893 ], [ 85.7618, 23.6696 ], [ 85.8366, 23.5478 ], [ 85.8332, 23.5017 ], [ 85.8831, 23.4828 ], [ 85.8536, 23.4218 ], [ 85.8105, 23.4519 ], [ 85.7128, 23.4393 ], [ 85.6261, 23.467 ], [ 85.5182, 23.5351 ], [ 85.516, 23.5754 ], [ 85.5044, 23.5397 ], [ 85.4662, 23.5699 ], [ 85.3793, 23.5487 ], [ 85.2617, 23.5789 ], [ 85.1976, 23.6321 ], [ 85.2185, 23.6991 ], [ 85.4493, 23.6877 ], [ 85.4789, 23.7581 ], [ 85.4549, 23.7857 ], [ 85.6413, 23.9366 ] ] ] } },
{ "type": "Feature", "properties": { "state": "Jharkhand", "district": "Ranchi" }, "geometry": { "type": "Polygon", "coordinates": [ [ [ 85.6159, 22.9138 ], [ 85.5802, 23.0525 ], [ 85.6027, 23.104 ], [ 85.5417, 23.1586 ], [ 85.5804, 23.2598 ], [ 85.5584, 23.2692 ], [ 85.4928, 23.2423 ], [ 85.4623, 23.1774 ], [ 85.4117, 23.1712 ], [ 85.335, 23.2049 ], [ 85.3212, 23.1762 ], [ 85.2743, 23.2252 ], [ 85.2252, 23.1991 ], [ 85.2247, 23.264 ], [ 85.1499, 23.2838 ], [ 85.0416, 23.1939 ], [ 85.0499, 23.1225 ], [ 84.961, 23.0092 ], [ 84.8706, 23.0659 ], [ 84.8879, 23.1675 ], [ 84.9452, 23.2234 ], [ 84.8927, 23.2595 ], [ 84.9196, 23.3094 ], [ 84.8776, 23.3742 ], [ 84.9385, 23.4993 ], [ 84.8788, 23.5507 ], [ 84.899, 23.5803 ], [ 84.9049, 23.5418 ], [ 84.9278, 23.5489 ], [ 84.9281, 23.6898 ], [ 84.9656, 23.7137 ], [ 85.0003, 23.6772 ], [ 85.0469, 23.7125 ], [ 85.071, 23.6677 ], [ 85.1589, 23.6653 ], [ 85.1922, 23.7068 ], [ 85.2313, 23.6845 ], [ 85.2024, 23.6208 ], [ 85.2617, 23.5789 ], [ 85.3793, 23.5487 ], [ 85.4662, 23.5699 ], [ 85.5044, 23.5397 ], [ 85.516, 23.5754 ], [ 85.5182, 23.5351 ], [ 85.6261, 23.467 ], [ 85.8609, 23.4282 ], [ 85.8957, 23.3706 ], [ 85.8663, 23.3648 ], [ 85.878, 23.3237 ], [ 85.8264, 23.2631 ], [ 85.8316, 23.1951 ], [ 85.8892, 23.1518 ], [ 85.793, 23.0567 ], [ 85.8699, 22.9272 ], [ 85.8574, 22.8845 ], [ 85.7251, 22.9395 ], [ 85.6159, 22.9138 ] ] ] } },
{ "type": "Feature", "properties": { "state": "Jharkhand", "district": "Sahibganj" }, "geometry": { "type": "Polygon", "coordinates": [ [ [ 87.4944, 25.1366 ], [ 87.4815, 25.2952 ], [ 87.5397, 25.2816 ], [ 87.5801, 25.3484 ], [ 87.6069, 25.3114 ], [ 87.6842, 25.3101 ], [ 87.7078, 25.2564 ], [ 87.7833, 25.2462 ], [ 87.7765, 25.0913 ], [ 87.877, 25.028 ], [ 87.9733, 24.8965 ], [ 87.889, 24.8529 ], [ 87.8545, 24.7643 ], [ 87.83, 24.783 ], [ 87.8139, 24.7534 ], [ 87.8442, 24.7182 ], [ 87.794, 24.7135 ], [ 87.7478, 24.7652 ], [ 87.7096, 24.7314 ], [ 87.5484, 24.827 ], [ 87.5315, 24.7985 ], [ 87.4813, 24.817 ], [ 87.4492, 24.8932 ], [ 87.4612, 24.9892 ], [ 87.5173, 25.0571 ], [ 87.4705, 25.1054 ], [ 87.4944, 25.1366 ] ] ] } },
{ "type": "Feature", "properties": { "state": "Jharkhand", "district": "Saraikela-kharsawan" }, "geometry": { "type": "Polygon", "coordinates": [ [ [ 85.5106, 22.8059 ], [ 85.5244, 22.8612 ], [ 85.5742, 22.8634 ], [ 85.6009, 22.9332 ], [ 85.6159, 22.9138 ], [ 85.7251, 22.9395 ], [ 85.8574, 22.8845 ], [ 85.8699, 22.9272 ], [ 85.793, 23.0567 ], [ 85.8824, 23.1525 ], [ 85.9215, 23.1259 ], [ 86.0369, 23.1436 ], [ 86.048, 23.1087 ], [ 86.1274, 23.0891 ], [ 86.1756, 23.013 ], [ 86.2405, 22.9854 ], [ 86.183, 22.9449 ], [ 86.2142, 22.8875 ], [ 86.191, 22.8154 ], [ 86.1557, 22.8349 ], [ 86.1402, 22.8028 ], [ 86.1685, 22.7818 ], [ 86.1514, 22.6335 ], [ 85.9608, 22.4786 ], [ 85.8692, 22.559 ], [ 85.9044, 22.6003 ], [ 85.8617, 22.6182 ], [ 85.8476, 22.7204 ], [ 85.6982, 22.6928 ], [ 85.6773, 22.7261 ], [ 85.7127, 22.7528 ], [ 85.6958, 22.8047 ], [ 85.6427, 22.8467 ], [ 85.5106, 22.8059 ] ] ] } },
{ "type": "Feature", "properties": { "state": "Jharkhand", "district": "Simdega" }, "geometry": { "type": "Polygon", "coordinates": [ [ [ 84.0025, 22.5209 ], [ 84.0051, 22.5696 ], [ 84.0804, 22.6366 ], [ 84.2206, 22.6689 ], [ 84.2542, 22.763 ], [ 84.4093, 22.7609 ], [ 84.4507, 22.8334 ], [ 84.5491, 22.7853 ], [ 84.5102, 22.7529 ], [ 84.5414, 22.7605 ], [ 84.5866, 22.7101 ], [ 84.6896, 22.7396 ], [ 84.7258, 22.799 ], [ 84.775, 22.7885 ], [ 84.8082, 22.7064 ], [ 84.813, 22.7431 ], [ 84.8514, 22.7207 ], [ 84.8408, 22.7671 ], [ 84.8771, 22.7394 ], [ 84.9266, 22.7882 ], [ 84.9993, 22.7821 ], [ 85.0524, 22.7323 ], [ 85.0371, 22.6779 ], [ 85.0748, 22.5146 ], [ 85.0625, 22.4784 ], [ 84.9077, 22.4196 ], [ 84.8078, 22.4469 ], [ 84.7527, 22.442 ], [ 84.7439, 22.4148 ], [ 84.5266, 22.42 ], [ 84.4261, 22.3488 ], [ 84.2892, 22.3373 ], [ 84.1525, 22.4009 ], [ 84.1349, 22.4709 ], [ 84.0025, 22.5209 ] ] ] } },
{ "type": "Feature", "properties": { "state": "Karnataka", "district": "Bagalkot" }, "geometry": { "type": "Polygon", "coordinates": [ [ [ 75.9032, 15.9196 ], [ 75.7724, 15.8978 ], [ 75.8286, 15.8962 ], [ 75.8457, 15.8347 ], [ 75.7786, 15.8474 ], [ 75.78, 15.8144 ], [ 75.7459, 15.8105 ], [ 75.6461, 15.8381 ], [ 75.5569, 15.8219 ], [ 75.4471, 15.8857 ], [ 75.4129, 16.1275 ], [ 75.2783, 16.1158 ], [ 75.2891, 16.1984 ], [ 75.2346, 16.208 ], [ 75.2345, 16.2574 ], [ 75.1296, 16.2857 ], [ 75.1329, 16.3259 ], [ 75.0472, 16.315 ], [ 75.0375, 16.3844 ], [ 75.0807, 16.4338 ], [ 74.9993, 16.4562 ], [ 75.0036, 16.5258 ], [ 75.0689, 16.5383 ], [ 75.0737, 16.566 ], [ 75.1271, 16.5071 ], [ 75.165, 16.5326 ], [ 75.1728, 16.5993 ], [ 75.2587, 16.6028 ], [ 75.2909, 16.7098 ], [ 75.3659, 16.712 ], [ 75.3699, 16.7563 ], [ 75.466, 16.7533 ], [ 75.4941, 16.7432 ], [ 75.4928, 16.6961 ], [ 75.4412, 16.695 ], [ 75.4944, 16.5906 ], [ 75.4939, 16.5216 ], [ 75.4581, 16.5035 ], [ 75.4519, 16.4111 ], [ 75.5379, 16.4624 ], [ 75.5731, 16.4074 ], [ 75.6446, 16.4378 ], [ 75.9591, 16.2948 ], [ 76.0279, 16.2956 ], [ 76.0663, 16.2049 ], [ 76.2399, 16.1622 ], [ 76.2541, 16.0946 ], [ 76.3332, 16.087 ], [ 76.2579, 16.0788 ], [ 76.3064, 16.0614 ], [ 76.2959, 15.9885 ], [ 76.3266, 15.9274 ], [ 76.2842, 15.8979 ], [ 76.2018, 15.9375 ], [ 76.1171, 15.8816 ], [ 76.0594, 15.9015 ], [ 76.0802, 16.0069 ], [ 75.9771, 15.9841 ], [ 75.9652, 15.8551 ], [ 75.9032, 15.9196 ] ] ] } },
{ "type": "Feature", "properties": { "state": "Karnataka", "district": "Bangalore" }, "geometry": { "type": "Polygon", "coordinates": [ [ [ 77.7655, 12.928 ], [ 77.806, 12.9188 ], [ 77.8256, 12.859 ], [ 77.7849, 12.8338 ], [ 77.7829, 12.7388 ], [ 77.7314, 12.664 ], [ 77.5893, 12.6483 ], [ 77.6086, 12.6968 ], [ 77.55, 12.7129 ], [ 77.5852, 12.7734 ], [ 77.5593, 12.7501 ], [ 77.5499, 12.791 ], [ 77.5329, 12.7899 ], [ 77.536, 12.7444 ], [ 77.4812, 12.7343 ], [ 77.473, 12.7992 ], [ 77.4147, 12.8175 ], [ 77.4221, 12.8687 ], [ 77.3403, 12.8594 ], [ 77.3222, 12.9659 ], [ 77.3717, 12.9859 ], [ 77.3767, 13.0566 ], [ 77.4219, 13.0597 ], [ 77.3977, 13.1162 ], [ 77.4215, 13.1555 ], [ 77.46, 13.1543 ], [ 77.4715, 13.2129 ], [ 77.5508, 13.2233 ], [ 77.5902, 13.1806 ], [ 77.7202, 13.1791 ], [ 77.7254, 13.1056 ], [ 77.7527, 13.1035 ], [ 77.7755, 13.0275 ], [ 77.7655, 12.928 ] ] ] } },
{ "type": "Feature", "properties": { "state": "Karnataka", "district": "Bangalore Rural" }, "geometry": { "type": "Polygon", "coordinates": [ [ [ 77.8011, 13.2319 ], [ 77.8467, 13.2091 ], [ 77.8828, 13.2462 ], [ 77.9026, 13.2197 ], [ 77.9569, 13.2344 ], [ 77.9479, 13.1154 ], [ 77.8931, 13.09 ], [ 77.9311, 13.0593 ], [ 77.884, 13.039 ], [ 77.8658, 12.9334 ], [ 77.8328, 12.9142 ], [ 77.8441, 12.8559 ], [ 77.806, 12.9188 ], [ 77.7576, 12.9288 ], [ 77.7755, 13.0275 ], [ 77.7527, 13.1035 ], [ 77.7254, 13.1056 ], [ 77.7202, 13.1791 ], [ 77.5902, 13.1806 ], [ 77.5508, 13.2233 ], [ 77.4715, 13.2129 ], [ 77.46, 13.1543 ], [ 77.4215, 13.1555 ], [ 77.3977, 13.1162 ], [ 77.4219, 13.0597 ], [ 77.3767, 13.0566 ], [ 77.3717, 12.9859 ], [ 77.3371, 12.9619 ], [ 77.3071, 13.0965 ], [ 77.2615, 13.1126 ], [ 77.2688, 13.1446 ], [ 77.2123, 13.1379 ], [ 77.1753, 13.2196 ], [ 77.2235, 13.3032 ], [ 77.2759, 13.2898 ], [ 77.332, 13.3219 ], [ 77.3429, 13.4451 ], [ 77.3794, 13.4924 ], [ 77.5473, 13.4092 ], [ 77.5956, 13.4327 ], [ 77.5943, 13.3884 ], [ 77.6261, 13.3665 ], [ 77.6507, 13.3886 ], [ 77.6514, 13.347 ], [ 77.691, 13.3268 ], [ 77.7072, 13.3566 ], [ 77.7836, 13.3424 ], [ 77.8194, 13.3171 ], [ 77.8011, 13.2319 ] ] ] } },
{ "type": "Feature", "properties": { "state": "Karnataka", "district": "Belgaum" }, "geometry": { "type": "Polygon", "coordinates": [ [ [ 74.4173, 15.4732 ], [ 74.2543, 15.5658 ], [ 74.245, 15.6656 ], [ 74.2132, 15.649 ], [ 74.1901, 15.681 ], [ 74.1428, 15.6471 ], [ 74.0965, 15.6708 ], [ 74.2273, 15.7857 ], [ 74.2501, 15.7412 ], [ 74.3649, 15.7737 ], [ 74.3893, 15.8441 ], [ 74.3445, 15.8521 ], [ 74.3741, 15.8916 ], [ 74.4116, 15.8526 ], [ 74.3919, 15.9012 ], [ 74.4703, 16.0405 ], [ 74.3682, 16.053 ], [ 74.4346, 16.1106 ], [ 74.4891, 16.0873 ], [ 74.5133, 16.2012 ], [ 74.4212, 16.2806 ], [ 74.3533, 16.2918 ], [ 74.3338, 16.2681 ], [ 74.3255, 16.3792 ], [ 74.3617, 16.3647 ], [ 74.3691, 16.3943 ], [ 74.3427, 16.4005 ], [ 74.3389, 16.4522 ], [ 74.2963, 16.459 ], [ 74.2999, 16.5026 ], [ 74.2688, 16.476 ], [ 74.2532, 16.4949 ], [ 74.2858, 16.5034 ], [ 74.2716, 16.5387 ], [ 74.3141, 16.5021 ], [ 74.3294, 16.5535 ], [ 74.3899, 16.5279 ], [ 74.4035, 16.5787 ], [ 74.4725, 16.6048 ], [ 74.4774, 16.6608 ], [ 74.498, 16.6266 ], [ 74.5514, 16.6332 ], [ 74.5741, 16.552 ], [ 74.6364, 16.5757 ], [ 74.6428, 16.6068 ], [ 74.6904, 16.6045 ], [ 74.6605, 16.6376 ], [ 74.6982, 16.7152 ], [ 74.9238, 16.77 ], [ 74.912, 16.8559 ], [ 74.9673, 16.9054 ], [ 74.9384, 16.941 ], [ 75.0319, 16.9257 ], [ 75.0904, 16.9487 ], [ 75.1411, 16.8735 ], [ 75.2159, 16.8403 ], [ 75.2857, 16.8788 ], [ 75.2846, 16.9536 ], [ 75.3453, 16.9525 ], [ 75.337, 16.8664 ], [ 75.3968, 16.8588 ], [ 75.3659, 16.712 ], [ 75.2909, 16.7098 ], [ 75.2587, 16.6028 ], [ 75.1728, 16.5993 ], [ 75.165, 16.5326 ], [ 75.1271, 16.5071 ], [ 75.0737, 16.566 ], [ 75.0689, 16.5383 ], [ 75.0116, 16.5361 ], [ 74.9967, 16.4634 ], [ 75.0281, 16.4306 ], [ 75.0807, 16.4338 ], [ 75.0375, 16.3844 ], [ 75.0472, 16.315 ], [ 75.137, 16.3244 ], [ 75.1296, 16.2857 ], [ 75.2192, 16.2661 ], [ 75.2346, 16.208 ], [ 75.2891, 16.1984 ], [ 75.2783, 16.1158 ], [ 75.4129, 16.1275 ], [ 75.4505, 15.7912 ], [ 75.4177, 15.7809 ], [ 75.4293, 15.8397 ], [ 75.3793, 15.8404 ], [ 75.3671, 15.8021 ], [ 75.306, 15.8082 ], [ 75.3204, 15.7418 ], [ 75.2776, 15.7366 ], [ 75.2753, 15.6477 ], [ 75.2208, 15.6792 ], [ 75.2055, 15.6472 ], [ 75.1098, 15.6691 ], [ 75.0954, 15.606 ], [ 75.0529, 15.6794 ], [ 74.9672, 15.6228 ], [ 74.8346, 15.6069 ], [ 74.7931, 15.4699 ], [ 74.7314, 15.4866 ], [ 74.7468, 15.4089 ], [ 74.6191, 15.3562 ], [ 74.5494, 15.4148 ], [ 74.4322, 15.3946 ], [ 74.4173, 15.4732 ] ] ] } },
{ "type": "Feature", "properties": { "state": "Karnataka", "district": "Bellary" }, "geometry": { "type": "Polygon", "coordinates": [ [ [ 76.658, 14.9368 ], [ 76.7365, 14.8092 ], [ 76.6679, 14.7878 ], [ 76.5997, 14.619 ], [ 76.5079, 14.5563 ], [ 76.4219, 14.5764 ], [ 76.4294, 14.614 ], [ 76.321, 14.6876 ], [ 76.2512, 14.693 ], [ 76.229, 14.6442 ], [ 76.1847, 14.6962 ], [ 76.1925, 14.7615 ], [ 76.144, 14.7987 ], [ 76.1573, 14.8256 ], [ 76.1943, 14.8153 ], [ 76.1886, 14.8425 ], [ 76.073, 14.8641 ], [ 76.0801, 14.9058 ], [ 76.0474, 14.9244 ], [ 75.8699, 14.8503 ], [ 75.8199, 14.8962 ], [ 75.8277, 14.7784 ], [ 75.7722, 14.7888 ], [ 75.717, 14.7141 ], [ 75.7237, 14.7646 ], [ 75.6646, 14.7987 ], [ 75.7387, 14.8835 ], [ 75.697, 14.8882 ], [ 75.6867, 14.9394 ], [ 75.7432, 14.9404 ], [ 75.8099, 15.0197 ], [ 75.9042, 15.0515 ], [ 75.8831, 15.0974 ], [ 75.9046, 15.1276 ], [ 76.0923, 15.1588 ], [ 76.1862, 15.231 ], [ 76.2305, 15.2287 ], [ 76.2188, 15.1964 ], [ 76.2467, 15.1872 ], [ 76.3608, 15.3213 ], [ 76.4883, 15.3381 ], [ 76.609, 15.4372 ], [ 76.7928, 15.4951 ], [ 76.8359, 15.6252 ], [ 76.9351, 15.7469 ], [ 77.0244, 15.8295 ], [ 77.0639, 15.8232 ], [ 77.0432, 15.7345 ], [ 77.1209, 15.6372 ], [ 77.0293, 15.6338 ], [ 77.0266, 15.5 ], [ 76.9704, 15.4909 ], [ 77.0274, 15.4352 ], [ 77.0616, 15.3219 ], [ 77.1097, 15.3273 ], [ 77.1641, 15.2591 ], [ 77.1209, 15.2212 ], [ 77.1582, 15.1938 ], [ 77.1321, 15.1427 ], [ 77.154, 15.1205 ], [ 77.0788, 15.0 ], [ 77.041, 15.0055 ], [ 77.0469, 15.0292 ], [ 76.8767, 15.0287 ], [ 76.7969, 15.0908 ], [ 76.757, 14.983 ], [ 76.7325, 14.982 ], [ 76.7303, 15.028 ], [ 76.6696, 15.0141 ], [ 76.7152, 14.9646 ], [ 76.7022, 14.9253 ], [ 76.658, 14.9368 ] ] ] } },
{ "type": "Feature", "properties": { "state": "Karnataka", "district": "Bidar" }, "geometry": { "type": "Polygon", "coordinates": [ [ [ 77.4579, 17.699 ], [ 77.4399, 17.5815 ], [ 77.3754, 17.5808 ], [ 77.2741, 17.6244 ], [ 77.1518, 17.6264 ], [ 77.1138, 17.6826 ], [ 77.086, 17.6576 ], [ 76.9893, 17.6924 ], [ 76.9376, 17.6057 ], [ 76.8994, 17.6441 ], [ 76.7736, 17.6363 ], [ 76.768, 17.6642 ], [ 76.7111, 17.6374 ], [ 76.6906, 17.68 ], [ 76.7276, 17.737 ], [ 76.7157, 17.7819 ], [ 76.7628, 17.7871 ], [ 76.7882, 17.8265 ], [ 76.7375, 17.8571 ], [ 76.7407, 17.898 ], [ 76.8028, 17.8683 ], [ 76.9164, 17.9151 ], [ 76.9177, 18.0332 ], [ 76.9546, 18.0397 ], [ 76.9683, 18.0971 ], [ 76.9226, 18.1161 ], [ 76.9541, 18.1849 ], [ 77.1089, 18.1527 ], [ 77.0955, 18.1951 ], [ 77.15, 18.2166 ], [ 77.1705, 18.2809 ], [ 77.2062, 18.278 ], [ 77.2402, 18.4086 ], [ 77.3174, 18.4538 ], [ 77.3421, 18.4303 ], [ 77.3696, 18.4477 ], [ 77.3698, 18.4007 ], [ 77.4101, 18.3885 ], [ 77.3625, 18.3083 ], [ 77.4364, 18.3065 ], [ 77.4654, 18.26 ], [ 77.5095, 18.3067 ], [ 77.603, 18.278 ], [ 77.5643, 18.2006 ], [ 77.5975, 18.0843 ], [ 77.5457, 18.0538 ], [ 77.6534, 17.9694 ], [ 77.507, 17.793 ], [ 77.562, 17.7471 ], [ 77.4579, 17.699 ] ] ] } },
{ "type": "Feature", "properties": { "state": "Karnataka", "district": "Bijapur" }, "geometry": { "type": "Polygon", "coordinates": [ [ [ 76.0373, 16.2812 ], [ 75.6446, 16.4378 ], [ 75.5731, 16.4074 ], [ 75.5379, 16.4624 ], [ 75.495, 16.4173 ], [ 75.4366, 16.4267 ], [ 75.4581, 16.5035 ], [ 75.4939, 16.5216 ], [ 75.4944, 16.5906 ], [ 75.4412, 16.695 ], [ 75.4928, 16.6961 ], [ 75.4958, 16.7377 ], [ 75.39, 16.7601 ], [ 75.3968, 16.8588 ], [ 75.337, 16.8664 ], [ 75.3372, 16.9198 ], [ 75.3948, 16.9764 ], [ 75.4679, 16.9853 ], [ 75.4925, 16.9429 ], [ 75.5703, 16.9636 ], [ 75.5758, 17.0078 ], [ 75.645, 16.951 ], [ 75.6784, 16.9639 ], [ 75.6722, 17.0357 ], [ 75.6438, 17.0364 ], [ 75.6784, 17.0629 ], [ 75.6741, 17.1136 ], [ 75.628, 17.1701 ], [ 75.6599, 17.2614 ], [ 75.606, 17.3033 ], [ 75.5785, 17.3829 ], [ 75.6158, 17.3919 ], [ 75.6356, 17.4775 ], [ 75.6912, 17.4126 ], [ 75.737, 17.4219 ], [ 75.8023, 17.3701 ], [ 75.8247, 17.4228 ], [ 75.862, 17.3859 ], [ 75.8872, 17.4173 ], [ 75.8937, 17.3536 ], [ 75.9312, 17.3241 ], [ 76.0605, 17.3539 ], [ 76.0903, 17.2542 ], [ 76.1775, 17.1908 ], [ 76.2546, 17.1449 ], [ 76.3593, 17.1818 ], [ 76.3598, 17.1358 ], [ 76.3927, 17.1381 ], [ 76.3624, 17.1107 ], [ 76.389, 17.0655 ], [ 76.4286, 17.097 ], [ 76.4341, 16.9778 ], [ 76.3995, 16.9734 ], [ 76.4, 16.9322 ], [ 76.4579, 16.9218 ], [ 76.4331, 16.8785 ], [ 76.4688, 16.8367 ], [ 76.3737, 16.8561 ], [ 76.3537, 16.8162 ], [ 76.4127, 16.8101 ], [ 76.3708, 16.7648 ], [ 76.4341, 16.7602 ], [ 76.4192, 16.7127 ], [ 76.4574, 16.7186 ], [ 76.4037, 16.645 ], [ 76.4358, 16.4319 ], [ 76.3326, 16.421 ], [ 76.2929, 16.3215 ], [ 76.3529, 16.2227 ], [ 76.2717, 16.148 ], [ 76.0663, 16.2049 ], [ 76.0373, 16.2812 ] ] ] } },
{ "type": "Feature", "properties": { "state": "Karnataka", "district": "Chamrajnagar" }, "geometry": { "type": "Polygon", "coordinates": [ [ [ 76.8323, 11.6527 ], [ 76.8373, 11.5745 ], [ 76.7463, 11.6105 ], [ 76.5748, 11.6057 ], [ 76.5131, 11.6942 ], [ 76.4514, 11.6551 ], [ 76.3964, 11.7011 ], [ 76.4189, 11.7171 ], [ 76.4033, 11.8028 ], [ 76.4542, 11.7833 ], [ 76.4833, 11.8514 ], [ 76.5474, 11.8487 ], [ 76.5705, 11.9774 ], [ 76.6359, 11.975 ], [ 76.6498, 12.0015 ], [ 76.7084, 11.9744 ], [ 76.7366, 12.0033 ], [ 76.7812, 11.9755 ], [ 76.8053, 12.0216 ], [ 76.8357, 11.989 ], [ 76.9298, 12.0075 ], [ 76.8488, 12.0525 ], [ 76.8749, 12.0763 ], [ 76.8246, 12.1231 ], [ 76.8492, 12.1771 ], [ 76.8695, 12.1259 ], [ 76.9384, 12.0902 ], [ 76.9851, 12.1677 ], [ 77.0334, 12.1209 ], [ 77.0373, 12.1608 ], [ 77.1227, 12.1967 ], [ 77.104, 12.2342 ], [ 77.1608, 12.2513 ], [ 77.157, 12.3009 ], [ 77.2627, 12.3042 ], [ 77.3373, 12.2702 ], [ 77.4204, 12.2779 ], [ 77.4825, 12.1901 ], [ 77.7195, 12.1715 ], [ 77.767, 12.1091 ], [ 77.6647, 11.9397 ], [ 77.4844, 11.9324 ], [ 77.4193, 11.7507 ], [ 77.2417, 11.8025 ], [ 77.1028, 11.7631 ], [ 77.1093, 11.7128 ], [ 77.0716, 11.725 ], [ 77.0565, 11.7771 ], [ 77.0276, 11.7617 ], [ 77.0228, 11.795 ], [ 76.9728, 11.8011 ], [ 76.9596, 11.7652 ], [ 76.8934, 11.7773 ], [ 76.8323, 11.6527 ] ] ] } },
{ "type": "Feature", "properties": { "state": "Karnataka", "district": "Chikballapura" }, "geometry": { "type": "Polygon", "coordinates": [ [ [ 77.8194, 13.3171 ], [ 77.7072, 13.3566 ], [ 77.691, 13.3268 ], [ 77.6514, 13.347 ], [ 77.6507, 13.3886 ], [ 77.6261, 13.3665 ], [ 77.5943, 13.3884 ], [ 77.5956, 13.4327 ], [ 77.5473, 13.4092 ], [ 77.4791, 13.4586 ], [ 77.4296, 13.4562 ], [ 77.3794, 13.4924 ], [ 77.3568, 13.6138 ], [ 77.3765, 13.653 ], [ 77.4829, 13.6797 ], [ 77.4873, 13.7068 ], [ 77.5215, 13.6879 ], [ 77.5197, 13.7438 ], [ 77.5561, 13.7165 ], [ 77.5956, 13.7436 ], [ 77.6212, 13.7274 ], [ 77.6143, 13.7603 ], [ 77.6702, 13.7775 ], [ 77.6637, 13.7523 ], [ 77.6955, 13.7614 ], [ 77.7087, 13.7327 ], [ 77.7129, 13.7905 ], [ 77.8277, 13.8606 ], [ 77.8183, 13.9349 ], [ 77.887, 13.9312 ], [ 77.9116, 13.8972 ], [ 77.9786, 13.9477 ], [ 77.9446, 13.82 ], [ 77.9852, 13.8617 ], [ 78.0378, 13.8528 ], [ 78.0412, 13.8867 ], [ 78.1135, 13.8409 ], [ 78.1182, 13.7769 ], [ 78.0849, 13.7335 ], [ 78.1054, 13.6844 ], [ 78.0583, 13.667 ], [ 78.0807, 13.6353 ], [ 78.1558, 13.6487 ], [ 78.1939, 13.6162 ], [ 78.1938, 13.4428 ], [ 78.1165, 13.3715 ], [ 78.1414, 13.3483 ], [ 78.1028, 13.314 ], [ 78.1258, 13.278 ], [ 77.9822, 13.2938 ], [ 77.9026, 13.2197 ], [ 77.8902, 13.2463 ], [ 77.8467, 13.2091 ], [ 77.8011, 13.2319 ], [ 77.8194, 13.3171 ] ] ] } },
{ "type": "Feature", "properties": { "state": "Karnataka", "district": "Chikmagalur" }, "geometry": { "type": "Polygon", "coordinates": [ [ [ 75.741, 13.2009 ], [ 75.7376, 13.0256 ], [ 75.6437, 13.0268 ], [ 75.5549, 12.91 ], [ 75.5017, 13.0735 ], [ 75.4074, 13.1056 ], [ 75.3761, 13.1768 ], [ 75.2949, 13.1214 ], [ 75.2362, 13.1341 ], [ 75.0807, 13.3404 ], [ 75.1473, 13.3935 ], [ 75.138, 13.4704 ], [ 75.2243, 13.5236 ], [ 75.2201, 13.5982 ], [ 75.2771, 13.5599 ], [ 75.407, 13.6218 ], [ 75.3837, 13.707 ], [ 75.4556, 13.7202 ], [ 75.4911, 13.7638 ], [ 75.5403, 13.725 ], [ 75.6083, 13.7562 ], [ 75.6342, 13.6969 ], [ 75.6734, 13.7172 ], [ 75.6692, 13.7588 ], [ 75.823, 13.8126 ], [ 75.9481, 13.81 ], [ 76.0478, 13.8945 ], [ 76.1277, 13.8073 ], [ 76.1482, 13.7243 ], [ 76.2171, 13.706 ], [ 76.2191, 13.6732 ], [ 76.283, 13.6404 ], [ 76.2701, 13.5995 ], [ 76.3499, 13.5719 ], [ 76.3584, 13.5242 ], [ 76.2333, 13.5015 ], [ 76.2271, 13.4615 ], [ 76.1586, 13.4643 ], [ 76.1371, 13.4017 ], [ 76.0402, 13.369 ], [ 76.0354, 13.2409 ], [ 75.8164, 13.2513 ], [ 75.8038, 13.2098 ], [ 75.741, 13.2009 ] ] ] } },
{ "type": "Feature", "properties": { "state": "Karnataka", "district": "Chitradurga" }, "geometry": { "type": "Polygon", "coordinates": [ [ [ 76.3374, 13.5698 ], [ 76.2723, 13.5968 ], [ 76.283, 13.6404 ], [ 76.2191, 13.6732 ], [ 76.2171, 13.706 ], [ 76.1482, 13.7243 ], [ 76.0957, 13.8584 ], [ 76.0288, 13.8923 ], [ 76.0698, 13.975 ], [ 76.0423, 13.9811 ], [ 76.0516, 14.0788 ], [ 76.0232, 14.1085 ], [ 76.0776, 14.2388 ], [ 76.1294, 14.2499 ], [ 76.1085, 14.3106 ], [ 76.1544, 14.3148 ], [ 76.1355, 14.4209 ], [ 76.2023, 14.4518 ], [ 76.2757, 14.4007 ], [ 76.33, 14.4016 ], [ 76.4567, 14.4459 ], [ 76.4566, 14.4962 ], [ 76.5297, 14.5302 ], [ 76.5079, 14.5563 ], [ 76.5997, 14.619 ], [ 76.6679, 14.7878 ], [ 76.7365, 14.8092 ], [ 76.658, 14.9368 ], [ 76.7053, 14.9275 ], [ 76.7142, 14.9675 ], [ 76.6696, 15.0141 ], [ 76.7303, 15.028 ], [ 76.7325, 14.982 ], [ 76.8645, 14.964 ], [ 76.8487, 14.804 ], [ 76.7803, 14.7793 ], [ 76.7981, 14.7346 ], [ 76.7609, 14.5963 ], [ 76.8702, 14.4684 ], [ 76.9734, 14.4783 ], [ 76.9416, 14.3995 ], [ 76.8831, 14.3903 ], [ 76.8791, 14.3464 ], [ 76.9467, 14.3004 ], [ 76.9378, 14.2401 ], [ 77.0041, 14.2316 ], [ 77.0198, 14.1727 ], [ 76.9416, 14.1893 ], [ 76.8914, 14.159 ], [ 76.8837, 14.131 ], [ 76.927, 14.1272 ], [ 76.9463, 14.0853 ], [ 76.8705, 14.0058 ], [ 76.8326, 14.0087 ], [ 76.8442, 13.9561 ], [ 76.8096, 13.9098 ], [ 76.7182, 13.8887 ], [ 76.7645, 13.7933 ], [ 76.6933, 13.7631 ], [ 76.6815, 13.6823 ], [ 76.6162, 13.7274 ], [ 76.4507, 13.5835 ], [ 76.3374, 13.5698 ] ] ] } },
{ "type": "Feature", "properties": { "state": "Karnataka", "district": "Dakshina Kannada" }, "geometry": { "type": "Polygon", "coordinates": [ [ [ 75.6329, 12.6877 ], [ 75.6699, 12.6952 ], [ 75.64, 12.6244 ], [ 75.6643, 12.5417 ], [ 75.6149, 12.5052 ], [ 75.5857, 12.53 ], [ 75.5633, 12.4815 ], [ 75.5263, 12.4925 ], [ 75.489, 12.455 ], [ 75.4339, 12.5232 ], [ 75.3368, 12.4578 ], [ 75.2709, 12.5535 ], [ 75.3279, 12.5852 ], [ 75.2767, 12.6117 ], [ 75.2229, 12.5626 ], [ 75.2014, 12.6251 ], [ 75.143, 12.6333 ], [ 75.1506, 12.6763 ], [ 75.0861, 12.6978 ], [ 75.0831, 12.6664 ], [ 75.0478, 12.6601 ], [ 75.0497, 12.7147 ], [ 74.9848, 12.7299 ], [ 75.0086, 12.7604 ], [ 74.9923, 12.7905 ], [ 74.8671, 12.7545 ], [ 74.821, 12.8524 ], [ 74.7799, 13.0979 ], [ 74.8642, 13.1221 ], [ 74.8972, 13.0263 ], [ 74.9332, 13.0303 ], [ 74.9416, 13.0005 ], [ 74.9784, 13.0229 ], [ 75.0145, 12.9799 ], [ 75.1274, 13.128 ], [ 75.2018, 13.177 ], [ 75.2949, 13.1214 ], [ 75.3761, 13.1768 ], [ 75.4074, 13.1056 ], [ 75.4858, 13.0876 ], [ 75.524, 13.0435 ], [ 75.5141, 12.9741 ], [ 75.5529, 12.9399 ], [ 75.5607, 12.8627 ], [ 75.6207, 12.8521 ], [ 75.6119, 12.7931 ], [ 75.6569, 12.7452 ], [ 75.6329, 12.6877 ] ] ] } },
{ "type": "Feature", "properties": { "state": "Karnataka", "district": "Davanagere" }, "geometry": { "type": "Polygon", "coordinates": [ [ [ 75.6385, 13.6981 ], [ 75.5913, 13.7909 ], [ 75.6558, 13.893 ], [ 75.7117, 13.9107 ], [ 75.6719, 14.0063 ], [ 75.733, 14.0597 ], [ 75.5855, 14.0529 ], [ 75.4014, 14.1202 ], [ 75.4853, 14.1699 ], [ 75.4532, 14.1997 ], [ 75.5263, 14.198 ], [ 75.5298, 14.2728 ], [ 75.6322, 14.3095 ], [ 75.6357, 14.4599 ], [ 75.7974, 14.5061 ], [ 75.8114, 14.6471 ], [ 75.7387, 14.6861 ], [ 75.7722, 14.7888 ], [ 75.8, 14.7652 ], [ 75.8352, 14.7941 ], [ 75.8066, 14.8387 ], [ 75.8199, 14.8962 ], [ 75.8699, 14.8503 ], [ 76.0474, 14.9244 ], [ 76.0801, 14.9058 ], [ 76.073, 14.8641 ], [ 76.1886, 14.8425 ], [ 76.1943, 14.8153 ], [ 76.1573, 14.8256 ], [ 76.144, 14.7987 ], [ 76.1925, 14.7615 ], [ 76.1847, 14.6962 ], [ 76.229, 14.6442 ], [ 76.2512, 14.693 ], [ 76.321, 14.6876 ], [ 76.4294, 14.614 ], [ 76.4219, 14.5764 ], [ 76.5297, 14.5302 ], [ 76.4566, 14.4962 ], [ 76.4567, 14.4459 ], [ 76.3806, 14.4153 ], [ 76.2757, 14.4007 ], [ 76.2588, 14.4368 ], [ 76.1827, 14.4534 ], [ 76.1355, 14.4209 ], [ 76.1544, 14.3148 ], [ 76.1085, 14.3106 ], [ 76.1294, 14.2499 ], [ 76.0776, 14.2388 ], [ 76.0232, 14.1085 ], [ 76.0516, 14.0788 ], [ 76.0423, 13.9811 ], [ 76.0698, 13.975 ], [ 76.0285, 13.8644 ], [ 75.9385, 13.8066 ], [ 75.823, 13.8126 ], [ 75.6692, 13.7588 ], [ 75.6734, 13.7172 ], [ 75.6385, 13.6981 ] ] ] } },
{ "type": "Feature", "properties": { "state": "Karnataka", "district": "Dharwad" }, "geometry": { "type": "Polygon", "coordinates": [ [ [ 75.1579, 15.142 ], [ 75.0826, 15.1067 ], [ 75.0838, 15.0695 ], [ 74.8964, 15.0419 ], [ 74.8953, 15.0952 ], [ 74.8324, 15.1305 ], [ 74.9124, 15.2479 ], [ 74.9022, 15.2962 ], [ 74.8385, 15.3307 ], [ 74.825, 15.3812 ], [ 74.7468, 15.4089 ], [ 74.7314, 15.4866 ], [ 74.781, 15.457 ], [ 74.8174, 15.5006 ], [ 74.802, 15.5434 ], [ 74.8444, 15.5718 ], [ 74.8346, 15.6069 ], [ 74.9672, 15.6228 ], [ 75.0529, 15.6794 ], [ 75.0954, 15.606 ], [ 75.1098, 15.6691 ], [ 75.2055, 15.6472 ], [ 75.205, 15.6791 ], [ 75.2396, 15.6767 ], [ 75.2529, 15.6437 ], [ 75.2978, 15.6886 ], [ 75.3627, 15.6432 ], [ 75.4906, 15.6993 ], [ 75.5051, 15.6454 ], [ 75.5573, 15.6445 ], [ 75.5328, 15.5354 ], [ 75.4777, 15.5177 ], [ 75.494, 15.369 ], [ 75.4472, 15.3821 ], [ 75.4524, 15.2986 ], [ 75.4058, 15.2694 ], [ 75.4501, 15.2122 ], [ 75.4029, 15.1953 ], [ 75.4365, 15.1026 ], [ 75.4182, 15.0529 ], [ 75.3413, 15.0654 ], [ 75.3398, 15.1563 ], [ 75.2602, 15.0932 ], [ 75.1447, 15.0967 ], [ 75.1579, 15.142 ] ] ] } },
{ "type": "Feature", "properties": { "state": "Karnataka", "district": "Gadag" }, "geometry": { "type": "Polygon", "coordinates": [ [ [ 75.9042, 15.0515 ], [ 75.7432, 14.9404 ], [ 75.6347, 14.9909 ], [ 75.6005, 14.9512 ], [ 75.5447, 14.9746 ], [ 75.5355, 15.0272 ], [ 75.4199, 15.0568 ], [ 75.4365, 15.1026 ], [ 75.4029, 15.1953 ], [ 75.4501, 15.2122 ], [ 75.4058, 15.2694 ], [ 75.4524, 15.2986 ], [ 75.4472, 15.3821 ], [ 75.494, 15.369 ], [ 75.4777, 15.5177 ], [ 75.5328, 15.5354 ], [ 75.5573, 15.6445 ], [ 75.5051, 15.6454 ], [ 75.4906, 15.6993 ], [ 75.3386, 15.6453 ], [ 75.2763, 15.721 ], [ 75.316, 15.7285 ], [ 75.306, 15.8082 ], [ 75.3671, 15.8021 ], [ 75.3793, 15.8404 ], [ 75.4293, 15.8397 ], [ 75.4177, 15.7809 ], [ 75.4396, 15.7769 ], [ 75.457, 15.8838 ], [ 75.5569, 15.8219 ], [ 75.6461, 15.8381 ], [ 75.7459, 15.8105 ], [ 75.8082, 15.8473 ], [ 76.0412, 15.7606 ], [ 76.0417, 15.7161 ], [ 75.9823, 15.6875 ], [ 76.011, 15.6602 ], [ 75.9445, 15.6745 ], [ 75.8972, 15.7466 ], [ 75.8713, 15.7122 ], [ 75.8989, 15.6035 ], [ 75.8109, 15.4724 ], [ 75.9029, 15.3988 ], [ 75.8894, 15.2843 ], [ 75.9495, 15.1333 ], [ 75.8846, 15.103 ], [ 75.9042, 15.0515 ] ] ] } },
{ "type": "Feature", "properties": { "state": "Karnataka", "district": "Gulbarga" }, "geometry": { "type": "Polygon", "coordinates": [ [ [ 77.4545, 17.2759 ], [ 77.36, 17.1616 ], [ 77.4626, 17.1041 ], [ 77.4982, 17.0152 ], [ 77.4522, 16.8816 ], [ 77.2396, 16.9385 ], [ 77.0906, 16.9022 ], [ 77.0626, 16.9508 ], [ 77.0173, 16.9214 ], [ 77.0385, 16.8654 ], [ 76.9783, 16.8578 ], [ 76.9949, 16.808 ], [ 76.9091, 16.8143 ], [ 76.9178, 16.8673 ], [ 76.8684, 16.8937 ], [ 76.7592, 16.84 ], [ 76.734, 16.7551 ], [ 76.6786, 16.7799 ], [ 76.6561, 16.7087 ], [ 76.6019, 16.763 ], [ 76.4592, 16.7074 ], [ 76.4192, 16.7127 ], [ 76.4341, 16.7602 ], [ 76.3708, 16.7648 ], [ 76.4127, 16.8101 ], [ 76.3537, 16.8162 ], [ 76.3737, 16.8561 ], [ 76.4688, 16.8367 ], [ 76.4331, 16.8785 ], [ 76.4579, 16.9218 ], [ 76.4, 16.9322 ], [ 76.3995, 16.9734 ], [ 76.4341, 16.9778 ], [ 76.4286, 17.097 ], [ 76.389, 17.0655 ], [ 76.3624, 17.1107 ], [ 76.3927, 17.1381 ], [ 76.3598, 17.1358 ], [ 76.3593, 17.1818 ], [ 76.2438, 17.1469 ], [ 76.0903, 17.2542 ], [ 76.0668, 17.314 ], [ 76.1212, 17.3663 ], [ 76.1758, 17.2972 ], [ 76.1723, 17.3487 ], [ 76.2444, 17.3747 ], [ 76.2759, 17.3305 ], [ 76.3436, 17.3499 ], [ 76.3523, 17.3106 ], [ 76.3817, 17.3118 ], [ 76.4081, 17.3693 ], [ 76.362, 17.3751 ], [ 76.3732, 17.4344 ], [ 76.3337, 17.4323 ], [ 76.3308, 17.4688 ], [ 76.375, 17.4935 ], [ 76.3435, 17.4944 ], [ 76.3661, 17.5222 ], [ 76.3317, 17.5949 ], [ 76.4157, 17.6042 ], [ 76.4287, 17.6444 ], [ 76.4893, 17.6607 ], [ 76.4864, 17.7135 ], [ 76.5236, 17.7152 ], [ 76.5237, 17.7589 ], [ 76.5733, 17.76 ], [ 76.5732, 17.7022 ], [ 76.6144, 17.7683 ], [ 76.7111, 17.6374 ], [ 76.768, 17.6642 ], [ 76.7736, 17.6363 ], [ 76.8994, 17.6441 ], [ 76.9376, 17.6057 ], [ 76.9893, 17.6924 ], [ 77.086, 17.6576 ], [ 77.1138, 17.6826 ], [ 77.1879, 17.6133 ], [ 77.2741, 17.6244 ], [ 77.5016, 17.5409 ], [ 77.5274, 17.5732 ], [ 77.5898, 17.5628 ], [ 77.5917, 17.5327 ], [ 77.6856, 17.5056 ], [ 77.684, 17.4729 ], [ 77.6528, 17.5033 ], [ 77.6106, 17.4442 ], [ 77.5101, 17.4273 ], [ 77.528, 17.3721 ], [ 77.4516, 17.3705 ], [ 77.434, 17.2883 ], [ 77.4545, 17.2759 ] ] ] } },
{ "type": "Feature", "properties": { "state": "Karnataka", "district": "Hassan" }, "geometry": { "type": "Polygon", "coordinates": [ [ [ 76.2169, 12.6361 ], [ 76.1113, 12.506 ], [ 76.0428, 12.5687 ], [ 75.9623, 12.5528 ], [ 75.9342, 12.6223 ], [ 75.9638, 12.7046 ], [ 75.9331, 12.7281 ], [ 75.9706, 12.7987 ], [ 75.9202, 12.8216 ], [ 75.8617, 12.8147 ], [ 75.8484, 12.7239 ], [ 75.8807, 12.6676 ], [ 75.8057, 12.6946 ], [ 75.7517, 12.6707 ], [ 75.704, 12.703 ], [ 75.6308, 12.6867 ], [ 75.6569, 12.7452 ], [ 75.6119, 12.7931 ], [ 75.6207, 12.8521 ], [ 75.5607, 12.8627 ], [ 75.5538, 12.9044 ], [ 75.6437, 13.0268 ], [ 75.7376, 13.0256 ], [ 75.741, 13.2009 ], [ 75.8038, 13.2098 ], [ 75.8164, 13.2513 ], [ 76.0354, 13.2409 ], [ 76.0402, 13.369 ], [ 76.1371, 13.4017 ], [ 76.1586, 13.4643 ], [ 76.1972, 13.4442 ], [ 76.2333, 13.5015 ], [ 76.287, 13.4983 ], [ 76.3143, 13.5321 ], [ 76.341, 13.5078 ], [ 76.3669, 13.5418 ], [ 76.4224, 13.5175 ], [ 76.3939, 13.4966 ], [ 76.4137, 13.4414 ], [ 76.3829, 13.3642 ], [ 76.3419, 13.3539 ], [ 76.3675, 13.1925 ], [ 76.47, 13.1406 ], [ 76.4643, 13.0842 ], [ 76.606, 13.0619 ], [ 76.629, 12.9779 ], [ 76.5707, 12.8412 ], [ 76.4871, 12.8014 ], [ 76.493, 12.7625 ], [ 76.4523, 12.7736 ], [ 76.4646, 12.7956 ], [ 76.4069, 12.8597 ], [ 76.3678, 12.8034 ], [ 76.3282, 12.8043 ], [ 76.3598, 12.7005 ], [ 76.3256, 12.606 ], [ 76.2169, 12.6361 ] ] ] } },
{ "type": "Feature", "properties": { "state": "Karnataka", "district": "Haveri" }, "geometry": { "type": "Polygon", "coordinates": [ [ [ 75.6357, 14.4599 ], [ 75.6322, 14.3095 ], [ 75.5361, 14.2729 ], [ 75.4996, 14.3394 ], [ 75.4774, 14.313 ], [ 75.3497, 14.3837 ], [ 75.382, 14.4278 ], [ 75.3448, 14.4306 ], [ 75.3248, 14.5052 ], [ 75.2713, 14.5091 ], [ 75.298, 14.5348 ], [ 75.2666, 14.5756 ], [ 75.2392, 14.5532 ], [ 75.1865, 14.5819 ], [ 75.208, 14.632 ], [ 75.1483, 14.6142 ], [ 75.0406, 14.6535 ], [ 75.0205, 14.7121 ], [ 75.0736, 14.7765 ], [ 75.0604, 14.8084 ], [ 75.0968, 14.8056 ], [ 75.0731, 14.9149 ], [ 75.1083, 14.9291 ], [ 75.0721, 15.0127 ], [ 75.0826, 15.1067 ], [ 75.1411, 15.1558 ], [ 75.1447, 15.0967 ], [ 75.2602, 15.0932 ], [ 75.3398, 15.1563 ], [ 75.3324, 15.0777 ], [ 75.3701, 15.044 ], [ 75.513, 15.0399 ], [ 75.5447, 14.9746 ], [ 75.6005, 14.9512 ], [ 75.6347, 14.9909 ], [ 75.6915, 14.9704 ], [ 75.697, 14.8882 ], [ 75.7387, 14.8835 ], [ 75.6646, 14.7987 ], [ 75.7237, 14.7646 ], [ 75.7059, 14.7177 ], [ 75.7623, 14.7308 ], [ 75.7395, 14.6808 ], [ 75.7987, 14.6762 ], [ 75.8192, 14.5623 ], [ 75.7949, 14.5043 ], [ 75.6357, 14.4599 ] ] ] } },
{ "type": "Feature", "properties": { "state": "Karnataka", "district": "Kodagu" }, "geometry": { "type": "Polygon", "coordinates": [ [ [ 75.9158, 12.3801 ], [ 75.995, 12.3191 ], [ 76.0179, 12.2457 ], [ 76.1277, 12.1863 ], [ 76.1831, 12.0458 ], [ 76.1228, 11.9776 ], [ 75.9982, 11.9236 ], [ 75.8659, 11.9456 ], [ 75.7997, 12.0712 ], [ 75.7171, 12.0621 ], [ 75.6351, 12.1424 ], [ 75.5768, 12.1508 ], [ 75.4827, 12.2862 ], [ 75.4191, 12.2864 ], [ 75.4214, 12.3667 ], [ 75.3722, 12.3957 ], [ 75.3659, 12.4491 ], [ 75.4225, 12.4601 ], [ 75.4339, 12.5232 ], [ 75.489, 12.455 ], [ 75.5263, 12.4925 ], [ 75.5633, 12.4815 ], [ 75.5857, 12.53 ], [ 75.6149, 12.5052 ], [ 75.6679, 12.5446 ], [ 75.64, 12.6244 ], [ 75.6699, 12.6952 ], [ 75.8807, 12.6676 ], [ 75.846, 12.7441 ], [ 75.8758, 12.8276 ], [ 75.9706, 12.7987 ], [ 75.9353, 12.7555 ], [ 75.9638, 12.7046 ], [ 75.9374, 12.6003 ], [ 75.9623, 12.5528 ], [ 75.9888, 12.5772 ], [ 76.0162, 12.5606 ], [ 75.9158, 12.3801 ] ] ] } },
{ "type": "Feature", "properties": { "state": "Karnataka", "district": "Kolar" }, "geometry": { "type": "Polygon", "coordinates": [ [ [ 78.4527, 12.8655 ], [ 78.4358, 12.9007 ], [ 78.3783, 12.8952 ], [ 78.3454, 12.9281 ], [ 78.3031, 12.8472 ], [ 78.2411, 12.8474 ], [ 78.2206, 12.7526 ], [ 78.1207, 12.77 ], [ 78.0467, 12.8424 ], [ 78.0149, 12.8459 ], [ 78.0015, 12.7954 ], [ 77.9456, 12.8493 ], [ 77.9248, 12.8137 ], [ 77.929, 12.8748 ], [ 77.8588, 12.8576 ], [ 77.8317, 12.9102 ], [ 77.8658, 12.9334 ], [ 77.884, 13.039 ], [ 77.9311, 13.0593 ], [ 77.8931, 13.09 ], [ 77.9479, 13.1154 ], [ 77.9569, 13.2344 ], [ 77.9179, 13.2295 ], [ 77.9298, 13.2619 ], [ 77.9905, 13.2959 ], [ 78.0161, 13.2721 ], [ 78.0871, 13.2977 ], [ 78.1258, 13.278 ], [ 78.1028, 13.314 ], [ 78.1414, 13.3483 ], [ 78.1165, 13.3715 ], [ 78.1938, 13.4428 ], [ 78.1785, 13.5055 ], [ 78.2085, 13.5819 ], [ 78.3908, 13.5781 ], [ 78.3552, 13.3551 ], [ 78.3974, 13.3323 ], [ 78.367, 13.32 ], [ 78.4717, 13.3079 ], [ 78.5208, 13.2556 ], [ 78.5557, 13.2994 ], [ 78.5761, 13.2671 ], [ 78.5409, 13.1873 ], [ 78.5691, 13.1565 ], [ 78.5088, 13.1196 ], [ 78.528, 13.0974 ], [ 78.5046, 13.0528 ], [ 78.4516, 13.0315 ], [ 78.4579, 12.9632 ], [ 78.4227, 12.9686 ], [ 78.4527, 12.8655 ] ] ] } },
{ "type": "Feature", "properties": { "state": "Karnataka", "district": "Koppal" }, "geometry": { "type": "Polygon", "coordinates": [ [ [ 76.3608, 15.3213 ], [ 76.2467, 15.1872 ], [ 76.2188, 15.1964 ], [ 76.2305, 15.2287 ], [ 76.1862, 15.231 ], [ 76.0923, 15.1588 ], [ 75.9495, 15.1333 ], [ 75.8894, 15.2843 ], [ 75.9029, 15.3988 ], [ 75.8654, 15.4041 ], [ 75.8102, 15.4839 ], [ 75.8597, 15.5103 ], [ 75.8679, 15.5915 ], [ 75.8989, 15.6035 ], [ 75.8851, 15.7338 ], [ 75.9078, 15.7423 ], [ 75.9445, 15.6745 ], [ 75.9723, 15.66 ], [ 76.011, 15.6602 ], [ 75.9823, 15.6875 ], [ 76.0417, 15.7161 ], [ 76.0412, 15.7606 ], [ 75.8457, 15.8347 ], [ 75.8286, 15.8962 ], [ 75.7774, 15.9144 ], [ 75.8775, 15.9295 ], [ 75.9652, 15.8551 ], [ 75.9771, 15.9841 ], [ 76.0802, 16.0069 ], [ 76.0594, 15.9015 ], [ 76.1171, 15.8816 ], [ 76.2272, 15.9359 ], [ 76.289, 15.8879 ], [ 76.3443, 15.8938 ], [ 76.3485, 15.859 ], [ 76.3734, 15.9108 ], [ 76.4492, 15.8473 ], [ 76.411, 15.7983 ], [ 76.4419, 15.7322 ], [ 76.5958, 15.6952 ], [ 76.5973, 15.6688 ], [ 76.6896, 15.6412 ], [ 76.6875, 15.5902 ], [ 76.8106, 15.5422 ], [ 76.7928, 15.4951 ], [ 76.609, 15.4372 ], [ 76.4883, 15.3381 ], [ 76.3608, 15.3213 ] ] ] } },
{ "type": "Feature", "properties": { "state": "Karnataka", "district": "Mandya" }, "geometry": { "type": "Polygon", "coordinates": [ [ [ 77.2989, 12.2913 ], [ 77.157, 12.3009 ], [ 77.1608, 12.2513 ], [ 77.098, 12.2122 ], [ 76.9911, 12.2358 ], [ 76.9689, 12.3446 ], [ 76.9157, 12.3169 ], [ 76.9119, 12.4339 ], [ 76.7635, 12.3427 ], [ 76.7502, 12.2944 ], [ 76.6789, 12.3831 ], [ 76.5617, 12.342 ], [ 76.5613, 12.4176 ], [ 76.4516, 12.4718 ], [ 76.4205, 12.5375 ], [ 76.386, 12.5461 ], [ 76.3394, 12.6496 ], [ 76.3598, 12.7005 ], [ 76.3282, 12.8043 ], [ 76.3678, 12.8034 ], [ 76.4069, 12.8597 ], [ 76.4646, 12.7956 ], [ 76.4523, 12.7736 ], [ 76.493, 12.7625 ], [ 76.4871, 12.8014 ], [ 76.5707, 12.8412 ], [ 76.6678, 13.0472 ], [ 76.7767, 13.0201 ], [ 76.8452, 12.9702 ], [ 76.8323, 12.9372 ], [ 76.883, 12.9241 ], [ 76.8575, 12.8995 ], [ 76.9178, 12.797 ], [ 77.0775, 12.7324 ], [ 77.1177, 12.4725 ], [ 77.139, 12.4536 ], [ 77.2306, 12.4909 ], [ 77.2176, 12.4669 ], [ 77.2604, 12.4567 ], [ 77.2781, 12.3835 ], [ 77.3242, 12.3446 ], [ 77.2989, 12.2913 ] ] ] } },
{ "type": "Feature", "properties": { "state": "Karnataka", "district": "Mysore" }, "geometry": { "type": "Polygon", "coordinates": [ [ [ 76.8445, 12.1704 ], [ 76.8253, 12.1207 ], [ 76.8749, 12.0763 ], [ 76.8488, 12.0525 ], [ 76.9298, 12.0075 ], [ 76.8357, 11.989 ], [ 76.8053, 12.0216 ], [ 76.7812, 11.9755 ], [ 76.7366, 12.0033 ], [ 76.7084, 11.9744 ], [ 76.6498, 12.0015 ], [ 76.6359, 11.975 ], [ 76.5705, 11.9774 ], [ 76.5474, 11.8487 ], [ 76.4833, 11.8514 ], [ 76.4542, 11.7833 ], [ 76.405, 11.8041 ], [ 76.4044, 11.7499 ], [ 76.335, 11.7306 ], [ 76.272, 11.8035 ], [ 76.2185, 11.8 ], [ 76.184, 11.8638 ], [ 76.1081, 11.8512 ], [ 76.1079, 11.9706 ], [ 76.1801, 12.028 ], [ 76.1716, 12.0944 ], [ 76.1277, 12.1863 ], [ 76.0179, 12.2457 ], [ 75.995, 12.3191 ], [ 75.9069, 12.396 ], [ 75.9704, 12.442 ], [ 75.9595, 12.4971 ], [ 75.9918, 12.5527 ], [ 76.0428, 12.5687 ], [ 76.1113, 12.506 ], [ 76.1548, 12.5696 ], [ 76.1914, 12.5694 ], [ 76.2169, 12.6361 ], [ 76.3172, 12.6033 ], [ 76.3394, 12.6496 ], [ 76.4464, 12.4766 ], [ 76.5613, 12.4176 ], [ 76.5617, 12.342 ], [ 76.6789, 12.3831 ], [ 76.7502, 12.2944 ], [ 76.7635, 12.3427 ], [ 76.9119, 12.4339 ], [ 76.9157, 12.3169 ], [ 76.9689, 12.3446 ], [ 76.9911, 12.2358 ], [ 77.1258, 12.2192 ], [ 77.0373, 12.1608 ], [ 77.0334, 12.1209 ], [ 76.9851, 12.1677 ], [ 76.9384, 12.0902 ], [ 76.8445, 12.1704 ] ] ] } },
{ "type": "Feature", "properties": { "state": "Karnataka", "district": "Raichur" }, "geometry": { "type": "Polygon", "coordinates": [ [ [ 77.0768, 15.9097 ], [ 76.8359, 15.6252 ], [ 76.8323, 15.5567 ], [ 76.772, 15.5528 ], [ 76.6875, 15.5902 ], [ 76.6896, 15.6412 ], [ 76.5973, 15.6688 ], [ 76.5958, 15.6952 ], [ 76.4419, 15.7322 ], [ 76.411, 15.7983 ], [ 76.4504, 15.8383 ], [ 76.4257, 15.8841 ], [ 76.3734, 15.9108 ], [ 76.3485, 15.859 ], [ 76.3443, 15.8938 ], [ 76.289, 15.8879 ], [ 76.2843, 15.9222 ], [ 76.3266, 15.9274 ], [ 76.2959, 15.9885 ], [ 76.3064, 16.0614 ], [ 76.2579, 16.0788 ], [ 76.3332, 16.087 ], [ 76.2541, 16.0946 ], [ 76.2399, 16.1622 ], [ 76.2803, 16.1466 ], [ 76.477, 16.2869 ], [ 76.757, 16.423 ], [ 76.8363, 16.4251 ], [ 76.8668, 16.483 ], [ 76.9671, 16.5016 ], [ 76.9798, 16.5574 ], [ 77.0111, 16.4975 ], [ 77.0555, 16.514 ], [ 77.1794, 16.4258 ], [ 77.5916, 16.3375 ], [ 77.5903, 16.2869 ], [ 77.4876, 16.2498 ], [ 77.5108, 16.2233 ], [ 77.4836, 16.1586 ], [ 77.5095, 15.9209 ], [ 77.1806, 15.9501 ], [ 77.0768, 15.9097 ] ] ] } },
{ "type": "Feature", "properties": { "state": "Karnataka", "district": "Ramanagara" }, "geometry": { "type": "Polygon", "coordinates": [ [ [ 77.5499, 12.791 ], [ 77.5593, 12.7501 ], [ 77.5736, 12.7778 ], [ 77.5906, 12.7575 ], [ 77.5549, 12.6962 ], [ 77.6086, 12.6968 ], [ 77.5701, 12.5579 ], [ 77.6064, 12.4998 ], [ 77.5754, 12.4684 ], [ 77.6252, 12.4773 ], [ 77.6038, 12.3538 ], [ 77.463, 12.2358 ], [ 77.4204, 12.2779 ], [ 77.3373, 12.2702 ], [ 77.2604, 12.4567 ], [ 77.2176, 12.4669 ], [ 77.2306, 12.4909 ], [ 77.139, 12.4536 ], [ 77.1156, 12.477 ], [ 77.1158, 12.6148 ], [ 77.0659, 12.6934 ], [ 77.0742, 12.7483 ], [ 77.1414, 12.7752 ], [ 77.1425, 12.8392 ], [ 77.1039, 12.8831 ], [ 77.1608, 12.9219 ], [ 77.1289, 12.9959 ], [ 77.0995, 12.9849 ], [ 77.1108, 13.0059 ], [ 77.0683, 13.0295 ], [ 77.0657, 13.1167 ], [ 77.1095, 13.1215 ], [ 77.1593, 13.1871 ], [ 77.2123, 13.1379 ], [ 77.2688, 13.1446 ], [ 77.2615, 13.1126 ], [ 77.3071, 13.0965 ], [ 77.3243, 13.0333 ], [ 77.3403, 12.8594 ], [ 77.4221, 12.8687 ], [ 77.4147, 12.8175 ], [ 77.473, 12.7992 ], [ 77.4685, 12.7454 ], [ 77.4975, 12.7269 ], [ 77.5499, 12.791 ] ] ] } },
{ "type": "Feature", "properties": { "state": "Karnataka", "district": "Shimoga" }, "geometry": { "type": "Polygon", "coordinates": [ [ [ 75.4146, 13.6497 ], [ 75.2771, 13.5599 ], [ 75.2201, 13.5982 ], [ 75.2243, 13.5236 ], [ 75.1178, 13.4554 ], [ 75.0502, 13.5367 ], [ 75.0605, 13.6038 ], [ 75.0186, 13.6328 ], [ 75.0003, 13.7354 ], [ 74.9352, 13.7681 ], [ 74.9165, 13.8536 ], [ 74.8701, 13.856 ], [ 74.8245, 13.9052 ], [ 74.7201, 13.9035 ], [ 74.6711, 13.981 ], [ 74.6809, 14.0347 ], [ 74.6304, 14.1616 ], [ 74.6702, 14.1842 ], [ 74.7517, 14.148 ], [ 74.7341, 14.2637 ], [ 74.8595, 14.2103 ], [ 74.8733, 14.2391 ], [ 74.8808, 14.2135 ], [ 74.9382, 14.2419 ], [ 74.9204, 14.3096 ], [ 74.9783, 14.3317 ], [ 74.944, 14.3584 ], [ 74.9514, 14.3995 ], [ 74.8807, 14.4458 ], [ 74.9242, 14.458 ], [ 74.8954, 14.4761 ], [ 74.9086, 14.5261 ], [ 74.9414, 14.5176 ], [ 74.9602, 14.5474 ], [ 74.9815, 14.5491 ], [ 74.9943, 14.4724 ], [ 75.0449, 14.4974 ], [ 75.0646, 14.5384 ], [ 75.0288, 14.5557 ], [ 75.0285, 14.5959 ], [ 75.0535, 14.6453 ], [ 75.1483, 14.6142 ], [ 75.208, 14.632 ], [ 75.1865, 14.5819 ], [ 75.2392, 14.5532 ], [ 75.2666, 14.5756 ], [ 75.298, 14.5348 ], [ 75.2713, 14.5091 ], [ 75.3248, 14.5052 ], [ 75.3448, 14.4306 ], [ 75.382, 14.4278 ], [ 75.3497, 14.3837 ], [ 75.4774, 14.313 ], [ 75.4996, 14.3394 ], [ 75.5361, 14.2729 ], [ 75.5275, 14.2002 ], [ 75.4532, 14.1997 ], [ 75.4853, 14.1699 ], [ 75.4004, 14.1103 ], [ 75.5855, 14.0529 ], [ 75.6351, 14.0742 ], [ 75.7343, 14.0565 ], [ 75.6756, 14.0185 ], [ 75.7117, 13.9107 ], [ 75.6103, 13.8391 ], [ 75.6053, 13.7563 ], [ 75.5403, 13.725 ], [ 75.4911, 13.7638 ], [ 75.4556, 13.7202 ], [ 75.3837, 13.707 ], [ 75.4146, 13.6497 ] ] ] } },
{ "type": "Feature", "properties": { "state": "Karnataka", "district": "Tumkur" }, "geometry": { "type": "MultiPolygon", "coordinates": [ [ [ [ 77.0462, 12.739 ], [ 77.0376, 12.7686 ], [ 77.0103, 12.7543 ], [ 76.9178, 12.797 ], [ 76.8575, 12.8995 ], [ 76.883, 12.9241 ], [ 76.8323, 12.9372 ], [ 76.8452, 12.9702 ], [ 76.8035, 13.0051 ], [ 76.6678, 13.0472 ], [ 76.6467, 12.9998 ], [ 76.607, 12.9993 ], [ 76.5992, 13.0662 ], [ 76.4643, 13.0842 ], [ 76.47, 13.1406 ], [ 76.3675, 13.1925 ], [ 76.3435, 13.2956 ], [ 76.3419, 13.3539 ], [ 76.3829, 13.3642 ], [ 76.4137, 13.4414 ], [ 76.3939, 13.4966 ], [ 76.4224, 13.5175 ], [ 76.3499, 13.5719 ], [ 76.4507, 13.5835 ], [ 76.6162, 13.7274 ], [ 76.6815, 13.6823 ], [ 76.6933, 13.7631 ], [ 76.7645, 13.7933 ], [ 76.7182, 13.8887 ], [ 76.8096, 13.9098 ], [ 76.8442, 13.9561 ], [ 76.8326, 14.0087 ], [ 76.8705, 14.0058 ], [ 76.9463, 14.0853 ], [ 76.9742, 14.0577 ], [ 76.9311, 14.0227 ], [ 76.9944, 13.9815 ], [ 77.0413, 13.8974 ], [ 76.9684, 13.8144 ], [ 76.9939, 13.7415 ], [ 77.0264, 13.7714 ], [ 77.06, 13.7389 ], [ 77.1666, 13.7547 ], [ 77.1622, 13.8207 ], [ 77.1239, 13.8494 ], [ 77.1625, 13.857 ], [ 77.177, 13.9174 ], [ 77.1788, 13.8598 ], [ 77.2338, 13.8949 ], [ 77.2504, 13.8395 ], [ 77.4245, 13.8351 ], [ 77.4087, 13.7993 ], [ 77.4556, 13.7998 ], [ 77.4626, 13.7436 ], [ 77.4498, 13.6758 ], [ 77.3765, 13.653 ], [ 77.3568, 13.6138 ], [ 77.3859, 13.518 ], [ 77.3429, 13.4451 ], [ 77.332, 13.3219 ], [ 77.2759, 13.2898 ], [ 77.2235, 13.3032 ], [ 77.212, 13.2554 ], [ 77.1817, 13.2642 ], [ 77.2006, 13.1803 ], [ 77.1494, 13.1837 ], [ 77.1095, 13.1215 ], [ 77.0657, 13.1167 ], [ 77.0683, 13.0295 ], [ 77.1108, 13.0059 ], [ 77.0995, 12.9849 ], [ 77.1289, 12.9959 ], [ 77.1608, 12.9219 ], [ 77.1039, 12.8831 ], [ 77.1425, 12.8392 ], [ 77.1414, 12.7752 ], [ 77.0462, 12.739 ] ] ], [ [ [ 77.3593, 14.2693 ], [ 77.3838, 14.1918 ], [ 77.4149, 14.2032 ], [ 77.3739, 14.3051 ], [ 77.4259, 14.3208 ], [ 77.4436, 14.2776 ], [ 77.4963, 14.2718 ], [ 77.5104, 14.172 ], [ 77.5004, 14.151 ], [ 77.3897, 14.1653 ], [ 77.3477, 14.1243 ], [ 77.3445, 14.096 ], [ 77.3954, 14.1034 ], [ 77.3262, 14.0229 ], [ 77.3834, 14.0074 ], [ 77.3757, 13.9691 ], [ 77.4306, 13.9688 ], [ 77.3971, 13.8805 ], [ 77.3483, 13.8965 ], [ 77.3538, 13.9823 ], [ 77.3135, 14.0248 ], [ 77.1544, 13.9906 ], [ 77.1211, 14.0422 ], [ 77.0237, 14.0533 ], [ 76.9967, 14.2252 ], [ 77.0406, 14.2408 ], [ 77.1051, 14.2133 ], [ 77.1355, 14.334 ], [ 77.232, 14.3111 ], [ 77.2811, 14.3311 ], [ 77.2796, 14.2761 ], [ 77.3593, 14.2693 ] ] ] ] } },
{ "type": "Feature", "properties": { "state": "Karnataka", "district": "Udupi" }, "geometry": { "type": "MultiPolygon", "coordinates": [ [ [ [ 74.6721, 13.1993 ], [ 74.676, 13.1915 ], [ 74.6699, 13.199 ], [ 74.6721, 13.1993 ] ] ], [ [ [ 74.6996, 13.284 ], [ 74.7012, 13.2793 ], [ 74.6993, 13.2787 ], [ 74.6996, 13.284 ] ] ], [ [ [ 74.6899, 13.3307 ], [ 74.6913, 13.3332 ], [ 74.6924, 13.3307 ], [ 74.6899, 13.3307 ] ] ], [ [ [ 74.6857, 13.3368 ], [ 74.6893, 13.3388 ], [ 74.6899, 13.3354 ], [ 74.6857, 13.3368 ] ] ], [ [ [ 74.6874, 13.3421 ], [ 74.6815, 13.3429 ], [ 74.6815, 13.3485 ], [ 74.6874, 13.3421 ] ] ], [ [ [ 74.6749, 13.3807 ], [ 74.6701, 13.3798 ], [ 74.6704, 13.3829 ], [ 74.6749, 13.3807 ] ] ], [ [ [ 74.7807, 13.0991 ], [ 74.7807, 13.0993 ], [ 74.7811, 13.0993 ], [ 74.7807, 13.0991 ] ] ], [ [ [ 74.7814, 13.0993 ], [ 74.7813, 13.0996 ], [ 74.7827, 13.0996 ], [ 74.7814, 13.0993 ] ] ], [ [ [ 74.7251, 13.2799 ], [ 74.7285, 13.2821 ], [ 74.7279, 13.2785 ], [ 74.7251, 13.2799 ] ] ], [ [ [ 74.7246, 13.2851 ], [ 74.7285, 13.2871 ], [ 74.7282, 13.286 ], [ 74.7246, 13.2851 ] ] ], [ [ [ 75.1997, 13.1741 ], [ 75.1274, 13.128 ], [ 75.0145, 12.9799 ], [ 74.9784, 13.0229 ], [ 74.9416, 13.0005 ], [ 74.9332, 13.0303 ], [ 74.8972, 13.0263 ], [ 74.8642, 13.1221 ], [ 74.7966, 13.1122 ], [ 74.7988, 13.0965 ], [ 74.7925, 13.0923 ], [ 74.7895, 13.1006 ], [ 74.7785, 13.0993 ], [ 74.7735, 13.0832 ], [ 74.6904, 13.3485 ], [ 74.7132, 13.3307 ], [ 74.7218, 13.284 ], [ 74.7251, 13.2782 ], [ 74.729, 13.2771 ], [ 74.736, 13.2896 ], [ 74.7113, 13.3418 ], [ 74.6951, 13.3476 ], [ 74.6707, 13.6337 ], [ 74.6068, 13.8665 ], [ 74.6146, 13.8512 ], [ 74.6265, 13.8479 ], [ 74.6332, 13.849 ], [ 74.5843, 13.9232 ], [ 74.6015, 13.9407 ], [ 74.6531, 13.9398 ], [ 74.6711, 13.981 ], [ 74.7201, 13.9035 ], [ 74.8245, 13.9052 ], [ 74.8701, 13.856 ], [ 74.9165, 13.8536 ], [ 74.9352, 13.7681 ], [ 75.0003, 13.7354 ], [ 75.0186, 13.6328 ], [ 75.0605, 13.6038 ], [ 75.036, 13.5694 ], [ 75.0604, 13.5186 ], [ 75.1538, 13.4506 ], [ 75.142, 13.3845 ], [ 75.0807, 13.3404 ], [ 75.1997, 13.1741 ] ] ] ] } },
{ "type": "Feature", "properties": { "state": "Karnataka", "district": "Uttara Kannada" }, "geometry": { "type": "MultiPolygon", "coordinates": [ [ [ [ 74.1201, 14.7535 ], [ 74.1079, 14.7596 ], [ 74.1113, 14.7615 ], [ 74.1201, 14.7535 ] ] ], [ [ [ 74.0888, 14.7957 ], [ 74.0874, 14.7938 ], [ 74.0863, 14.7957 ], [ 74.0888, 14.7957 ] ] ], [ [ [ 74.0565, 14.8171 ], [ 74.0546, 14.816 ], [ 74.0543, 14.8165 ], [ 74.0565, 14.8171 ] ] ], [ [ [ 74.0585, 14.8215 ], [ 74.0582, 14.819 ], [ 74.0571, 14.8196 ], [ 74.0585, 14.8215 ] ] ], [ [ [ 74.0632, 14.8213 ], [ 74.0649, 14.8193 ], [ 74.0626, 14.8196 ], [ 74.0632, 14.8213 ] ] ], [ [ [ 74.0935, 14.8385 ], [ 74.0938, 14.836 ], [ 74.0929, 14.836 ], [ 74.0935, 14.8385 ] ] ], [ [ [ 74.1004, 14.8418 ], [ 74.0993, 14.8451 ], [ 74.1021, 14.8446 ], [ 74.1004, 14.8418 ] ] ], [ [ [ 74.0957, 14.8785 ], [ 74.0951, 14.876 ], [ 74.094, 14.8765 ], [ 74.0957, 14.8785 ] ] ], [ [ [ 74.479, 14.0107 ], [ 74.4821, 14.0054 ], [ 74.4799, 14.0051 ], [ 74.479, 14.0107 ] ] ], [ [ [ 74.3257, 14.0118 ], [ 74.3304, 14.0182 ], [ 74.3276, 14.0113 ], [ 74.3257, 14.0118 ] ] ], [ [ [ 74.4018, 14.3154 ], [ 74.4046, 14.3126 ], [ 74.399, 14.3126 ], [ 74.4018, 14.3154 ] ] ], [ [ [ 74.3751, 14.5418 ], [ 74.364, 14.5526 ], [ 74.3782, 14.546 ], [ 74.3751, 14.5418 ] ] ], [ [ [ 74.2526, 14.706 ], [ 74.2551, 14.7038 ], [ 74.2515, 14.7043 ], [ 74.2526, 14.706 ] ] ], [ [ [ 74.2407, 14.7113 ], [ 74.2385, 14.7088 ], [ 74.2379, 14.7104 ], [ 74.2407, 14.7113 ] ] ], [ [ [ 74.6638, 14.0583 ], [ 74.6531, 13.9398 ], [ 74.5861, 13.9226 ], [ 74.5146, 13.9863 ], [ 74.3538, 14.5029 ], [ 74.3935, 14.5293 ], [ 74.3776, 14.5724 ], [ 74.3543, 14.5429 ], [ 74.3354, 14.5649 ], [ 74.356, 14.5221 ], [ 74.3096, 14.5207 ], [ 74.2496, 14.7396 ], [ 74.2049, 14.7179 ], [ 74.0926, 14.8032 ], [ 74.121, 14.8021 ], [ 74.1304, 14.8399 ], [ 74.1042, 14.9038 ], [ 74.1754, 14.9089 ], [ 74.1804, 14.9531 ], [ 74.2118, 14.9214 ], [ 74.3023, 15.0399 ], [ 74.2783, 15.0959 ], [ 74.3219, 15.1841 ], [ 74.2575, 15.2576 ], [ 74.3417, 15.2929 ], [ 74.2563, 15.4895 ], [ 74.2916, 15.5228 ], [ 74.4173, 15.4732 ], [ 74.4322, 15.3946 ], [ 74.5494, 15.4148 ], [ 74.6191, 15.3562 ], [ 74.6563, 15.3923 ], [ 74.7712, 15.4136 ], [ 74.9022, 15.2962 ], [ 74.9124, 15.2479 ], [ 74.8324, 15.1305 ], [ 74.8953, 15.0952 ], [ 74.8964, 15.0419 ], [ 75.0838, 15.0695 ], [ 75.0721, 15.0127 ], [ 75.1083, 14.9291 ], [ 75.0731, 14.9149 ], [ 75.0725, 14.8328 ], [ 75.0968, 14.8056 ], [ 75.0604, 14.8084 ], [ 75.0736, 14.7765 ], [ 75.0201, 14.7084 ], [ 75.0535, 14.6453 ], [ 75.0266, 14.5607 ], [ 75.0646, 14.5384 ], [ 74.9943, 14.4724 ], [ 74.9815, 14.5491 ], [ 74.9086, 14.5261 ], [ 74.8954, 14.4761 ], [ 74.9242, 14.458 ], [ 74.8807, 14.4458 ], [ 74.9514, 14.3995 ], [ 74.944, 14.3584 ], [ 74.9809, 14.32 ], [ 74.9204, 14.3096 ], [ 74.9402, 14.246 ], [ 74.885, 14.2138 ], [ 74.8767, 14.2401 ], [ 74.8595, 14.2103 ], [ 74.7341, 14.2637 ], [ 74.7517, 14.148 ], [ 74.6702, 14.1842 ], [ 74.6304, 14.1616 ], [ 74.6638, 14.0583 ] ] ], [ [ [ 74.1532, 14.7401 ], [ 74.1582, 14.7393 ], [ 74.1574, 14.7376 ], [ 74.1532, 14.7401 ] ] ] ] } },
{ "type": "Feature", "properties": { "state": "Karnataka", "district": "Yadgir" }, "geometry": { "type": "Polygon", "coordinates": [ [ [ 76.3311, 16.1907 ], [ 76.3469, 16.2709 ], [ 76.301, 16.2803 ], [ 76.2943, 16.331 ], [ 76.3326, 16.421 ], [ 76.4358, 16.4319 ], [ 76.4037, 16.645 ], [ 76.437, 16.704 ], [ 76.6019, 16.763 ], [ 76.6561, 16.7087 ], [ 76.6786, 16.7799 ], [ 76.734, 16.7551 ], [ 76.7592, 16.84 ], [ 76.8684, 16.8937 ], [ 76.9178, 16.8673 ], [ 76.9091, 16.8143 ], [ 76.9949, 16.808 ], [ 76.9783, 16.8578 ], [ 77.0385, 16.8654 ], [ 77.0173, 16.9214 ], [ 77.0626, 16.9508 ], [ 77.0906, 16.9022 ], [ 77.2396, 16.9385 ], [ 77.4576, 16.8793 ], [ 77.4711, 16.7791 ], [ 77.4375, 16.7832 ], [ 77.4234, 16.7145 ], [ 77.4668, 16.7119 ], [ 77.465, 16.6783 ], [ 77.4166, 16.6628 ], [ 77.4694, 16.6469 ], [ 77.4642, 16.5842 ], [ 77.3914, 16.5652 ], [ 77.4153, 16.5178 ], [ 77.3663, 16.4841 ], [ 77.2389, 16.4729 ], [ 77.2847, 16.403 ], [ 77.1675, 16.4312 ], [ 77.1483, 16.4719 ], [ 77.0555, 16.514 ], [ 77.0111, 16.4975 ], [ 76.9798, 16.5574 ], [ 76.9671, 16.5016 ], [ 76.8668, 16.483 ], [ 76.8453, 16.43 ], [ 76.757, 16.423 ], [ 76.3311, 16.1907 ] ] ] } },
{ "type": "Feature", "properties": { "state": "Kerala", "district": "Alappuzha" }, "geometry": { "type": "MultiPolygon", "coordinates": [ [ [ [ 76.3846, 9.6135 ], [ 76.3863, 9.6204 ], [ 76.3876, 9.6176 ], [ 76.3846, 9.6135 ] ] ], [ [ [ 76.3235, 9.8257 ], [ 76.3268, 9.8079 ], [ 76.3243, 9.8074 ], [ 76.3235, 9.8257 ] ] ], [ [ [ 76.3724, 9.8215 ], [ 76.3732, 9.8251 ], [ 76.3732, 9.8215 ], [ 76.3724, 9.8215 ] ] ], [ [ [ 76.3685, 9.8268 ], [ 76.3701, 9.824 ], [ 76.3668, 9.8268 ], [ 76.3685, 9.8268 ] ] ], [ [ [ 76.2885, 9.8474 ], [ 76.2893, 9.8443 ], [ 76.2876, 9.8446 ], [ 76.2885, 9.8474 ] ] ], [ [ [ 76.349, 9.8385 ], [ 76.3662, 9.8554 ], [ 76.3718, 9.831 ], [ 76.349, 9.8385 ] ] ], [ [ [ 76.6325, 9.1939 ], [ 76.6713, 9.1655 ], [ 76.6582, 9.1441 ], [ 76.5548, 9.1012 ], [ 76.5284, 9.1287 ], [ 76.4724, 9.1147 ], [ 76.4904, 9.1701 ], [ 76.4707, 9.1424 ], [ 76.4226, 9.2457 ], [ 76.4613, 9.1396 ], [ 76.3196, 9.4818 ], [ 76.271, 9.8201 ], [ 76.3029, 9.8474 ], [ 76.2957, 9.8899 ], [ 76.3476, 9.7118 ], [ 76.3207, 9.8713 ], [ 76.349, 9.8279 ], [ 76.3707, 9.8201 ], [ 76.3607, 9.7004 ], [ 76.3988, 9.676 ], [ 76.3543, 9.531 ], [ 76.3824, 9.5065 ], [ 76.4639, 9.5282 ], [ 76.4943, 9.4917 ], [ 76.5094, 9.3555 ], [ 76.4625, 9.3216 ], [ 76.5358, 9.3144 ], [ 76.5588, 9.3462 ], [ 76.6275, 9.3348 ], [ 76.6449, 9.2783 ], [ 76.6791, 9.2868 ], [ 76.6325, 9.1939 ] ] ], [ [ [ 76.4043, 9.5415 ], [ 76.3832, 9.5274 ], [ 76.3821, 9.5338 ], [ 76.4043, 9.5415 ] ] ], [ [ [ 76.4063, 9.5276 ], [ 76.4343, 9.5515 ], [ 76.434, 9.5285 ], [ 76.4063, 9.5276 ] ] ], [ [ [ 76.4521, 9.546 ], [ 76.4354, 9.5285 ], [ 76.436, 9.5515 ], [ 76.4521, 9.546 ] ] ], [ [ [ 76.3829, 9.5349 ], [ 76.4132, 9.5632 ], [ 76.4257, 9.5499 ], [ 76.3829, 9.5349 ] ] ] ] } },
{ "type": "Feature", "properties": { "state": "Kerala", "district": "Ernakulam" }, "geometry": { "type": "MultiPolygon", "coordinates": [ [ [ [ 76.2707, 9.8235 ], [ 76.2374, 9.9563 ], [ 76.2432, 9.969 ], [ 76.2676, 9.9321 ], [ 76.2954, 9.9179 ], [ 76.2965, 9.8929 ], [ 76.2921, 9.9085 ], [ 76.2665, 9.9124 ], [ 76.2654, 9.8968 ], [ 76.2574, 9.9157 ], [ 76.2696, 9.8663 ], [ 76.2757, 9.894 ], [ 76.2876, 9.8985 ], [ 76.2971, 9.8529 ], [ 76.2707, 9.8235 ] ] ], [ [ [ 76.2443, 9.9785 ], [ 76.2432, 9.9804 ], [ 76.2443, 9.981 ], [ 76.2443, 9.9785 ] ] ], [ [ [ 76.2532, 10.006 ], [ 76.2465, 9.9765 ], [ 76.2399, 10.014 ], [ 76.2532, 10.006 ] ] ], [ [ [ 76.2668, 10.0026 ], [ 76.2699, 9.9987 ], [ 76.2682, 9.9968 ], [ 76.2668, 10.0026 ] ] ], [ [ [ 76.2504, 10.0138 ], [ 76.2538, 10.0129 ], [ 76.2518, 10.0124 ], [ 76.2504, 10.0138 ] ] ], [ [ [ 76.2671, 10.0229 ], [ 76.2579, 10.0237 ], [ 76.266, 10.0307 ], [ 76.2671, 10.0229 ] ] ], [ [ [ 76.2596, 10.0293 ], [ 76.2593, 10.0251 ], [ 76.2582, 10.0251 ], [ 76.2596, 10.0293 ] ] ], [ [ [ 76.2482, 10.0907 ], [ 76.2379, 10.1018 ], [ 76.2465, 10.0968 ], [ 76.2482, 10.0907 ] ] ], [ [ [ 76.3842, 9.8215 ], [ 76.384, 9.8271 ], [ 76.3915, 9.8212 ], [ 76.3842, 9.8215 ] ] ], [ [ [ 76.3779, 9.8396 ], [ 76.3782, 9.8365 ], [ 76.3763, 9.8368 ], [ 76.3779, 9.8396 ] ] ], [ [ [ 76.3776, 9.8415 ], [ 76.3749, 9.8376 ], [ 76.3726, 9.8407 ], [ 76.3776, 9.8415 ] ] ], [ [ [ 76.3171, 9.9029 ], [ 76.3101, 9.8876 ], [ 76.3076, 9.9215 ], [ 76.3112, 9.9082 ], [ 76.3171, 9.9029 ] ] ], [ [ [ 76.294, 9.9257 ], [ 76.2674, 9.9393 ], [ 76.2588, 9.9707 ], [ 76.294, 9.9257 ] ] ], [ [ [ 76.2724, 9.9729 ], [ 76.2696, 9.971 ], [ 76.2688, 9.9726 ], [ 76.2724, 9.9729 ] ] ], [ [ [ 76.3929, 9.8213 ], [ 76.3546, 9.9101 ], [ 76.3246, 9.9157 ], [ 76.3432, 9.8851 ], [ 76.3187, 9.8888 ], [ 76.3215, 9.8924 ], [ 76.304, 9.9343 ], [ 76.3115, 9.9485 ], [ 76.3001, 9.9368 ], [ 76.3035, 9.9257 ], [ 76.2674, 10.0321 ], [ 76.2601, 10.0343 ], [ 76.2574, 10.0232 ], [ 76.2682, 9.9826 ], [ 76.2496, 10.0299 ], [ 76.2404, 10.071 ], [ 76.2571, 10.046 ], [ 76.2646, 10.0793 ], [ 76.2526, 10.0838 ], [ 76.2521, 10.0932 ], [ 76.2385, 10.1124 ], [ 76.2304, 10.114 ], [ 76.2312, 10.1215 ], [ 76.2257, 10.1271 ], [ 76.2393, 10.0751 ], [ 76.2057, 10.1471 ], [ 76.2104, 10.0913 ], [ 76.2301, 10.0599 ], [ 76.2196, 10.0685 ], [ 76.2387, 10.0304 ], [ 76.2304, 10.0168 ], [ 76.2371, 10.016 ], [ 76.2374, 9.9968 ], [ 76.2396, 9.9951 ], [ 76.2421, 9.9782 ], [ 76.2454, 9.9724 ], [ 76.224, 9.9771 ], [ 76.1674, 10.1807 ], [ 76.2021, 10.139 ], [ 76.1771, 10.1835 ], [ 76.2111, 10.2 ], [ 76.3038, 10.1737 ], [ 76.4066, 10.2886 ], [ 76.5676, 10.2943 ], [ 76.6771, 10.2595 ], [ 76.6312, 10.1539 ], [ 76.8273, 10.0159 ], [ 76.7714, 10.0272 ], [ 76.753, 9.9742 ], [ 76.6979, 9.9796 ], [ 76.6858, 9.9022 ], [ 76.6226, 9.9083 ], [ 76.6201, 9.8482 ], [ 76.5462, 9.7957 ], [ 76.5025, 9.8426 ], [ 76.3929, 9.8213 ] ] ] ] } },
{ "type": "Feature", "properties": { "state": "Kerala", "district": "Idukki" }, "geometry": { "type": "Polygon", "coordinates": [ [ [ 77.1946, 10.1062 ], [ 77.2614, 9.9637 ], [ 77.2044, 9.8943 ], [ 77.234, 9.7885 ], [ 77.1519, 9.606 ], [ 77.255, 9.565 ], [ 77.3043, 9.593 ], [ 77.3248, 9.5632 ], [ 77.3409, 9.5951 ], [ 77.3505, 9.5263 ], [ 77.3962, 9.4965 ], [ 77.3343, 9.4311 ], [ 77.2676, 9.2624 ], [ 77.211, 9.2872 ], [ 77.2334, 9.3723 ], [ 77.2085, 9.4238 ], [ 77.1657, 9.4617 ], [ 77.1278, 9.4519 ], [ 77.1263, 9.4807 ], [ 77.0354, 9.448 ], [ 77.0523, 9.408 ], [ 76.9253, 9.4216 ], [ 76.9704, 9.4766 ], [ 76.8754, 9.5289 ], [ 76.8803, 9.6176 ], [ 76.9225, 9.6115 ], [ 76.8738, 9.7085 ], [ 76.7699, 9.7968 ], [ 76.618, 9.8419 ], [ 76.6205, 9.9058 ], [ 76.6858, 9.9022 ], [ 76.6979, 9.9796 ], [ 76.753, 9.9742 ], [ 76.7714, 10.0272 ], [ 76.8171, 10.0058 ], [ 76.8273, 10.0159 ], [ 76.6312, 10.1539 ], [ 76.6771, 10.2595 ], [ 76.8287, 10.2762 ], [ 76.9708, 10.2087 ], [ 77.163, 10.3463 ], [ 77.2222, 10.3403 ], [ 77.2465, 10.2206 ], [ 77.2804, 10.2073 ], [ 77.2598, 10.1191 ], [ 77.1946, 10.1062 ] ] ] } },
{ "type": "Feature", "properties": { "state": "Kerala", "district": "Kannur" }, "geometry": { "type": "MultiPolygon", "coordinates": [ [ [ [ 75.3643, 11.936 ], [ 75.3665, 11.9404 ], [ 75.3674, 11.9435 ], [ 75.3671, 11.9382 ], [ 75.3643, 11.936 ] ] ], [ [ [ 75.3668, 11.9435 ], [ 75.3657, 11.9407 ], [ 75.3637, 11.9379 ], [ 75.3668, 11.9435 ] ] ], [ [ [ 75.2999, 11.9635 ], [ 75.3015, 11.9629 ], [ 75.3024, 11.9596 ], [ 75.2999, 11.9635 ] ] ], [ [ [ 75.2951, 11.9676 ], [ 75.2971, 11.9679 ], [ 75.2985, 11.9651 ], [ 75.2951, 11.9676 ] ] ], [ [ [ 75.2962, 11.9693 ], [ 75.289, 11.9749 ], [ 75.2851, 11.9871 ], [ 75.2962, 11.9693 ] ] ], [ [ [ 75.7171, 12.0621 ], [ 75.7997, 12.0712 ], [ 75.8306, 11.9746 ], [ 75.9252, 11.9329 ], [ 75.9231, 11.8371 ], [ 75.8026, 11.8488 ], [ 75.7722, 11.7919 ], [ 75.6898, 11.792 ], [ 75.5663, 11.6687 ], [ 75.4724, 11.7632 ], [ 75.4935, 11.7563 ], [ 75.5076, 11.7612 ], [ 75.4749, 11.7665 ], [ 75.5001, 11.7982 ], [ 75.4743, 11.8035 ], [ 75.4599, 11.7654 ], [ 75.4535, 11.7713 ], [ 75.4604, 11.7768 ], [ 75.4635, 11.7851 ], [ 75.4635, 11.799 ], [ 75.4601, 11.8074 ], [ 75.454, 11.7785 ], [ 75.2987, 11.9435 ], [ 75.3565, 11.9285 ], [ 75.3721, 11.9396 ], [ 75.3851, 11.9165 ], [ 75.3993, 11.9154 ], [ 75.3749, 11.9565 ], [ 75.3587, 11.9315 ], [ 75.3179, 11.9463 ], [ 75.3176, 11.9521 ], [ 75.3096, 11.9699 ], [ 75.3143, 11.9496 ], [ 75.279, 12.0021 ], [ 75.2654, 12.0071 ], [ 75.3332, 12.0101 ], [ 75.2993, 12.0157 ], [ 75.3162, 12.0463 ], [ 75.3282, 12.036 ], [ 75.3393, 12.0476 ], [ 75.3157, 12.0476 ], [ 75.3071, 12.0343 ], [ 75.3091, 12.1027 ], [ 75.3998, 12.1405 ], [ 75.2231, 12.1048 ], [ 75.2311, 12.0246 ], [ 75.2029, 12.0049 ], [ 75.1782, 12.0788 ], [ 75.1893, 12.0896 ], [ 75.1951, 12.0701 ], [ 75.2015, 12.0704 ], [ 75.2076, 12.0735 ], [ 75.2143, 12.0668 ], [ 75.2204, 12.0693 ], [ 75.189, 12.0913 ], [ 75.1726, 12.0857 ], [ 75.1974, 12.1174 ], [ 75.1722, 12.1867 ], [ 75.289, 12.23 ], [ 75.2993, 12.2634 ], [ 75.4672, 12.2954 ], [ 75.5768, 12.1508 ], [ 75.6351, 12.1424 ], [ 75.7171, 12.0621 ] ] ], [ [ [ 75.294, 12.0126 ], [ 75.2924, 12.0138 ], [ 75.2979, 12.0174 ], [ 75.294, 12.0126 ] ] ], [ [ [ 75.2957, 12.0238 ], [ 75.2974, 12.0213 ], [ 75.2954, 12.0221 ], [ 75.2957, 12.0238 ] ] ], [ [ [ 75.1926, 12.116 ], [ 75.194, 12.1135 ], [ 75.1918, 12.1138 ], [ 75.1926, 12.116 ] ] ] ] } },
{ "type": "Feature", "properties": { "state": "Kerala", "district": "Kasaragod" }, "geometry": { "type": "MultiPolygon", "coordinates": [ [ [ [ 75.1571, 12.1096 ], [ 75.1746, 12.0762 ], [ 75.1818, 12.0499 ], [ 75.1571, 12.1096 ] ] ], [ [ [ 75.1699, 12.1115 ], [ 75.1687, 12.096 ], [ 75.1607, 12.1146 ], [ 75.1699, 12.1115 ] ] ], [ [ [ 75.1621, 12.134 ], [ 75.1496, 12.1396 ], [ 75.1521, 12.1426 ], [ 75.1621, 12.134 ] ] ], [ [ [ 75.1315, 12.1838 ], [ 75.1418, 12.1643 ], [ 75.1574, 12.1102 ], [ 75.1235, 12.1918 ], [ 75.1251, 12.2049 ], [ 75.1315, 12.1838 ] ] ], [ [ [ 75.1424, 12.1707 ], [ 75.1501, 12.1468 ], [ 75.1351, 12.186 ], [ 75.1424, 12.1707 ] ] ], [ [ [ 75.1321, 12.1888 ], [ 75.1312, 12.1915 ], [ 75.134, 12.1874 ], [ 75.1321, 12.1888 ] ] ], [ [ [ 75.1296, 12.1976 ], [ 75.1315, 12.1957 ], [ 75.1293, 12.1946 ], [ 75.1296, 12.1976 ] ] ], [ [ [ 75.2709, 12.5535 ], [ 75.3556, 12.458 ], [ 75.4145, 12.4967 ], [ 75.4225, 12.4601 ], [ 75.3666, 12.4517 ], [ 75.3656, 12.407 ], [ 75.4214, 12.3667 ], [ 75.4304, 12.2995 ], [ 75.1722, 12.1867 ], [ 75.1818, 12.0951 ], [ 75.129, 12.2121 ], [ 75.1176, 12.2063 ], [ 75.0568, 12.3624 ], [ 75.0626, 12.341 ], [ 74.9735, 12.4987 ], [ 74.8665, 12.7537 ], [ 75.0053, 12.7855 ], [ 74.9848, 12.7299 ], [ 75.0497, 12.7147 ], [ 75.0478, 12.6601 ], [ 75.0831, 12.6664 ], [ 75.0861, 12.6978 ], [ 75.1506, 12.6763 ], [ 75.143, 12.6333 ], [ 75.2014, 12.6251 ], [ 75.2229, 12.5626 ], [ 75.2767, 12.6117 ], [ 75.3279, 12.5852 ], [ 75.2709, 12.5535 ] ] ] ] } },
{ "type": "Feature", "properties": { "state": "Kerala", "district": "Kollam" }, "geometry": { "type": "Polygon", "coordinates": [ [ [ 76.6417, 9.0895 ], [ 76.7555, 9.0673 ], [ 76.7692, 9.1059 ], [ 76.8215, 9.086 ], [ 76.8598, 9.1225 ], [ 76.9327, 9.1085 ], [ 76.9147, 9.1636 ], [ 77.1915, 9.062 ], [ 77.1342, 9.0 ], [ 77.247, 8.8319 ], [ 77.1978, 8.7577 ], [ 77.0275, 8.8364 ], [ 76.9961, 8.8004 ], [ 77.0121, 8.7659 ], [ 76.9178, 8.7529 ], [ 76.8853, 8.8027 ], [ 76.7685, 8.8523 ], [ 76.776, 8.8007 ], [ 76.6765, 8.7757 ], [ 76.5462, 8.9024 ], [ 76.4724, 9.1147 ], [ 76.5284, 9.1287 ], [ 76.5548, 9.1012 ], [ 76.641, 9.1418 ], [ 76.6417, 9.0895 ] ] ] } },
{ "type": "Feature", "properties": { "state": "Kerala", "district": "Kottayam" }, "geometry": { "type": "MultiPolygon", "coordinates": [ [ [ [ 76.479, 9.5371 ], [ 76.466, 9.5299 ], [ 76.4662, 9.541 ], [ 76.479, 9.5371 ] ] ], [ [ [ 76.4646, 9.5415 ], [ 76.4528, 9.5335 ], [ 76.4529, 9.5457 ], [ 76.4646, 9.5415 ] ] ], [ [ [ 76.5018, 9.3931 ], [ 76.4639, 9.5282 ], [ 76.5021, 9.531 ], [ 76.4179, 9.5596 ], [ 76.4138, 9.6968 ], [ 76.3826, 9.7035 ], [ 76.391, 9.7421 ], [ 76.3679, 9.7901 ], [ 76.3824, 9.8243 ], [ 76.45, 9.841 ], [ 76.5025, 9.8426 ], [ 76.536, 9.7926 ], [ 76.618, 9.8492 ], [ 76.8003, 9.7755 ], [ 76.9151, 9.6427 ], [ 76.9178, 9.6062 ], [ 76.8753, 9.6088 ], [ 76.8754, 9.5289 ], [ 76.9717, 9.4689 ], [ 76.9097, 9.4099 ], [ 76.8404, 9.4491 ], [ 76.7497, 9.4314 ], [ 76.7332, 9.4657 ], [ 76.6948, 9.4466 ], [ 76.6654, 9.474 ], [ 76.589, 9.4494 ], [ 76.5799, 9.4077 ], [ 76.5018, 9.3931 ] ] ], [ [ [ 76.3815, 9.7149 ], [ 76.381, 9.7168 ], [ 76.3818, 9.7171 ], [ 76.3815, 9.7149 ] ] ], [ [ [ 76.3701, 9.7565 ], [ 76.3718, 9.7579 ], [ 76.3729, 9.7513 ], [ 76.3701, 9.7565 ] ] ] ] } },
{ "type": "Feature", "properties": { "state": "Kerala", "district": "Kozhikode" }, "geometry": { "type": "MultiPolygon", "coordinates": [ [ [ [ 75.8385, 11.134 ], [ 75.8315, 11.1265 ], [ 75.8301, 11.1299 ], [ 75.8385, 11.134 ] ] ], [ [ [ 75.8112, 11.1596 ], [ 75.8104, 11.1615 ], [ 75.8115, 11.1615 ], [ 75.8112, 11.1596 ] ] ], [ [ [ 76.1343, 11.4125 ], [ 76.0942, 11.3895 ], [ 76.1086, 11.3109 ], [ 76.0384, 11.2591 ], [ 75.8958, 11.2374 ], [ 75.8539, 11.1879 ], [ 75.8833, 11.1735 ], [ 75.8599, 11.1616 ], [ 75.8249, 11.1254 ], [ 75.8015, 11.1593 ], [ 75.809, 11.1626 ], [ 75.8107, 11.1571 ], [ 75.816, 11.1599 ], [ 75.8224, 11.156 ], [ 75.8288, 11.1582 ], [ 75.829, 11.1807 ], [ 75.8021, 11.1626 ], [ 75.6826, 11.4482 ], [ 75.6174, 11.4771 ], [ 75.5299, 11.7026 ], [ 75.5695, 11.6692 ], [ 75.6898, 11.792 ], [ 75.7676, 11.7953 ], [ 75.7903, 11.7364 ], [ 75.9103, 11.6819 ], [ 75.9022, 11.5965 ], [ 76.0352, 11.4949 ], [ 76.0706, 11.5138 ], [ 76.1343, 11.4125 ] ] ] ] } },
{ "type": "Feature", "properties": { "state": "Kerala", "district": "Malappuram" }, "geometry": { "type": "Polygon", "coordinates": [ [ [ 76.0373, 10.8394 ], [ 76.0601, 10.7155 ], [ 75.9568, 10.684 ], [ 75.8251, 11.1229 ], [ 75.8613, 11.1296 ], [ 75.8751, 11.2192 ], [ 76.0384, 11.2591 ], [ 76.1086, 11.3109 ], [ 76.0989, 11.4019 ], [ 76.2251, 11.518 ], [ 76.2401, 11.4596 ], [ 76.2781, 11.4745 ], [ 76.4104, 11.4336 ], [ 76.4484, 11.3814 ], [ 76.5382, 11.3516 ], [ 76.5135, 11.262 ], [ 76.4464, 11.2305 ], [ 76.438, 11.1945 ], [ 76.4025, 11.1982 ], [ 76.404, 11.1073 ], [ 76.2782, 11.0299 ], [ 76.3617, 10.9891 ], [ 76.3211, 10.9714 ], [ 76.3239, 10.8985 ], [ 76.2619, 10.9096 ], [ 76.224, 10.8788 ], [ 76.155, 10.9067 ], [ 76.0909, 10.8346 ], [ 76.0373, 10.8394 ] ] ] } },
{ "type": "Feature", "properties": { "state": "Kerala", "district": "Palakkad" }, "geometry": { "type": "Polygon", "coordinates": [ [ [ 76.6474, 10.929 ], [ 76.8176, 10.8618 ], [ 76.8975, 10.7708 ], [ 76.8555, 10.6753 ], [ 76.8726, 10.6294 ], [ 76.805, 10.6263 ], [ 76.8297, 10.5851 ], [ 76.8227, 10.3286 ], [ 76.6191, 10.3682 ], [ 76.4244, 10.5248 ], [ 76.3939, 10.5869 ], [ 76.4608, 10.7442 ], [ 76.2427, 10.7403 ], [ 76.1831, 10.7767 ], [ 76.1616, 10.7055 ], [ 76.1163, 10.7032 ], [ 76.0401, 10.7364 ], [ 76.0189, 10.8151 ], [ 76.0909, 10.8346 ], [ 76.155, 10.9067 ], [ 76.224, 10.8788 ], [ 76.2619, 10.9096 ], [ 76.3239, 10.8985 ], [ 76.3211, 10.9714 ], [ 76.3617, 10.9891 ], [ 76.2782, 11.0299 ], [ 76.404, 11.1073 ], [ 76.4025, 11.1982 ], [ 76.623, 11.1857 ], [ 76.697, 11.2313 ], [ 76.7256, 11.2089 ], [ 76.6912, 11.1445 ], [ 76.7387, 11.1213 ], [ 76.7371, 11.0475 ], [ 76.7934, 11.047 ], [ 76.6904, 11.0175 ], [ 76.6474, 10.929 ] ] ] } },
{ "type": "Feature", "properties": { "state": "Kerala", "district": "Pathanamthitta" }, "geometry": { "type": "Polygon", "coordinates": [ [ [ 76.6299, 9.1946 ], [ 76.6791, 9.2868 ], [ 76.6411, 9.281 ], [ 76.6275, 9.3348 ], [ 76.4625, 9.3216 ], [ 76.5094, 9.3555 ], [ 76.502, 9.4006 ], [ 76.5799, 9.4077 ], [ 76.589, 9.4494 ], [ 76.6399, 9.4728 ], [ 77.0066, 9.3983 ], [ 77.0523, 9.408 ], [ 77.0393, 9.4514 ], [ 77.1263, 9.4807 ], [ 77.1278, 9.4519 ], [ 77.1657, 9.4617 ], [ 77.2085, 9.4238 ], [ 77.2334, 9.3723 ], [ 77.211, 9.2872 ], [ 77.2676, 9.2624 ], [ 77.2518, 9.143 ], [ 77.1888, 9.0605 ], [ 76.9147, 9.1636 ], [ 76.9327, 9.1085 ], [ 76.8598, 9.1225 ], [ 76.8133, 9.0857 ], [ 76.7692, 9.1059 ], [ 76.7435, 9.0656 ], [ 76.6451, 9.0863 ], [ 76.641, 9.1418 ], [ 76.6713, 9.1655 ], [ 76.6299, 9.1946 ] ] ] } },
{ "type": "Feature", "properties": { "state": "Kerala", "district": "Thiruvananthapuram" }, "geometry": { "type": "Polygon", "coordinates": [ [ [ 77.1553, 8.7376 ], [ 77.2652, 8.5374 ], [ 77.2475, 8.5014 ], [ 77.1865, 8.4934 ], [ 77.2095, 8.4377 ], [ 77.1348, 8.3785 ], [ 77.1597, 8.3125 ], [ 77.0907, 8.2975 ], [ 76.9749, 8.3851 ], [ 76.6778, 8.7834 ], [ 76.776, 8.8007 ], [ 76.7685, 8.8523 ], [ 76.8853, 8.8027 ], [ 76.9178, 8.7529 ], [ 77.0121, 8.7659 ], [ 77.0172, 8.8332 ], [ 77.0903, 8.8207 ], [ 77.183, 8.7611 ], [ 77.1553, 8.7376 ] ] ] } },
{ "type": "Feature", "properties": { "state": "Kerala", "district": "Thrissur" }, "geometry": { "type": "MultiPolygon", "coordinates": [ [ [ [ 76.3038, 10.1737 ], [ 76.1624, 10.1835 ], [ 76.0993, 10.3807 ], [ 76.034, 10.5257 ], [ 76.0526, 10.5321 ], [ 76.0524, 10.5435 ], [ 76.0635, 10.5357 ], [ 76.0676, 10.5446 ], [ 76.0415, 10.5754 ], [ 76.0482, 10.5351 ], [ 76.0318, 10.5371 ], [ 76.0362, 10.5101 ], [ 75.9571, 10.6835 ], [ 76.0615, 10.7208 ], [ 76.1544, 10.6979 ], [ 76.1941, 10.7466 ], [ 76.1831, 10.7767 ], [ 76.2427, 10.7403 ], [ 76.4608, 10.7442 ], [ 76.3939, 10.5869 ], [ 76.4244, 10.5248 ], [ 76.6191, 10.3682 ], [ 76.8268, 10.3303 ], [ 76.8197, 10.2952 ], [ 76.8643, 10.29 ], [ 76.8918, 10.2431 ], [ 76.8287, 10.2762 ], [ 76.6873, 10.2578 ], [ 76.5676, 10.2943 ], [ 76.4066, 10.2886 ], [ 76.3038, 10.1737 ] ] ], [ [ [ 76.0493, 10.5343 ], [ 76.0521, 10.5354 ], [ 76.0518, 10.534 ], [ 76.0493, 10.5343 ] ] ], [ [ [ 76.0493, 10.536 ], [ 76.0496, 10.539 ], [ 76.0512, 10.5365 ], [ 76.0493, 10.536 ] ] ] ] } },
{ "type": "Feature", "properties": { "state": "Kerala", "district": "Wayanad" }, "geometry": { "type": "Polygon", "coordinates": [ [ [ 76.1276, 11.4491 ], [ 76.0706, 11.5138 ], [ 76.0352, 11.4949 ], [ 75.9022, 11.5965 ], [ 75.9103, 11.6819 ], [ 75.8453, 11.6935 ], [ 75.7803, 11.7531 ], [ 75.8026, 11.8488 ], [ 75.9212, 11.8338 ], [ 75.9252, 11.9329 ], [ 75.9982, 11.9236 ], [ 76.1079, 11.9706 ], [ 76.1165, 11.843 ], [ 76.184, 11.8638 ], [ 76.2185, 11.8 ], [ 76.272, 11.8035 ], [ 76.335, 11.7306 ], [ 76.4108, 11.7465 ], [ 76.4248, 11.6233 ], [ 76.2979, 11.5643 ], [ 76.2597, 11.5869 ], [ 76.2257, 11.5644 ], [ 76.243, 11.5242 ], [ 76.1276, 11.4491 ] ] ] } },
{ "type": "Feature", "properties": { "state": "Lakshadweep", "district": "Lakshadweep" }, "geometry": { "type": "MultiPolygon", "coordinates": [ [ [ [ 72.2818, 10.0379 ], [ 72.2882, 10.049 ], [ 72.2901, 10.0496 ], [ 72.2818, 10.0379 ] ] ], [ [ [ 72.326, 10.1268 ], [ 72.3279, 10.1365 ], [ 72.3318, 10.1249 ], [ 72.326, 10.1268 ] ] ], [ [ [ 72.649, 10.5618 ], [ 72.6154, 10.5407 ], [ 72.6457, 10.5765 ], [ 72.649, 10.5618 ] ] ], [ [ [ 72.1682, 10.8149 ], [ 72.1688, 10.8121 ], [ 72.1651, 10.8121 ], [ 72.1682, 10.8149 ] ] ], [ [ [ 72.171, 10.8174 ], [ 72.1726, 10.8199 ], [ 72.1724, 10.8179 ], [ 72.171, 10.8174 ] ] ], [ [ [ 72.1943, 10.8707 ], [ 72.2038, 10.8688 ], [ 72.1726, 10.8199 ], [ 72.1943, 10.8707 ] ] ], [ [ [ 72.291, 10.9363 ], [ 72.2857, 10.9449 ], [ 72.2913, 10.946 ], [ 72.291, 10.9363 ] ] ], [ [ [ 72.3149, 10.9485 ], [ 72.3176, 10.9438 ], [ 72.3135, 10.9432 ], [ 72.3149, 10.9485 ] ] ], [ [ [ 72.334, 10.9557 ], [ 72.3321, 10.9585 ], [ 72.3343, 10.9582 ], [ 72.334, 10.9557 ] ] ], [ [ [ 72.1051, 11.2129 ], [ 72.1051, 11.2085 ], [ 72.1035, 11.2085 ], [ 72.1051, 11.2129 ] ] ], [ [ [ 72.1043, 11.2126 ], [ 72.1001, 11.2149 ], [ 72.1029, 11.2151 ], [ 72.1043, 11.2126 ] ] ], [ [ [ 72.186, 11.596 ], [ 72.1896, 11.5976 ], [ 72.189, 11.596 ], [ 72.186, 11.596 ] ] ], [ [ [ 73.0101, 8.2779 ], [ 73.0129, 8.2788 ], [ 73.0118, 8.2765 ], [ 73.0101, 8.2779 ] ] ], [ [ [ 73.0807, 8.3279 ], [ 73.0315, 8.2665 ], [ 73.0188, 8.2715 ], [ 73.0182, 8.2776 ], [ 73.0807, 8.3279 ] ] ], [ [ [ 73.6329, 10.0688 ], [ 73.6299, 10.0682 ], [ 73.6335, 10.0704 ], [ 73.6329, 10.0688 ] ] ], [ [ [ 73.6282, 10.0751 ], [ 73.6279, 10.0718 ], [ 73.6254, 10.0729 ], [ 73.6282, 10.0751 ] ] ], [ [ [ 73.649, 10.0707 ], [ 73.6354, 10.0721 ], [ 73.6513, 10.1043 ], [ 73.649, 10.0707 ] ] ], [ [ [ 73.6621, 10.1299 ], [ 73.6599, 10.156 ], [ 73.6651, 10.1418 ], [ 73.6621, 10.1299 ] ] ], [ [ [ 73.7026, 10.8149 ], [ 73.6729, 10.8046 ], [ 73.6601, 10.8135 ], [ 73.6785, 10.8215 ], [ 73.7026, 10.8149 ] ] ], [ [ [ 72.729, 11.1196 ], [ 72.716, 11.1251 ], [ 72.7329, 11.1354 ], [ 72.729, 11.1196 ] ] ], [ [ [ 72.7626, 11.181 ], [ 72.7779, 11.241 ], [ 72.7896, 11.2599 ], [ 72.7771, 11.2143 ], [ 72.7626, 11.181 ] ] ], [ [ [ 73.0096, 11.4851 ], [ 73.0018, 11.4915 ], [ 72.9968, 11.4954 ], [ 72.9987, 11.4979 ], [ 73.0096, 11.4851 ] ] ], [ [ [ 73.001, 11.4849 ], [ 73.0007, 11.4882 ], [ 73.0021, 11.4857 ], [ 73.001, 11.4849 ] ] ], [ [ [ 72.7165, 11.6921 ], [ 72.7149, 11.7026 ], [ 72.7135, 11.7063 ], [ 72.7168, 11.7021 ], [ 72.7165, 11.6921 ] ] ] ] } },
{ "type": "Feature", "properties": { "state": "Madhya Pradesh", "district": "Agar Malwa" }, "geometry": { "type": "Polygon", "coordinates": [ [ [ 76.1993, 23.7059 ], [ 76.2291, 23.5705 ], [ 75.8765, 23.5623 ], [ 75.8101, 23.6624 ], [ 75.8432, 23.7334 ], [ 75.8207, 23.7012 ], [ 75.6845, 23.7606 ], [ 75.6874, 23.8193 ], [ 75.7178, 23.819 ], [ 75.7291, 23.8582 ], [ 75.7023, 23.9041 ], [ 75.7771, 23.8539 ], [ 75.9318, 23.9019 ], [ 75.9809, 23.943 ], [ 75.9602, 24.0254 ], [ 76.1347, 24.0953 ], [ 76.1213, 24.1964 ], [ 76.1855, 24.3315 ], [ 76.2452, 24.1523 ], [ 76.2359, 24.0998 ], [ 76.2012, 24.1038 ], [ 76.2128, 24.0594 ], [ 76.2679, 24.0526 ], [ 76.2528, 23.9852 ], [ 76.3, 23.9662 ], [ 76.2969, 23.9014 ], [ 76.3797, 23.816 ], [ 76.4097, 23.7232 ], [ 76.1993, 23.7059 ] ] ] } },
{ "type": "Feature", "properties": { "state": "Madhya Pradesh", "district": "Alirajpur" }, "geometry": { "type": "Polygon", "coordinates": [ [ [ 74.1447, 21.9566 ], [ 74.1538, 21.9864 ], [ 74.0977, 22.0155 ], [ 74.1807, 22.0866 ], [ 74.1303, 22.0977 ], [ 74.1228, 22.2129 ], [ 74.0758, 22.2219 ], [ 74.072, 22.3602 ], [ 74.112, 22.3716 ], [ 74.1343, 22.3323 ], [ 74.1911, 22.3219 ], [ 74.2068, 22.3676 ], [ 74.2942, 22.3945 ], [ 74.2046, 22.4372 ], [ 74.1908, 22.4779 ], [ 74.1867, 22.4442 ], [ 74.1442, 22.4567 ], [ 74.123, 22.4208 ], [ 74.0781, 22.4656 ], [ 74.0853, 22.5085 ], [ 74.0371, 22.4915 ], [ 74.0446, 22.5421 ], [ 74.1533, 22.5174 ], [ 74.2782, 22.6477 ], [ 74.3811, 22.6386 ], [ 74.4728, 22.5305 ], [ 74.5101, 22.5811 ], [ 74.5973, 22.5417 ], [ 74.662, 22.6055 ], [ 74.729, 22.5836 ], [ 74.7461, 22.5611 ], [ 74.7098, 22.4797 ], [ 74.7487, 22.4367 ], [ 74.6935, 22.4158 ], [ 74.6934, 22.3673 ], [ 74.6347, 22.3646 ], [ 74.6355, 22.3126 ], [ 74.6662, 22.3062 ], [ 74.6495, 22.2746 ], [ 74.516, 22.2214 ], [ 74.4993, 22.1694 ], [ 74.5421, 22.1195 ], [ 74.4746, 22.1125 ], [ 74.5173, 22.1019 ], [ 74.5061, 22.0464 ], [ 74.3883, 22.0202 ], [ 74.2897, 21.9358 ], [ 74.2006, 21.9256 ], [ 74.1447, 21.9566 ] ] ] } },
{ "type": "Feature", "properties": { "state": "Madhya Pradesh", "district": "Anuppur" }, "geometry": { "type": "Polygon", "coordinates": [ [ [ 82.1159, 23.1038 ], [ 81.9381, 23.0778 ], [ 81.9184, 23.041 ], [ 81.9402, 22.9571 ], [ 81.8563, 22.8909 ], [ 81.7859, 22.8771 ], [ 81.6865, 22.9398 ], [ 81.6406, 23.0137 ], [ 81.5521, 23.0188 ], [ 81.6097, 23.0641 ], [ 81.5311, 23.1186 ], [ 81.5898, 23.1715 ], [ 81.5625, 23.2111 ], [ 81.5837, 23.2277 ], [ 81.6242, 23.2309 ], [ 81.6064, 23.198 ], [ 81.6428, 23.195 ], [ 81.7485, 23.2136 ], [ 81.7815, 23.2603 ], [ 81.8757, 23.2397 ], [ 81.8128, 23.3083 ], [ 81.8688, 23.2983 ], [ 81.9325, 23.385 ], [ 81.9598, 23.3691 ], [ 81.9736, 23.4176 ], [ 82.016, 23.4235 ], [ 82.0204, 23.3843 ], [ 82.0985, 23.3977 ], [ 82.1109, 23.3558 ], [ 82.1875, 23.3222 ], [ 82.1425, 23.2277 ], [ 82.1511, 23.1417 ], [ 82.1159, 23.1038 ] ] ] } },
{ "type": "Feature", "properties": { "state": "Madhya Pradesh", "district": "Ashoknagar" }, "geometry": { "type": "Polygon", "coordinates": [ [ [ 78.2165, 24.5316 ], [ 78.2696, 24.4762 ], [ 78.2589, 24.4471 ], [ 78.0869, 24.3236 ], [ 78.0876, 24.2619 ], [ 78.0246, 24.2934 ], [ 78.0021, 24.243 ], [ 77.9365, 24.2357 ], [ 77.8804, 24.2842 ], [ 77.8859, 24.3196 ], [ 77.6919, 24.307 ], [ 77.6225, 24.3311 ], [ 77.6167, 24.3551 ], [ 77.7163, 24.3927 ], [ 77.7304, 24.4336 ], [ 77.6764, 24.4052 ], [ 77.6291, 24.4323 ], [ 77.5861, 24.3787 ], [ 77.4713, 24.4374 ], [ 77.4927, 24.4737 ], [ 77.4768, 24.6369 ], [ 77.5491, 24.7413 ], [ 77.5151, 24.8361 ], [ 77.5814, 24.8935 ], [ 77.5386, 24.9062 ], [ 77.5472, 24.9354 ], [ 77.5824, 24.9677 ], [ 77.5868, 24.9308 ], [ 77.7004, 24.857 ], [ 77.7424, 24.8717 ], [ 77.8238, 25.006 ], [ 78.0018, 24.9661 ], [ 77.9677, 24.8498 ], [ 78.1869, 24.8428 ], [ 78.2239, 24.783 ], [ 78.2699, 24.6154 ], [ 78.2553, 24.5523 ], [ 78.2165, 24.5316 ] ] ] } },
{ "type": "Feature", "properties": { "state": "Madhya Pradesh", "district": "Balaghat" }, "geometry": { "type": "Polygon", "coordinates": [ [ [ 80.743, 21.758 ], [ 80.7302, 21.4721 ], [ 80.6629, 21.3373 ], [ 80.6178, 21.3192 ], [ 80.5147, 21.391 ], [ 80.4011, 21.3783 ], [ 80.4113, 21.4382 ], [ 80.3706, 21.521 ], [ 80.2521, 21.6222 ], [ 80.1882, 21.6342 ], [ 80.0636, 21.5546 ], [ 79.9936, 21.5347 ], [ 79.9364, 21.5568 ], [ 79.8923, 21.5233 ], [ 79.7326, 21.6025 ], [ 79.5761, 21.5434 ], [ 79.5366, 21.5442 ], [ 79.5058, 21.5903 ], [ 79.589, 21.6444 ], [ 79.5951, 21.7089 ], [ 79.668, 21.6955 ], [ 79.6515, 21.7347 ], [ 79.6862, 21.8003 ], [ 79.7632, 21.8075 ], [ 79.7759, 21.8634 ], [ 79.8646, 21.8997 ], [ 79.8863, 21.9295 ], [ 79.8324, 21.9399 ], [ 79.9176, 21.9716 ], [ 79.923, 22.0629 ], [ 80.0634, 22.0774 ], [ 80.0292, 22.1875 ], [ 80.082, 22.2281 ], [ 80.0762, 22.2998 ], [ 80.1082, 22.3481 ], [ 80.2294, 22.3019 ], [ 80.3187, 22.3459 ], [ 80.3347, 22.2996 ], [ 80.3904, 22.3065 ], [ 80.4115, 22.2465 ], [ 80.5, 22.2756 ], [ 80.5291, 22.2414 ], [ 80.6992, 22.2045 ], [ 80.7218, 22.2215 ], [ 80.6988, 22.2733 ], [ 80.7805, 22.3135 ], [ 80.8045, 22.3986 ], [ 80.8571, 22.3779 ], [ 80.8752, 22.3333 ], [ 80.922, 22.3311 ], [ 80.9091, 22.2788 ], [ 81.0203, 22.2706 ], [ 81.0404, 22.2406 ], [ 81.0158, 22.1327 ], [ 80.9708, 22.1147 ], [ 81.0043, 22.07 ], [ 80.9789, 22.0483 ], [ 80.9505, 22.113 ], [ 80.9061, 22.1144 ], [ 80.8458, 21.9609 ], [ 80.8184, 21.9568 ], [ 80.8412, 21.8565 ], [ 80.8112, 21.7475 ], [ 80.743, 21.758 ] ] ] } },
{ "type": "Feature", "properties": { "state": "Madhya Pradesh", "district": "Barwani" }, "geometry": { "type": "Polygon", "coordinates": [ [ [ 75.2829, 21.7441 ], [ 75.2122, 21.7115 ], [ 75.2931, 21.6378 ], [ 75.4413, 21.6783 ], [ 75.5057, 21.6166 ], [ 75.4673, 21.5189 ], [ 75.609, 21.4622 ], [ 75.5926, 21.4255 ], [ 75.6294, 21.3948 ], [ 75.5481, 21.3725 ], [ 75.3019, 21.3892 ], [ 75.2996, 21.4157 ], [ 75.2199, 21.4109 ], [ 75.123, 21.4533 ], [ 75.0577, 21.5649 ], [ 74.9019, 21.6302 ], [ 74.7931, 21.6103 ], [ 74.5906, 21.6642 ], [ 74.5118, 21.725 ], [ 74.5275, 21.9088 ], [ 74.4486, 21.9711 ], [ 74.4355, 22.031 ], [ 74.5301, 22.0515 ], [ 74.5902, 22.0227 ], [ 74.7806, 22.0793 ], [ 74.8321, 22.0623 ], [ 75.32, 22.1363 ], [ 75.3975, 22.094 ], [ 75.387, 22.0744 ], [ 75.4579, 22.065 ], [ 75.4168, 22.0602 ], [ 75.4458, 22.0269 ], [ 75.3546, 21.9833 ], [ 75.338, 21.9141 ], [ 75.2868, 21.9175 ], [ 75.311, 21.8415 ], [ 75.2787, 21.8063 ], [ 75.2829, 21.7441 ] ] ] } },
{ "type": "Feature", "properties": { "state": "Madhya Pradesh", "district": "Betul" }, "geometry": { "type": "Polygon", "coordinates": [ [ [ 78.1693, 21.4985 ], [ 77.8819, 21.3777 ], [ 77.7994, 21.4123 ], [ 77.7052, 21.3591 ], [ 77.6911, 21.3971 ], [ 77.6672, 21.3715 ], [ 77.651, 21.3934 ], [ 77.5992, 21.3925 ], [ 77.6015, 21.3653 ], [ 77.487, 21.3778 ], [ 77.4199, 21.5387 ], [ 77.6071, 21.5428 ], [ 77.571, 21.5626 ], [ 77.5422, 21.701 ], [ 77.4778, 21.7702 ], [ 77.28, 21.7613 ], [ 77.2831, 21.7242 ], [ 77.2074, 21.694 ], [ 77.1714, 21.7273 ], [ 77.0578, 21.7194 ], [ 77.0977, 21.7887 ], [ 77.1946, 21.7911 ], [ 77.1626, 21.8675 ], [ 77.2091, 21.8701 ], [ 77.2726, 21.9668 ], [ 77.3915, 21.9993 ], [ 77.3936, 22.0277 ], [ 77.4947, 22.0362 ], [ 77.4992, 22.0792 ], [ 77.4511, 22.0881 ], [ 77.4629, 22.17 ], [ 77.4127, 22.1777 ], [ 77.3529, 22.2521 ], [ 77.4397, 22.2218 ], [ 77.5433, 22.3593 ], [ 77.6464, 22.3091 ], [ 77.8525, 22.3586 ], [ 77.8714, 22.2826 ], [ 77.9358, 22.3369 ], [ 77.9838, 22.3202 ], [ 78.1809, 22.3997 ], [ 78.2746, 22.3988 ], [ 78.2782, 22.355 ], [ 78.2442, 22.3255 ], [ 78.2901, 22.2557 ], [ 78.2611, 22.2115 ], [ 78.2734, 22.0936 ], [ 78.3402, 22.1126 ], [ 78.3424, 22.057 ], [ 78.3973, 22.0073 ], [ 78.3852, 21.9286 ], [ 78.465, 21.9628 ], [ 78.5369, 21.9101 ], [ 78.5416, 21.869 ], [ 78.4647, 21.8171 ], [ 78.4938, 21.794 ], [ 78.4568, 21.7248 ], [ 78.4248, 21.7201 ], [ 78.3285, 21.5812 ], [ 78.2622, 21.5938 ], [ 78.2693, 21.5707 ], [ 78.1809, 21.5587 ], [ 78.1693, 21.4985 ] ] ] } },
{ "type": "Feature", "properties": { "state": "Madhya Pradesh", "district": "Bhind" }, "geometry": { "type": "Polygon", "coordinates": [ [ [ 79.1268, 26.4448 ], [ 79.0768, 26.3627 ], [ 79.1337, 26.345 ], [ 79.1266, 26.316 ], [ 79.037, 26.267 ], [ 79.0627, 26.2469 ], [ 79.0171, 26.2322 ], [ 79.0149, 26.1975 ], [ 78.9774, 26.1955 ], [ 79.0007, 26.155 ], [ 78.9427, 26.1391 ], [ 79.0032, 26.0818 ], [ 78.9443, 26.037 ], [ 78.9295, 25.9494 ], [ 78.8613, 25.9103 ], [ 78.777, 25.966 ], [ 78.7664, 26.0224 ], [ 78.8203, 26.0718 ], [ 78.7957, 26.0948 ], [ 78.8368, 26.1149 ], [ 78.7946, 26.1724 ], [ 78.8289, 26.2053 ], [ 78.7841, 26.2313 ], [ 78.8137, 26.2904 ], [ 78.6899, 26.2204 ], [ 78.6865, 26.1707 ], [ 78.6212, 26.1624 ], [ 78.6079, 26.2243 ], [ 78.6025, 26.2002 ], [ 78.5758, 26.2202 ], [ 78.5387, 26.1974 ], [ 78.4913, 26.2672 ], [ 78.4363, 26.2653 ], [ 78.4107, 26.3371 ], [ 78.2564, 26.3433 ], [ 78.2815, 26.4443 ], [ 78.2483, 26.4487 ], [ 78.2041, 26.5264 ], [ 78.2603, 26.5409 ], [ 78.2928, 26.5968 ], [ 78.3304, 26.5506 ], [ 78.373, 26.6093 ], [ 78.4109, 26.5951 ], [ 78.4544, 26.6772 ], [ 78.5211, 26.6815 ], [ 78.5061, 26.7267 ], [ 78.535, 26.7717 ], [ 78.602, 26.7561 ], [ 78.7153, 26.8002 ], [ 78.8114, 26.7655 ], [ 78.8649, 26.7047 ], [ 78.9481, 26.6967 ], [ 78.9379, 26.6627 ], [ 78.9973, 26.681 ], [ 78.9796, 26.5741 ], [ 79.0609, 26.5033 ], [ 79.0485, 26.4561 ], [ 79.1268, 26.4448 ] ] ] } },
{ "type": "Feature", "properties": { "state": "Madhya Pradesh", "district": "Bhopal" }, "geometry": { "type": "Polygon", "coordinates": [ [ [ 77.5046, 23.58 ], [ 77.5066, 23.4184 ], [ 77.5545, 23.4277 ], [ 77.5788, 23.3572 ], [ 77.6252, 23.3522 ], [ 77.5802, 23.2886 ], [ 77.596, 23.2329 ], [ 77.5636, 23.1483 ], [ 77.4499, 23.0963 ], [ 77.2826, 23.1058 ], [ 77.2171, 23.2307 ], [ 77.1857, 23.238 ], [ 77.2196, 23.3005 ], [ 77.1754, 23.3261 ], [ 77.1913, 23.3656 ], [ 77.2233, 23.3321 ], [ 77.2579, 23.3883 ], [ 77.2409, 23.4132 ], [ 77.2942, 23.4356 ], [ 77.2941, 23.5862 ], [ 77.1654, 23.6931 ], [ 77.2232, 23.9002 ], [ 77.3702, 23.8883 ], [ 77.4529, 23.7693 ], [ 77.5695, 23.7728 ], [ 77.6451, 23.7222 ], [ 77.6295, 23.6684 ], [ 77.5688, 23.6534 ], [ 77.5531, 23.6019 ], [ 77.5046, 23.58 ] ] ] } },
{ "type": "Feature", "properties": { "state": "Madhya Pradesh", "district": "Burhanpur" }, "geometry": { "type": "Polygon", "coordinates": [ [ [ 75.9538, 21.547 ], [ 76.1278, 21.5961 ], [ 76.1774, 21.5432 ], [ 76.2896, 21.5961 ], [ 76.354, 21.5683 ], [ 76.4179, 21.6001 ], [ 76.5108, 21.5636 ], [ 76.7428, 21.5786 ], [ 76.7802, 21.5625 ], [ 76.7629, 21.5226 ], [ 76.7918, 21.4899 ], [ 76.6245, 21.3351 ], [ 76.6611, 21.2824 ], [ 76.6234, 21.1927 ], [ 76.4874, 21.1961 ], [ 76.4527, 21.1149 ], [ 76.3764, 21.0773 ], [ 76.1726, 21.0846 ], [ 76.114, 21.1646 ], [ 76.1727, 21.1883 ], [ 76.1069, 21.3602 ], [ 75.9916, 21.3761 ], [ 76.0088, 21.4793 ], [ 75.9483, 21.4833 ], [ 75.9538, 21.547 ] ] ] } },
{ "type": "Feature", "properties": { "state": "Madhya Pradesh", "district": "Chhatarpur" }, "geometry": { "type": "Polygon", "coordinates": [ [ [ 79.8936, 24.6984 ], [ 79.8375, 24.5984 ], [ 79.8954, 24.5771 ], [ 79.8657, 24.5632 ], [ 79.8762, 24.3782 ], [ 79.8523, 24.3539 ], [ 79.7474, 24.4186 ], [ 79.6196, 24.3796 ], [ 79.6143, 24.4226 ], [ 79.5639, 24.4496 ], [ 79.5393, 24.4265 ], [ 79.5554, 24.3922 ], [ 79.4333, 24.416 ], [ 79.3884, 24.3898 ], [ 79.3813, 24.2169 ], [ 79.2965, 24.1869 ], [ 79.3205, 24.1494 ], [ 79.2484, 24.1527 ], [ 79.133, 24.1027 ], [ 79.0669, 24.1356 ], [ 79.0404, 24.2219 ], [ 79.0608, 24.2668 ], [ 79.1334, 24.2572 ], [ 79.1782, 24.3207 ], [ 79.1341, 24.3732 ], [ 79.1441, 24.4092 ], [ 79.2094, 24.3353 ], [ 79.2462, 24.3744 ], [ 79.2374, 24.4151 ], [ 79.1609, 24.4341 ], [ 79.0034, 24.3742 ], [ 78.983, 24.4549 ], [ 79.0597, 24.6275 ], [ 79.186, 24.6168 ], [ 79.2124, 24.6658 ], [ 79.2965, 24.6891 ], [ 79.3007, 24.81 ], [ 79.3419, 24.9052 ], [ 79.3372, 25.0807 ], [ 79.2736, 25.2481 ], [ 79.347, 25.2142 ], [ 79.3401, 25.2728 ], [ 79.2595, 25.2714 ], [ 79.2947, 25.3402 ], [ 79.3459, 25.333 ], [ 79.3308, 25.294 ], [ 79.3583, 25.2635 ], [ 79.3674, 25.2943 ], [ 79.4153, 25.2592 ], [ 79.4574, 25.2839 ], [ 79.4904, 25.2703 ], [ 79.4592, 25.2695 ], [ 79.4427, 25.2126 ], [ 79.3839, 25.1703 ], [ 79.3932, 25.1161 ], [ 79.4684, 25.1345 ], [ 79.4605, 25.0963 ], [ 79.4899, 25.0828 ], [ 79.5655, 25.1776 ], [ 79.5979, 25.1314 ], [ 79.7456, 25.1439 ], [ 79.8409, 25.0964 ], [ 79.8722, 25.1485 ], [ 79.8471, 25.2402 ], [ 79.9967, 25.2687 ], [ 80.0207, 25.3432 ], [ 80.1233, 25.3384 ], [ 80.1939, 25.4162 ], [ 80.2737, 25.425 ], [ 80.3091, 25.3918 ], [ 80.304, 25.2889 ], [ 80.3991, 25.243 ], [ 80.4226, 25.1722 ], [ 80.3513, 25.1449 ], [ 80.2669, 25.0302 ], [ 80.1422, 24.9405 ], [ 80.0274, 24.926 ], [ 80.0784, 24.8134 ], [ 79.9522, 24.6607 ], [ 79.8936, 24.6984 ] ] ] } },
{ "type": "Feature", "properties": { "state": "Madhya Pradesh", "district": "Chhindwara" }, "geometry": { "type": "Polygon", "coordinates": [ [ [ 78.3417, 21.6122 ], [ 78.4568, 21.7248 ], [ 78.4938, 21.794 ], [ 78.4647, 21.8171 ], [ 78.5416, 21.869 ], [ 78.5369, 21.9101 ], [ 78.465, 21.9628 ], [ 78.3852, 21.9286 ], [ 78.3973, 22.0073 ], [ 78.3424, 22.057 ], [ 78.3402, 22.1126 ], [ 78.2734, 22.0936 ], [ 78.2611, 22.2115 ], [ 78.2901, 22.2557 ], [ 78.2442, 22.3255 ], [ 78.2782, 22.355 ], [ 78.2726, 22.4122 ], [ 78.3747, 22.422 ], [ 78.4561, 22.3825 ], [ 78.5561, 22.4258 ], [ 78.5093, 22.4826 ], [ 78.5431, 22.5348 ], [ 78.4949, 22.5986 ], [ 78.5175, 22.6671 ], [ 78.6058, 22.6531 ], [ 78.6743, 22.7022 ], [ 78.6812, 22.6593 ], [ 78.7546, 22.6242 ], [ 78.843, 22.687 ], [ 78.9884, 22.6208 ], [ 79.0112, 22.7421 ], [ 79.2234, 22.8176 ], [ 79.2928, 22.6204 ], [ 79.3681, 22.5983 ], [ 79.3151, 22.5412 ], [ 79.339, 22.4878 ], [ 79.1937, 22.4501 ], [ 79.2187, 22.4258 ], [ 79.2602, 22.4555 ], [ 79.3292, 22.445 ], [ 79.2793, 22.3773 ], [ 79.3381, 22.3864 ], [ 79.3479, 22.3515 ], [ 79.281, 22.3165 ], [ 79.3577, 22.2654 ], [ 79.3604, 22.2229 ], [ 79.3198, 22.2263 ], [ 79.4027, 22.0419 ], [ 79.2716, 21.836 ], [ 79.2799, 21.7795 ], [ 79.2237, 21.7563 ], [ 79.2269, 21.6576 ], [ 79.1478, 21.6605 ], [ 79.0881, 21.5992 ], [ 78.9748, 21.6176 ], [ 78.9132, 21.5924 ], [ 78.9318, 21.4874 ], [ 78.7846, 21.4891 ], [ 78.7722, 21.4671 ], [ 78.7465, 21.4939 ], [ 78.7242, 21.4644 ], [ 78.5086, 21.5284 ], [ 78.4301, 21.5018 ], [ 78.4226, 21.6019 ], [ 78.3757, 21.6175 ], [ 78.3547, 21.5769 ], [ 78.3417, 21.6122 ] ] ] } },
{ "type": "Feature", "properties": { "state": "Madhya Pradesh", "district": "Damoh" }, "geometry": { "type": "Polygon", "coordinates": [ [ [ 79.8153, 23.7393 ], [ 79.8269, 23.6959 ], [ 79.9455, 23.6676 ], [ 79.9471, 23.6231 ], [ 79.7316, 23.4353 ], [ 79.6663, 23.3379 ], [ 79.328, 23.1504 ], [ 79.3001, 23.235 ], [ 79.2641, 23.2164 ], [ 79.2253, 23.2533 ], [ 79.2206, 23.2274 ], [ 79.1699, 23.2234 ], [ 79.2299, 23.342 ], [ 79.1845, 23.3709 ], [ 79.1764, 23.4341 ], [ 79.3232, 23.5259 ], [ 79.2946, 23.6411 ], [ 79.3294, 23.6329 ], [ 79.3454, 23.6604 ], [ 79.2802, 23.6935 ], [ 79.2853, 23.7481 ], [ 79.2151, 23.788 ], [ 79.2434, 23.8291 ], [ 79.1448, 23.8511 ], [ 79.0879, 23.922 ], [ 79.0504, 23.9254 ], [ 79.0916, 23.9577 ], [ 79.0774, 23.9773 ], [ 79.1814, 24.0164 ], [ 79.1534, 24.1248 ], [ 79.316, 24.1473 ], [ 79.2965, 24.1869 ], [ 79.3725, 24.2025 ], [ 79.3896, 24.3915 ], [ 79.4333, 24.416 ], [ 79.5554, 24.3922 ], [ 79.5393, 24.4265 ], [ 79.5639, 24.4496 ], [ 79.6531, 24.3734 ], [ 79.7474, 24.4186 ], [ 79.8148, 24.3501 ], [ 79.7973, 24.3207 ], [ 79.8505, 24.305 ], [ 79.8066, 24.2874 ], [ 79.8353, 24.2198 ], [ 79.7309, 24.0649 ], [ 79.8343, 24.0279 ], [ 79.8499, 23.9954 ], [ 79.8318, 23.9366 ], [ 79.8635, 23.9056 ], [ 79.8644, 23.8206 ], [ 79.8153, 23.7393 ] ] ] } },
{ "type": "Feature", "properties": { "state": "Madhya Pradesh", "district": "Datia" }, "geometry": { "type": "Polygon", "coordinates": [ [ [ 78.6181, 25.587 ], [ 78.5812, 25.5643 ], [ 78.4863, 25.5822 ], [ 78.4492, 25.5527 ], [ 78.4604, 25.5897 ], [ 78.3905, 25.5757 ], [ 78.3685, 25.6661 ], [ 78.3008, 25.7098 ], [ 78.2085, 25.7079 ], [ 78.3178, 25.8328 ], [ 78.3827, 25.8409 ], [ 78.4593, 25.9099 ], [ 78.4775, 25.9669 ], [ 78.6388, 26.0676 ], [ 78.6002, 26.1047 ], [ 78.6044, 26.1352 ], [ 78.6438, 26.1304 ], [ 78.6253, 26.1694 ], [ 78.6865, 26.1707 ], [ 78.6899, 26.2204 ], [ 78.8137, 26.2904 ], [ 78.7841, 26.2313 ], [ 78.8289, 26.2053 ], [ 78.7946, 26.1724 ], [ 78.8368, 26.1149 ], [ 78.7957, 26.0948 ], [ 78.8203, 26.0718 ], [ 78.7664, 26.0224 ], [ 78.777, 25.966 ], [ 78.8764, 25.9157 ], [ 78.8827, 25.8703 ], [ 78.8466, 25.8605 ], [ 78.8619, 25.7992 ], [ 78.8112, 25.8301 ], [ 78.8205, 25.7994 ], [ 78.7468, 25.7491 ], [ 78.8113, 25.6745 ], [ 78.8052, 25.6246 ], [ 78.6486, 25.5656 ], [ 78.6181, 25.587 ] ] ] } },
{ "type": "Feature", "properties": { "state": "Madhya Pradesh", "district": "Dewas" }, "geometry": { "type": "Polygon", "coordinates": [ [ [ 76.4438, 22.9916 ], [ 76.5665, 22.7642 ], [ 76.6397, 22.809 ], [ 76.7003, 22.7967 ], [ 76.6906, 22.8249 ], [ 76.7665, 22.8207 ], [ 76.875, 22.8959 ], [ 76.9148, 22.8733 ], [ 76.9029, 22.8366 ], [ 76.9186, 22.8316 ], [ 76.9221, 22.8774 ], [ 76.9809, 22.8832 ], [ 77.0266, 22.6937 ], [ 77.0851, 22.6569 ], [ 77.1203, 22.5627 ], [ 77.0674, 22.5153 ], [ 76.8983, 22.4899 ], [ 76.787, 22.4319 ], [ 76.7416, 22.3004 ], [ 76.6786, 22.309 ], [ 76.6035, 22.4113 ], [ 76.5085, 22.4183 ], [ 76.4444, 22.3887 ], [ 76.4466, 22.3503 ], [ 76.2519, 22.2957 ], [ 76.2051, 22.3571 ], [ 76.2368, 22.3957 ], [ 76.1042, 22.4738 ], [ 76.1054, 22.563 ], [ 76.0631, 22.5876 ], [ 76.1432, 22.5933 ], [ 76.1661, 22.6062 ], [ 76.1508, 22.6351 ], [ 76.1876, 22.643 ], [ 76.1873, 22.5997 ], [ 76.2439, 22.6468 ], [ 76.2246, 22.6784 ], [ 76.188, 22.6657 ], [ 76.1816, 22.6971 ], [ 76.1021, 22.7046 ], [ 75.9651, 22.948 ], [ 75.8997, 22.9994 ], [ 75.9024, 23.0291 ], [ 75.9625, 23.0291 ], [ 75.9904, 23.0819 ], [ 75.9322, 23.1383 ], [ 75.9472, 23.3234 ], [ 75.9906, 23.2839 ], [ 75.969, 23.2526 ], [ 75.9983, 23.2506 ], [ 76.0754, 23.0526 ], [ 76.1065, 23.0839 ], [ 76.0463, 23.1465 ], [ 76.0493, 23.1829 ], [ 76.0699, 23.1657 ], [ 76.1383, 23.196 ], [ 76.048, 23.2065 ], [ 76.0709, 23.2409 ], [ 76.2452, 23.2166 ], [ 76.357, 23.2341 ], [ 76.5064, 23.1826 ], [ 76.5358, 23.1324 ], [ 76.4933, 23.11 ], [ 76.5136, 23.0765 ], [ 76.4469, 23.0906 ], [ 76.4677, 23.0034 ], [ 76.4438, 22.9916 ] ] ] } },
{ "type": "Feature", "properties": { "state": "Madhya Pradesh", "district": "Dhar" }, "geometry": { "type": "Polygon", "coordinates": [ [ [ 74.496, 22.0654 ], [ 74.5173, 22.1019 ], [ 74.4746, 22.1125 ], [ 74.5421, 22.1195 ], [ 74.4993, 22.1694 ], [ 74.516, 22.2214 ], [ 74.6495, 22.2746 ], [ 74.6662, 22.3062 ], [ 74.6355, 22.3126 ], [ 74.6347, 22.3646 ], [ 74.6934, 22.3673 ], [ 74.6935, 22.4158 ], [ 74.7487, 22.4367 ], [ 74.7098, 22.4797 ], [ 74.7328, 22.5548 ], [ 74.7842, 22.5814 ], [ 74.7979, 22.6598 ], [ 74.7665, 22.7498 ], [ 74.8968, 22.7504 ], [ 74.9871, 22.8684 ], [ 75.0098, 23.1138 ], [ 75.2324, 23.0904 ], [ 75.2415, 23.1391 ], [ 75.3019, 23.1322 ], [ 75.3496, 23.0723 ], [ 75.3045, 23.0455 ], [ 75.332, 22.8419 ], [ 75.441, 22.8716 ], [ 75.4372, 22.7764 ], [ 75.481, 22.7726 ], [ 75.5153, 22.7101 ], [ 75.4958, 22.6476 ], [ 75.582, 22.6621 ], [ 75.6941, 22.6303 ], [ 75.7058, 22.6647 ], [ 75.7139, 22.6223 ], [ 75.6783, 22.5838 ], [ 75.5965, 22.5703 ], [ 75.5982, 22.5263 ], [ 75.5566, 22.5132 ], [ 75.5591, 22.3778 ], [ 75.5055, 22.3721 ], [ 75.492, 22.3306 ], [ 75.5337, 22.2677 ], [ 75.505, 22.1604 ], [ 74.8321, 22.0623 ], [ 74.7806, 22.0793 ], [ 74.5902, 22.0227 ], [ 74.496, 22.0654 ] ] ] } },
{ "type": "Feature", "properties": { "state": "Madhya Pradesh", "district": "Dindori" }, "geometry": { "type": "Polygon", "coordinates": [ [ [ 81.2331, 22.4551 ], [ 81.1707, 22.488 ], [ 81.1049, 22.4328 ], [ 81.115, 22.3032 ], [ 81.0847, 22.2467 ], [ 80.8985, 22.2918 ], [ 80.9248, 22.3274 ], [ 80.874, 22.3348 ], [ 80.9067, 22.3914 ], [ 80.8634, 22.4367 ], [ 80.9685, 22.5212 ], [ 80.9288, 22.5855 ], [ 80.9993, 22.6374 ], [ 80.9504, 22.6393 ], [ 80.9175, 22.6822 ], [ 80.9339, 22.7455 ], [ 80.8634, 22.7593 ], [ 80.8647, 22.85 ], [ 80.7247, 22.8141 ], [ 80.7265, 22.8594 ], [ 80.6478, 22.839 ], [ 80.5665, 22.8703 ], [ 80.5791, 22.9621 ], [ 80.5182, 23.0806 ], [ 80.5741, 23.1396 ], [ 80.4729, 23.2002 ], [ 80.5758, 23.2867 ], [ 80.5669, 23.354 ], [ 80.6944, 23.3731 ], [ 80.7498, 23.3461 ], [ 80.71, 23.2825 ], [ 80.7555, 23.2215 ], [ 80.801, 23.2547 ], [ 80.8553, 23.2237 ], [ 80.9304, 23.2908 ], [ 81.0263, 23.2086 ], [ 81.1176, 23.2178 ], [ 81.2563, 23.071 ], [ 81.1972, 23.0019 ], [ 81.1964, 22.9105 ], [ 81.399, 22.8514 ], [ 81.4688, 22.7597 ], [ 81.6849, 22.7791 ], [ 81.687, 22.7134 ], [ 81.7318, 22.6891 ], [ 81.6565, 22.632 ], [ 81.6158, 22.539 ], [ 81.5191, 22.54 ], [ 81.3966, 22.4413 ], [ 81.3787, 22.5053 ], [ 81.3229, 22.5243 ], [ 81.304, 22.4818 ], [ 81.2755, 22.4994 ], [ 81.2331, 22.4551 ] ] ] } },
{ "type": "Feature", "properties": { "state": "Madhya Pradesh", "district": "East Nimar" }, "geometry": { "type": "Polygon", "coordinates": [ [ [ 76.7428, 21.5786 ], [ 76.5108, 21.5636 ], [ 76.4179, 21.6001 ], [ 76.3326, 21.5696 ], [ 76.2896, 21.5961 ], [ 76.1774, 21.5432 ], [ 76.1278, 21.5961 ], [ 76.0788, 21.5746 ], [ 76.0736, 21.6638 ], [ 76.1744, 21.6887 ], [ 76.1544, 21.7344 ], [ 76.1025, 21.7406 ], [ 76.1262, 21.7556 ], [ 76.096, 21.7717 ], [ 76.103, 21.8501 ], [ 76.1702, 21.8881 ], [ 76.161, 22.0357 ], [ 76.2337, 22.0777 ], [ 76.1832, 22.1247 ], [ 76.1425, 22.1003 ], [ 76.156, 22.0632 ], [ 76.1059, 22.0568 ], [ 76.1037, 22.0931 ], [ 76.1454, 22.1126 ], [ 76.1262, 22.1675 ], [ 76.1634, 22.2072 ], [ 76.0774, 22.1893 ], [ 76.0296, 22.2233 ], [ 76.1664, 22.2626 ], [ 76.2122, 22.3326 ], [ 76.301, 22.2979 ], [ 76.4466, 22.3503 ], [ 76.4444, 22.3887 ], [ 76.5085, 22.4183 ], [ 76.6035, 22.4113 ], [ 76.6837, 22.3052 ], [ 76.7416, 22.3004 ], [ 76.7797, 22.3505 ], [ 76.892, 22.3025 ], [ 76.8419, 22.261 ], [ 76.8256, 22.1645 ], [ 76.8663, 22.1383 ], [ 76.8404, 22.062 ], [ 76.8781, 21.9944 ], [ 76.9031, 22.0148 ], [ 77.1513, 21.9868 ], [ 77.2187, 21.9171 ], [ 77.2091, 21.8701 ], [ 77.16, 21.8592 ], [ 77.1946, 21.7911 ], [ 77.0977, 21.7887 ], [ 77.0595, 21.7094 ], [ 76.9011, 21.6008 ], [ 76.7953, 21.5975 ], [ 76.7625, 21.5565 ], [ 76.7428, 21.5786 ] ] ] } },
{ "type": "Feature", "properties": { "state": "Madhya Pradesh", "district": "Guna" }, "geometry": { "type": "Polygon", "coordinates": [ [ [ 77.4768, 24.6369 ], [ 77.4713, 24.4374 ], [ 77.5024, 24.4106 ], [ 77.5861, 24.3787 ], [ 77.6291, 24.4323 ], [ 77.6764, 24.4052 ], [ 77.7304, 24.4336 ], [ 77.7163, 24.3927 ], [ 77.6167, 24.3551 ], [ 77.6437, 24.3197 ], [ 77.5353, 24.2504 ], [ 77.487, 24.2809 ], [ 77.4292, 24.2464 ], [ 77.3944, 24.2837 ], [ 77.4041, 24.332 ], [ 77.3533, 24.3516 ], [ 77.3188, 24.2984 ], [ 77.3397, 24.1874 ], [ 77.2983, 24.1709 ], [ 77.2936, 24.0929 ], [ 77.2555, 24.0605 ], [ 77.3072, 24.0162 ], [ 77.2922, 23.935 ], [ 77.3153, 23.8896 ], [ 77.182, 23.9024 ], [ 77.1597, 23.953 ], [ 77.1781, 24.0869 ], [ 77.0248, 24.0869 ], [ 76.9645, 24.0558 ], [ 76.8815, 24.1215 ], [ 76.9444, 24.2063 ], [ 76.8402, 24.3387 ], [ 76.8513, 24.4691 ], [ 76.8146, 24.5344 ], [ 76.9129, 24.5436 ], [ 76.9146, 24.4877 ], [ 76.9653, 24.4609 ], [ 77.0647, 24.5699 ], [ 77.0267, 24.7109 ], [ 76.9517, 24.7655 ], [ 76.8473, 24.7504 ], [ 76.8016, 24.8198 ], [ 76.9489, 24.8729 ], [ 76.8912, 24.9197 ], [ 76.8543, 25.0103 ], [ 76.9837, 25.0776 ], [ 77.0772, 25.058 ], [ 77.1696, 25.1137 ], [ 77.2756, 25.1121 ], [ 77.3673, 24.929 ], [ 77.4156, 24.9502 ], [ 77.4748, 24.8791 ], [ 77.5573, 24.876 ], [ 77.5151, 24.8361 ], [ 77.5475, 24.727 ], [ 77.4768, 24.6369 ] ] ] } },
{ "type": "Feature", "properties": { "state": "Madhya Pradesh", "district": "Gwalior" }, "geometry": { "type": "Polygon", "coordinates": [ [ [ 78.3794, 25.8396 ], [ 78.3245, 25.8376 ], [ 78.3145, 25.7995 ], [ 78.1516, 25.7242 ], [ 78.0351, 25.7187 ], [ 77.9913, 25.7709 ], [ 77.8718, 25.7437 ], [ 77.8587, 25.812 ], [ 77.6962, 25.8859 ], [ 77.6622, 25.977 ], [ 77.7226, 26.0552 ], [ 77.7689, 26.0596 ], [ 77.7369, 26.169 ], [ 77.8077, 26.2609 ], [ 77.8561, 26.22 ], [ 77.9042, 26.2588 ], [ 77.9861, 26.2501 ], [ 77.9972, 26.3296 ], [ 78.1376, 26.3469 ], [ 78.2214, 26.3105 ], [ 78.2771, 26.3521 ], [ 78.3894, 26.3423 ], [ 78.4363, 26.2653 ], [ 78.4913, 26.2672 ], [ 78.5387, 26.1974 ], [ 78.5758, 26.2202 ], [ 78.6025, 26.2002 ], [ 78.6079, 26.2243 ], [ 78.6438, 26.1304 ], [ 78.6044, 26.1352 ], [ 78.6002, 26.1047 ], [ 78.6388, 26.0676 ], [ 78.4775, 25.9669 ], [ 78.4631, 25.9137 ], [ 78.3794, 25.8396 ] ] ] } },
{ "type": "Feature", "properties": { "state": "Madhya Pradesh", "district": "Harda" }, "geometry": { "type": "Polygon", "coordinates": [ [ [ 77.3529, 22.2521 ], [ 77.4127, 22.1777 ], [ 77.4629, 22.17 ], [ 77.4511, 22.0881 ], [ 77.4992, 22.0792 ], [ 77.4947, 22.0362 ], [ 77.3936, 22.0277 ], [ 77.3915, 21.9993 ], [ 77.2726, 21.9668 ], [ 77.2159, 21.9079 ], [ 77.1338, 21.9956 ], [ 76.9976, 21.9842 ], [ 76.9031, 22.0148 ], [ 76.8836, 21.9877 ], [ 76.8404, 22.062 ], [ 76.8663, 22.1383 ], [ 76.8256, 22.1645 ], [ 76.8419, 22.261 ], [ 76.892, 22.3025 ], [ 76.7797, 22.3505 ], [ 76.787, 22.4319 ], [ 76.8983, 22.4899 ], [ 77.0674, 22.5153 ], [ 77.1763, 22.5846 ], [ 77.2622, 22.5453 ], [ 77.241, 22.5291 ], [ 77.274, 22.5044 ], [ 77.2721, 22.4466 ], [ 77.3005, 22.4402 ], [ 77.307, 22.3571 ], [ 77.3482, 22.3228 ], [ 77.3529, 22.2521 ] ] ] } },
{ "type": "Feature", "properties": { "state": "Madhya Pradesh", "district": "Hoshangabad" }, "geometry": { "type": "Polygon", "coordinates": [ [ [ 77.8525, 22.3586 ], [ 77.6464, 22.3091 ], [ 77.5433, 22.3593 ], [ 77.4453, 22.2258 ], [ 77.382, 22.2293 ], [ 77.2422, 22.5254 ], [ 77.2622, 22.5453 ], [ 77.2037, 22.5719 ], [ 77.2583, 22.6119 ], [ 77.3207, 22.5664 ], [ 77.3593, 22.6136 ], [ 77.5677, 22.6727 ], [ 77.615, 22.7453 ], [ 77.73, 22.7582 ], [ 77.8405, 22.8654 ], [ 77.8658, 22.823 ], [ 77.9208, 22.8488 ], [ 77.9163, 22.7629 ], [ 77.9611, 22.8196 ], [ 78.111, 22.7948 ], [ 78.1934, 22.8946 ], [ 78.2755, 22.8717 ], [ 78.437, 22.9883 ], [ 78.4632, 22.9616 ], [ 78.5662, 22.9587 ], [ 78.5846, 22.8188 ], [ 78.6322, 22.8005 ], [ 78.6274, 22.7629 ], [ 78.6916, 22.7667 ], [ 78.688, 22.7105 ], [ 78.6093, 22.6548 ], [ 78.5005, 22.6528 ], [ 78.4957, 22.5955 ], [ 78.5431, 22.5348 ], [ 78.5093, 22.4826 ], [ 78.5569, 22.4308 ], [ 78.4776, 22.387 ], [ 78.3161, 22.4271 ], [ 77.9838, 22.3202 ], [ 77.9358, 22.3369 ], [ 77.8714, 22.2826 ], [ 77.8525, 22.3586 ] ] ] } },
{ "type": "Feature", "properties": { "state": "Madhya Pradesh", "district": "Indore" }, "geometry": { "type": "Polygon", "coordinates": [ [ [ 75.5536, 22.3896 ], [ 75.5581, 22.5168 ], [ 75.5982, 22.5263 ], [ 75.5965, 22.5703 ], [ 75.6543, 22.5717 ], [ 75.7139, 22.6223 ], [ 75.7058, 22.6647 ], [ 75.6941, 22.6303 ], [ 75.582, 22.6621 ], [ 75.4958, 22.6476 ], [ 75.5201, 22.6674 ], [ 75.5089, 22.7341 ], [ 75.4251, 22.8126 ], [ 75.4402, 22.9107 ], [ 75.4788, 22.9335 ], [ 75.4555, 22.9448 ], [ 75.4757, 23.0066 ], [ 75.5668, 23.0894 ], [ 75.6254, 23.0907 ], [ 75.6187, 23.0566 ], [ 75.6417, 23.0093 ], [ 75.8726, 23.0417 ], [ 75.9651, 22.948 ], [ 76.1021, 22.7046 ], [ 76.1816, 22.6971 ], [ 76.188, 22.6657 ], [ 76.2246, 22.6784 ], [ 76.2439, 22.6468 ], [ 76.1873, 22.5997 ], [ 76.1876, 22.643 ], [ 76.1508, 22.6351 ], [ 76.1661, 22.6062 ], [ 76.1432, 22.5933 ], [ 76.0641, 22.5893 ], [ 76.1054, 22.563 ], [ 76.0781, 22.5288 ], [ 76.03, 22.5319 ], [ 76.0575, 22.4592 ], [ 76.0078, 22.4224 ], [ 75.9534, 22.4367 ], [ 75.8662, 22.3813 ], [ 75.827, 22.4083 ], [ 75.6523, 22.3356 ], [ 75.5536, 22.3896 ] ] ] } },
{ "type": "Feature", "properties": { "state": "Madhya Pradesh", "district": "Jabalpur" }, "geometry": { "type": "Polygon", "coordinates": [ [ [ 80.5372, 23.3921 ], [ 80.5758, 23.2867 ], [ 80.4729, 23.2002 ], [ 80.5741, 23.1396 ], [ 80.5207, 23.0815 ], [ 80.4014, 23.1746 ], [ 80.3028, 23.0987 ], [ 80.2704, 23.1487 ], [ 80.1811, 23.1307 ], [ 80.1804, 23.0249 ], [ 80.0964, 23.0799 ], [ 79.99, 23.0291 ], [ 80.0052, 22.9755 ], [ 79.9459, 22.9471 ], [ 79.9573, 22.8547 ], [ 79.8935, 22.865 ], [ 79.8426, 22.8327 ], [ 79.8104, 22.8704 ], [ 79.7562, 22.8482 ], [ 79.7424, 22.9197 ], [ 79.6222, 22.9476 ], [ 79.6328, 22.98 ], [ 79.5853, 23.0242 ], [ 79.609, 23.1051 ], [ 79.5656, 23.1337 ], [ 79.5048, 23.1422 ], [ 79.4502, 23.0973 ], [ 79.3451, 23.1081 ], [ 79.3656, 23.1671 ], [ 79.4851, 23.26 ], [ 79.6663, 23.3379 ], [ 79.7316, 23.4353 ], [ 79.7949, 23.4679 ], [ 79.8173, 23.4352 ], [ 79.8376, 23.4481 ], [ 79.8665, 23.3663 ], [ 79.93, 23.4041 ], [ 79.97, 23.3492 ], [ 80.064, 23.3493 ], [ 80.1011, 23.3197 ], [ 80.1187, 23.3423 ], [ 80.1623, 23.3029 ], [ 80.1928, 23.3371 ], [ 80.2615, 23.3217 ], [ 80.2859, 23.3629 ], [ 80.3198, 23.3049 ], [ 80.3615, 23.309 ], [ 80.4847, 23.3927 ], [ 80.5372, 23.3921 ] ] ] } },
{ "type": "Feature", "properties": { "state": "Madhya Pradesh", "district": "Jhabua" }, "geometry": { "type": "Polygon", "coordinates": [ [ [ 74.3842, 22.6436 ], [ 74.4789, 22.8586 ], [ 74.4515, 22.924 ], [ 74.4004, 22.8994 ], [ 74.362, 22.9331 ], [ 74.3416, 22.9647 ], [ 74.3708, 22.9801 ], [ 74.3228, 23.0627 ], [ 74.3912, 23.112 ], [ 74.5123, 23.0888 ], [ 74.7526, 23.2392 ], [ 74.7939, 23.2378 ], [ 74.7684, 23.1791 ], [ 74.803, 23.1697 ], [ 74.781, 23.1546 ], [ 74.8039, 23.1376 ], [ 74.9219, 23.1625 ], [ 74.993, 23.1402 ], [ 75.0144, 23.0465 ], [ 74.9871, 22.8684 ], [ 74.8968, 22.7504 ], [ 74.7684, 22.7527 ], [ 74.7979, 22.6598 ], [ 74.7792, 22.5751 ], [ 74.7461, 22.5611 ], [ 74.662, 22.6055 ], [ 74.6028, 22.5424 ], [ 74.5101, 22.5811 ], [ 74.4728, 22.5305 ], [ 74.3842, 22.6436 ] ] ] } },
{ "type": "Feature", "properties": { "state": "Madhya Pradesh", "district": "Katni" }, "geometry": { "type": "Polygon", "coordinates": [ [ [ 79.7956, 23.4687 ], [ 79.9471, 23.6231 ], [ 79.9297, 23.6809 ], [ 79.8212, 23.7003 ], [ 79.8232, 23.77 ], [ 79.8592, 23.8321 ], [ 79.9347, 23.8323 ], [ 80.0142, 23.9834 ], [ 80.0944, 23.9869 ], [ 80.1429, 23.9438 ], [ 80.1679, 24.0038 ], [ 80.1991, 23.9987 ], [ 80.2208, 23.9536 ], [ 80.319, 23.9145 ], [ 80.3554, 23.9735 ], [ 80.5122, 24.02 ], [ 80.5278, 24.0717 ], [ 80.5415, 24.0361 ], [ 80.6234, 24.0813 ], [ 80.6438, 24.052 ], [ 80.6341, 24.0913 ], [ 80.6745, 24.0805 ], [ 80.6704, 24.1124 ], [ 80.7233, 24.1371 ], [ 80.7026, 24.0766 ], [ 80.7951, 24.0675 ], [ 80.7977, 24.0433 ], [ 80.7508, 24.0322 ], [ 80.7801, 23.9729 ], [ 80.8631, 24.0834 ], [ 80.9506, 24.0692 ], [ 80.828, 23.956 ], [ 80.9058, 23.7891 ], [ 80.8967, 23.6845 ], [ 80.8142, 23.6718 ], [ 80.7029, 23.7634 ], [ 80.6152, 23.595 ], [ 80.5438, 23.5458 ], [ 80.5563, 23.4526 ], [ 80.5173, 23.3804 ], [ 80.4787, 23.3921 ], [ 80.453, 23.3486 ], [ 80.3892, 23.35 ], [ 80.3615, 23.309 ], [ 80.3198, 23.3049 ], [ 80.2859, 23.3629 ], [ 80.2615, 23.3217 ], [ 80.1928, 23.3371 ], [ 80.1623, 23.3029 ], [ 80.1187, 23.3423 ], [ 80.1011, 23.3197 ], [ 80.064, 23.3493 ], [ 79.97, 23.3492 ], [ 79.93, 23.4041 ], [ 79.8665, 23.3663 ], [ 79.8376, 23.4481 ], [ 79.8173, 23.4352 ], [ 79.7956, 23.4687 ] ] ] } },
{ "type": "Feature", "properties": { "state": "Madhya Pradesh", "district": "Mandla" }, "geometry": { "type": "MultiPolygon", "coordinates": [ [ [ [ 80.8728, 22.3365 ], [ 80.8852, 22.3497 ], [ 80.874, 22.3348 ], [ 80.8728, 22.3365 ] ] ], [ [ [ 80.8718, 22.358 ], [ 80.7895, 22.3965 ], [ 80.7805, 22.3135 ], [ 80.6971, 22.2698 ], [ 80.7218, 22.2215 ], [ 80.6992, 22.2045 ], [ 80.5291, 22.2414 ], [ 80.5, 22.2756 ], [ 80.4115, 22.2465 ], [ 80.3904, 22.3065 ], [ 80.3347, 22.2996 ], [ 80.3187, 22.3459 ], [ 80.2294, 22.3019 ], [ 80.1496, 22.3502 ], [ 80.076, 22.3492 ], [ 80.0868, 22.4251 ], [ 80.0195, 22.5052 ], [ 80.0254, 22.5442 ], [ 79.9474, 22.5586 ], [ 80.1063, 22.6288 ], [ 80.1922, 22.608 ], [ 80.2335, 22.7182 ], [ 80.2841, 22.7273 ], [ 80.262, 22.7961 ], [ 80.0653, 22.7594 ], [ 79.975, 22.8333 ], [ 79.9459, 22.9471 ], [ 80.0052, 22.9755 ], [ 79.9889, 23.0281 ], [ 80.0964, 23.0799 ], [ 80.1804, 23.0249 ], [ 80.1811, 23.1307 ], [ 80.2704, 23.1487 ], [ 80.3028, 23.0987 ], [ 80.4014, 23.1746 ], [ 80.5042, 23.1091 ], [ 80.5523, 23.0322 ], [ 80.5683, 22.8687 ], [ 80.6644, 22.8379 ], [ 80.7265, 22.8594 ], [ 80.7247, 22.8141 ], [ 80.8647, 22.85 ], [ 80.8634, 22.7593 ], [ 80.9339, 22.7455 ], [ 80.9175, 22.6822 ], [ 80.9504, 22.6393 ], [ 80.9993, 22.6374 ], [ 80.9288, 22.5855 ], [ 80.9685, 22.5212 ], [ 80.8634, 22.4367 ], [ 80.9067, 22.3914 ], [ 80.8718, 22.358 ] ] ] ] } },
{ "type": "Feature", "properties": { "state": "Madhya Pradesh", "district": "Mandsaur" }, "geometry": { "type": "Polygon", "coordinates": [ [ [ 75.3317, 23.8424 ], [ 75.2576, 23.8238 ], [ 75.2336, 23.8652 ], [ 75.1919, 23.8298 ], [ 75.1188, 23.8511 ], [ 75.0917, 23.8178 ], [ 75.0503, 23.8267 ], [ 75.0367, 23.7854 ], [ 75.0083, 23.8162 ], [ 74.9463, 23.7639 ], [ 74.9103, 23.8008 ], [ 74.9213, 23.9357 ], [ 74.993, 24.0297 ], [ 74.8802, 24.2165 ], [ 74.9619, 24.3025 ], [ 74.959, 24.3551 ], [ 75.0225, 24.3951 ], [ 75.0528, 24.3775 ], [ 75.0406, 24.3454 ], [ 75.1133, 24.3832 ], [ 75.2129, 24.3318 ], [ 75.4225, 24.3518 ], [ 75.59, 24.5413 ], [ 75.5723, 24.635 ], [ 75.6095, 24.654 ], [ 75.5485, 24.7156 ], [ 75.634, 24.6912 ], [ 75.7418, 24.7604 ], [ 75.8055, 24.7563 ], [ 75.842, 24.7175 ], [ 75.8354, 24.5976 ], [ 75.8741, 24.6071 ], [ 75.925, 24.5383 ], [ 75.8926, 24.5215 ], [ 75.8986, 24.4416 ], [ 75.829, 24.4225 ], [ 75.7911, 24.4752 ], [ 75.7269, 24.4053 ], [ 75.7379, 24.348 ], [ 75.8112, 24.3034 ], [ 75.8269, 24.2464 ], [ 75.7735, 24.2209 ], [ 75.7435, 24.1396 ], [ 75.8358, 24.1114 ], [ 75.8338, 24.0754 ], [ 75.7796, 24.0621 ], [ 75.762, 23.998 ], [ 75.7004, 23.9691 ], [ 75.6692, 24.0335 ], [ 75.5838, 23.9919 ], [ 75.5144, 24.0487 ], [ 75.4556, 23.9171 ], [ 75.3715, 23.8732 ], [ 75.3433, 23.809 ], [ 75.3317, 23.8424 ] ] ] } },
{ "type": "Feature", "properties": { "state": "Madhya Pradesh", "district": "Morena" }, "geometry": { "type": "Polygon", "coordinates": [ [ [ 77.5793, 26.0184 ], [ 77.3772, 26.1591 ], [ 77.2686, 26.1299 ], [ 77.2272, 26.0854 ], [ 77.1094, 26.2251 ], [ 77.2031, 26.2374 ], [ 77.3603, 26.3695 ], [ 77.4324, 26.365 ], [ 77.4277, 26.4069 ], [ 77.5229, 26.4149 ], [ 77.6677, 26.5083 ], [ 77.813, 26.5548 ], [ 77.8204, 26.5998 ], [ 77.8794, 26.6203 ], [ 77.8946, 26.6622 ], [ 77.9922, 26.7026 ], [ 78.0857, 26.6831 ], [ 78.1161, 26.7546 ], [ 78.0954, 26.7894 ], [ 78.1798, 26.7936 ], [ 78.1676, 26.832 ], [ 78.2609, 26.8209 ], [ 78.2821, 26.8641 ], [ 78.3514, 26.8744 ], [ 78.3897, 26.8249 ], [ 78.535, 26.7717 ], [ 78.5061, 26.7267 ], [ 78.5211, 26.6815 ], [ 78.4544, 26.6772 ], [ 78.4109, 26.5951 ], [ 78.373, 26.6093 ], [ 78.3304, 26.5506 ], [ 78.2928, 26.5968 ], [ 78.2603, 26.5409 ], [ 78.2074, 26.5345 ], [ 78.2871, 26.4203 ], [ 78.2515, 26.3191 ], [ 78.2003, 26.3105 ], [ 78.1376, 26.3469 ], [ 77.9972, 26.3296 ], [ 77.9861, 26.2501 ], [ 77.9042, 26.2588 ], [ 77.8561, 26.22 ], [ 77.8077, 26.2609 ], [ 77.7369, 26.169 ], [ 77.7689, 26.0596 ], [ 77.7226, 26.0552 ], [ 77.6653, 25.9849 ], [ 77.6701, 25.9215 ], [ 77.5421, 25.9085 ], [ 77.5312, 25.9459 ], [ 77.6406, 25.9696 ], [ 77.6416, 26.0142 ], [ 77.6076, 26.0355 ], [ 77.6613, 26.0751 ], [ 77.6558, 26.1048 ], [ 77.5977, 26.0764 ], [ 77.5793, 26.0184 ] ] ] } },
{ "type": "Feature", "properties": { "state": "Madhya Pradesh", "district": "Narsimhapur" }, "geometry": { "type": "Polygon", "coordinates": [ [ [ 79.2928, 22.6204 ], [ 79.2234, 22.8176 ], [ 79.0112, 22.7421 ], [ 78.991, 22.6216 ], [ 78.843, 22.687 ], [ 78.7359, 22.6265 ], [ 78.6779, 22.666 ], [ 78.6886, 22.773 ], [ 78.6305, 22.7614 ], [ 78.6322, 22.8005 ], [ 78.5846, 22.8188 ], [ 78.5662, 22.9587 ], [ 78.4632, 22.9616 ], [ 78.437, 22.9883 ], [ 78.7206, 23.0477 ], [ 78.7906, 23.0952 ], [ 78.817, 23.2546 ], [ 78.9751, 23.201 ], [ 79.1013, 23.2086 ], [ 79.1086, 23.1725 ], [ 79.2357, 23.2529 ], [ 79.2641, 23.2164 ], [ 79.3017, 23.2334 ], [ 79.3238, 23.1503 ], [ 79.3656, 23.1671 ], [ 79.3451, 23.1081 ], [ 79.4502, 23.0973 ], [ 79.5048, 23.1422 ], [ 79.5656, 23.1337 ], [ 79.609, 23.1051 ], [ 79.5853, 23.0242 ], [ 79.6336, 22.9747 ], [ 79.5775, 22.9443 ], [ 79.6188, 22.8758 ], [ 79.5381, 22.82 ], [ 79.5076, 22.7222 ], [ 79.4069, 22.7244 ], [ 79.3731, 22.659 ], [ 79.2928, 22.6204 ] ] ] } },
{ "type": "Feature", "properties": { "state": "Madhya Pradesh", "district": "Neemuch" }, "geometry": { "type": "Polygon", "coordinates": [ [ [ 75.1085, 24.3774 ], [ 75.0406, 24.3454 ], [ 75.0323, 24.3924 ], [ 74.9733, 24.3698 ], [ 74.9619, 24.3025 ], [ 74.9041, 24.2459 ], [ 74.8697, 24.2807 ], [ 74.7528, 24.2827 ], [ 74.8582, 24.4555 ], [ 74.7119, 24.5109 ], [ 74.8171, 24.6717 ], [ 74.7753, 24.6877 ], [ 74.7993, 24.7956 ], [ 74.8929, 24.6553 ], [ 74.9429, 24.6604 ], [ 74.9999, 24.7085 ], [ 74.9934, 24.7527 ], [ 75.0202, 24.7528 ], [ 75.0071, 24.7961 ], [ 74.8586, 24.8131 ], [ 74.8489, 24.7927 ], [ 74.8263, 24.9522 ], [ 74.8532, 24.9747 ], [ 74.9201, 24.8918 ], [ 75.0434, 24.8592 ], [ 75.1189, 24.889 ], [ 75.1157, 24.9654 ], [ 75.1644, 24.9917 ], [ 75.1591, 25.0455 ], [ 75.3496, 25.0417 ], [ 75.3189, 25.0065 ], [ 75.3375, 24.9631 ], [ 75.3139, 24.9004 ], [ 75.2759, 24.9767 ], [ 75.2931, 24.9232 ], [ 75.2615, 24.8897 ], [ 75.3113, 24.8695 ], [ 75.4242, 24.8928 ], [ 75.4171, 24.8639 ], [ 75.3057, 24.8133 ], [ 75.2789, 24.8535 ], [ 75.2274, 24.8591 ], [ 75.2499, 24.8957 ], [ 75.2082, 24.91 ], [ 75.2013, 24.8842 ], [ 75.2515, 24.8322 ], [ 75.1869, 24.7603 ], [ 75.2169, 24.7224 ], [ 75.4519, 24.6932 ], [ 75.5485, 24.7156 ], [ 75.6095, 24.654 ], [ 75.5723, 24.635 ], [ 75.59, 24.5413 ], [ 75.4225, 24.3518 ], [ 75.2129, 24.3318 ], [ 75.1085, 24.3774 ] ] ] } },
{ "type": "Feature", "properties": { "state": "Madhya Pradesh", "district": "Panna" }, "geometry": { "type": "Polygon", "coordinates": [ [ [ 79.7924, 24.3773 ], [ 79.8481, 24.3533 ], [ 79.8762, 24.3782 ], [ 79.8604, 24.5111 ], [ 79.8694, 24.5746 ], [ 79.8954, 24.5771 ], [ 79.837, 24.601 ], [ 79.8809, 24.6897 ], [ 79.9522, 24.6607 ], [ 80.0853, 24.8276 ], [ 80.0274, 24.926 ], [ 80.1422, 24.9405 ], [ 80.2669, 25.0302 ], [ 80.3822, 25.0097 ], [ 80.3658, 25.0578 ], [ 80.4099, 25.0767 ], [ 80.5404, 25.0358 ], [ 80.5422, 25.0067 ], [ 80.4655, 24.9764 ], [ 80.4755, 24.8574 ], [ 80.5156, 24.9203 ], [ 80.6264, 24.8691 ], [ 80.4678, 24.7603 ], [ 80.4046, 24.7781 ], [ 80.3983, 24.715 ], [ 80.3606, 24.6945 ], [ 80.4141, 24.6134 ], [ 80.4645, 24.6147 ], [ 80.4173, 24.4453 ], [ 80.4545, 24.4393 ], [ 80.4644, 24.3798 ], [ 80.5712, 24.3029 ], [ 80.566, 24.2479 ], [ 80.6146, 24.1872 ], [ 80.6245, 24.2013 ], [ 80.6696, 24.1961 ], [ 80.5039, 24.0804 ], [ 80.4387, 24.0949 ], [ 80.4364, 24.0383 ], [ 80.3802, 24.0446 ], [ 80.3224, 23.9149 ], [ 80.2208, 23.9536 ], [ 80.1991, 23.9987 ], [ 80.1679, 24.0038 ], [ 80.1429, 23.9438 ], [ 80.0464, 23.9963 ], [ 80.008, 23.9792 ], [ 79.964, 23.8657 ], [ 79.895, 23.8226 ], [ 79.8507, 23.8477 ], [ 79.8383, 24.0253 ], [ 79.7309, 24.0649 ], [ 79.8365, 24.2243 ], [ 79.8012, 24.273 ], [ 79.8515, 24.3024 ], [ 79.7973, 24.3207 ], [ 79.7924, 24.3773 ] ] ] } },
{ "type": "Feature", "properties": { "state": "Madhya Pradesh", "district": "Raisen" }, "geometry": { "type": "Polygon", "coordinates": [ [ [ 78.0904, 22.7979 ], [ 78.0244, 22.806 ], [ 78.0045, 22.8607 ], [ 78.0292, 22.9111 ], [ 78.0054, 22.933 ], [ 77.9441, 22.9055 ], [ 77.9602, 22.9646 ], [ 77.6955, 22.8865 ], [ 77.6683, 22.8582 ], [ 77.6879, 22.8375 ], [ 77.6249, 22.8341 ], [ 77.5571, 22.8783 ], [ 77.5316, 22.8539 ], [ 77.5232, 22.8956 ], [ 77.4286, 22.9122 ], [ 77.4269, 22.9613 ], [ 77.3629, 23.0011 ], [ 77.3574, 23.0602 ], [ 77.3794, 23.0931 ], [ 77.5636, 23.1483 ], [ 77.596, 23.2329 ], [ 77.5802, 23.2886 ], [ 77.6238, 23.3377 ], [ 77.554, 23.3822 ], [ 77.5545, 23.4277 ], [ 77.4879, 23.4311 ], [ 77.5125, 23.5181 ], [ 77.621, 23.4678 ], [ 77.6473, 23.4851 ], [ 77.6244, 23.5505 ], [ 77.6679, 23.5219 ], [ 77.7301, 23.5385 ], [ 77.8106, 23.4626 ], [ 77.9103, 23.4562 ], [ 77.9558, 23.3762 ], [ 78.0172, 23.3488 ], [ 78.052, 23.3879 ], [ 77.9891, 23.4187 ], [ 77.9957, 23.4701 ], [ 78.0807, 23.4541 ], [ 78.1433, 23.4786 ], [ 78.1288, 23.5203 ], [ 78.2162, 23.5326 ], [ 78.2714, 23.6145 ], [ 78.2847, 23.7026 ], [ 78.4046, 23.6422 ], [ 78.4071, 23.7349 ], [ 78.3405, 23.6835 ], [ 78.3947, 23.7463 ], [ 78.4277, 23.7485 ], [ 78.4632, 23.647 ], [ 78.5078, 23.6612 ], [ 78.4981, 23.5357 ], [ 78.5315, 23.5652 ], [ 78.6336, 23.5514 ], [ 78.7272, 23.5845 ], [ 78.7294, 23.5348 ], [ 78.5943, 23.4266 ], [ 78.636, 23.3499 ], [ 78.7129, 23.3548 ], [ 78.7644, 23.2981 ], [ 78.7513, 23.2516 ], [ 78.8033, 23.2374 ], [ 78.7906, 23.0952 ], [ 78.7206, 23.0477 ], [ 78.4582, 23.0075 ], [ 78.2755, 22.8717 ], [ 78.1934, 22.8946 ], [ 78.0904, 22.7979 ] ] ] } },
{ "type": "Feature", "properties": { "state": "Madhya Pradesh", "district": "Rajgarh" }, "geometry": { "type": "Polygon", "coordinates": [ [ [ 77.2232, 23.9002 ], [ 77.1358, 23.6505 ], [ 77.1462, 23.5781 ], [ 77.0481, 23.4846 ], [ 76.9713, 23.5092 ], [ 76.9352, 23.4759 ], [ 76.8923, 23.5265 ], [ 76.794, 23.4598 ], [ 76.7593, 23.5007 ], [ 76.6923, 23.4909 ], [ 76.6568, 23.5032 ], [ 76.6537, 23.5429 ], [ 76.5278, 23.5765 ], [ 76.4843, 23.5157 ], [ 76.4357, 23.55 ], [ 76.4372, 23.6072 ], [ 76.4616, 23.5984 ], [ 76.4007, 23.6784 ], [ 76.3815, 23.8129 ], [ 76.2969, 23.9014 ], [ 76.3, 23.9662 ], [ 76.2528, 23.9852 ], [ 76.2679, 24.0526 ], [ 76.2128, 24.0594 ], [ 76.2012, 24.1038 ], [ 76.2359, 24.0998 ], [ 76.2452, 24.1523 ], [ 76.2156, 24.2168 ], [ 76.2828, 24.2157 ], [ 76.3269, 24.2536 ], [ 76.4144, 24.2074 ], [ 76.4699, 24.2314 ], [ 76.5314, 24.1635 ], [ 76.5797, 24.1807 ], [ 76.588, 24.2496 ], [ 76.693, 24.285 ], [ 76.6742, 24.1934 ], [ 76.7689, 24.1647 ], [ 76.7972, 24.1218 ], [ 76.8733, 24.1398 ], [ 76.9645, 24.0558 ], [ 77.0248, 24.0869 ], [ 77.1781, 24.0869 ], [ 77.1603, 23.9498 ], [ 77.182, 23.9024 ], [ 77.2232, 23.9002 ] ] ] } },
{ "type": "Feature", "properties": { "state": "Madhya Pradesh", "district": "Ratlam" }, "geometry": { "type": "Polygon", "coordinates": [ [ [ 75.2258, 23.2145 ], [ 75.2324, 23.0904 ], [ 74.9924, 23.1122 ], [ 74.9909, 23.1421 ], [ 74.9267, 23.1621 ], [ 74.8039, 23.1376 ], [ 74.781, 23.1546 ], [ 74.803, 23.1697 ], [ 74.7684, 23.1791 ], [ 74.7923, 23.2408 ], [ 74.6996, 23.2203 ], [ 74.7222, 23.2425 ], [ 74.7011, 23.2721 ], [ 74.5535, 23.2825 ], [ 74.5183, 23.3287 ], [ 74.6134, 23.4614 ], [ 74.8454, 23.5542 ], [ 74.9397, 23.6304 ], [ 74.9076, 23.6828 ], [ 74.9705, 23.7974 ], [ 75.0142, 23.8166 ], [ 75.0367, 23.7854 ], [ 75.0503, 23.8267 ], [ 75.0917, 23.8178 ], [ 75.1188, 23.8511 ], [ 75.1919, 23.8298 ], [ 75.2336, 23.8652 ], [ 75.2576, 23.8238 ], [ 75.2988, 23.8556 ], [ 75.3317, 23.8424 ], [ 75.3349, 23.8067 ], [ 75.3715, 23.8732 ], [ 75.4565, 23.9207 ], [ 75.5606, 23.86 ], [ 75.5825, 23.8004 ], [ 75.6744, 23.7845 ], [ 75.6859, 23.7185 ], [ 75.6431, 23.7138 ], [ 75.6176, 23.6639 ], [ 75.519, 23.6679 ], [ 75.5039, 23.5307 ], [ 75.3972, 23.6054 ], [ 75.3323, 23.5967 ], [ 75.3351, 23.6319 ], [ 75.2358, 23.5182 ], [ 75.1859, 23.5265 ], [ 75.1342, 23.4084 ], [ 75.2009, 23.3299 ], [ 75.3264, 23.296 ], [ 75.2626, 23.2718 ], [ 75.2825, 23.2227 ], [ 75.2258, 23.2145 ] ] ] } },
{ "type": "Feature", "properties": { "state": "Madhya Pradesh", "district": "Rewa" }, "geometry": { "type": "Polygon", "coordinates": [ [ [ 81.6487, 24.4805 ], [ 81.2643, 24.3249 ], [ 81.2834, 24.3992 ], [ 81.2173, 24.4935 ], [ 81.1317, 24.5146 ], [ 81.1752, 24.7019 ], [ 81.0389, 24.8012 ], [ 81.1614, 24.9585 ], [ 81.2126, 24.9345 ], [ 81.2017, 24.9957 ], [ 81.2616, 25.0685 ], [ 81.2691, 25.1677 ], [ 81.3064, 25.166 ], [ 81.3147, 25.1163 ], [ 81.33, 25.1725 ], [ 81.3912, 25.1231 ], [ 81.4302, 25.1336 ], [ 81.4383, 25.1104 ], [ 81.4008, 25.1078 ], [ 81.4837, 25.0749 ], [ 81.5076, 25.1068 ], [ 81.4718, 25.135 ], [ 81.53, 25.1633 ], [ 81.5078, 25.185 ], [ 81.5772, 25.1913 ], [ 81.619, 25.1597 ], [ 81.6012, 25.1002 ], [ 81.6168, 25.1226 ], [ 81.632, 25.1033 ], [ 81.6043, 25.0607 ], [ 81.6587, 25.0797 ], [ 81.6819, 25.0438 ], [ 81.7892, 25.0101 ], [ 81.8985, 25.0096 ], [ 81.8964, 24.8925 ], [ 81.9572, 24.8321 ], [ 82.0049, 24.8507 ], [ 82.1122, 24.7923 ], [ 82.196, 24.8245 ], [ 82.179, 24.8047 ], [ 82.2095, 24.7815 ], [ 82.1729, 24.7396 ], [ 82.2138, 24.7287 ], [ 82.1995, 24.7521 ], [ 82.2437, 24.7758 ], [ 82.2299, 24.6696 ], [ 82.2964, 24.67 ], [ 82.2913, 24.5982 ], [ 82.1798, 24.6219 ], [ 82.0622, 24.6034 ], [ 81.9854, 24.5572 ], [ 81.9204, 24.5723 ], [ 81.8912, 24.5311 ], [ 81.6487, 24.4805 ] ] ] } },
{ "type": "Feature", "properties": { "state": "Madhya Pradesh", "district": "Sagar" }, "geometry": { "type": "Polygon", "coordinates": [ [ [ 79.0504, 23.9254 ], [ 79.1448, 23.8511 ], [ 79.2434, 23.8291 ], [ 79.2151, 23.788 ], [ 79.2853, 23.7481 ], [ 79.2802, 23.6935 ], [ 79.3454, 23.6604 ], [ 79.3294, 23.6329 ], [ 79.2946, 23.6411 ], [ 79.3232, 23.5259 ], [ 79.1764, 23.4341 ], [ 79.1845, 23.3709 ], [ 79.2299, 23.342 ], [ 79.205, 23.3202 ], [ 79.2238, 23.293 ], [ 79.1658, 23.2582 ], [ 79.1815, 23.2049 ], [ 79.1414, 23.1742 ], [ 79.1086, 23.1725 ], [ 79.1013, 23.2086 ], [ 78.9751, 23.201 ], [ 78.9282, 23.2358 ], [ 78.8881, 23.216 ], [ 78.8274, 23.2555 ], [ 78.7566, 23.2483 ], [ 78.7644, 23.2981 ], [ 78.7146, 23.3536 ], [ 78.636, 23.3499 ], [ 78.5952, 23.4293 ], [ 78.7294, 23.5348 ], [ 78.7272, 23.5845 ], [ 78.6336, 23.5514 ], [ 78.5315, 23.5652 ], [ 78.4981, 23.5357 ], [ 78.5078, 23.6612 ], [ 78.4632, 23.647 ], [ 78.4277, 23.7485 ], [ 78.3629, 23.7297 ], [ 78.3405, 23.6835 ], [ 78.3946, 23.7349 ], [ 78.423, 23.723 ], [ 78.393, 23.6363 ], [ 78.3182, 23.6961 ], [ 78.2847, 23.7026 ], [ 78.2871, 23.6777 ], [ 78.2635, 23.7319 ], [ 78.2321, 23.718 ], [ 78.2517, 23.7925 ], [ 78.281, 23.7879 ], [ 78.2582, 23.8194 ], [ 78.2928, 23.8324 ], [ 78.2565, 23.8629 ], [ 78.2873, 23.9186 ], [ 78.2592, 23.9501 ], [ 78.283, 23.9693 ], [ 78.2723, 24.033 ], [ 78.2062, 24.0723 ], [ 78.1699, 24.0133 ], [ 78.0696, 24.0485 ], [ 78.113, 24.0541 ], [ 78.1298, 24.1201 ], [ 78.0909, 24.16 ], [ 78.1372, 24.2066 ], [ 78.0534, 24.2349 ], [ 78.09, 24.2349 ], [ 78.0634, 24.2508 ], [ 78.0914, 24.2656 ], [ 78.0869, 24.3236 ], [ 78.2607, 24.4539 ], [ 78.3609, 24.3858 ], [ 78.326, 24.3296 ], [ 78.3824, 24.2739 ], [ 78.5054, 24.3939 ], [ 78.5784, 24.3571 ], [ 78.6691, 24.245 ], [ 78.7603, 24.2585 ], [ 78.7917, 24.1802 ], [ 78.8789, 24.2231 ], [ 78.9869, 24.4232 ], [ 78.9993, 24.3753 ], [ 79.0416, 24.3723 ], [ 79.1609, 24.4341 ], [ 79.2318, 24.4204 ], [ 79.2462, 24.3744 ], [ 79.2094, 24.3353 ], [ 79.1441, 24.4092 ], [ 79.1673, 24.2835 ], [ 79.0907, 24.2478 ], [ 79.0608, 24.2668 ], [ 79.0403, 24.2249 ], [ 79.0669, 24.1356 ], [ 79.1405, 24.105 ], [ 79.1814, 24.0164 ], [ 79.0774, 23.9773 ], [ 79.0916, 23.9577 ], [ 79.0504, 23.9254 ] ] ] } },
{ "type": "Feature", "properties": { "state": "Madhya Pradesh", "district": "Satna" }, "geometry": { "type": "Polygon", "coordinates": [ [ [ 80.9414, 24.0702 ], [ 80.8631, 24.0834 ], [ 80.7801, 23.9729 ], [ 80.7508, 24.0322 ], [ 80.7977, 24.0433 ], [ 80.7951, 24.0675 ], [ 80.7026, 24.0766 ], [ 80.7233, 24.1371 ], [ 80.6704, 24.1124 ], [ 80.6745, 24.0805 ], [ 80.6341, 24.0913 ], [ 80.6438, 24.052 ], [ 80.6234, 24.0813 ], [ 80.5415, 24.0361 ], [ 80.5278, 24.0717 ], [ 80.4861, 24.0018 ], [ 80.3484, 23.973 ], [ 80.3802, 24.0446 ], [ 80.4364, 24.0383 ], [ 80.4387, 24.0949 ], [ 80.5039, 24.0804 ], [ 80.6696, 24.1961 ], [ 80.6146, 24.1872 ], [ 80.566, 24.2479 ], [ 80.5712, 24.3029 ], [ 80.4644, 24.3798 ], [ 80.4545, 24.4393 ], [ 80.4173, 24.4453 ], [ 80.4645, 24.6147 ], [ 80.4141, 24.6134 ], [ 80.3606, 24.6945 ], [ 80.3983, 24.715 ], [ 80.4046, 24.7781 ], [ 80.4678, 24.7603 ], [ 80.6264, 24.8691 ], [ 80.5156, 24.9203 ], [ 80.4755, 24.8574 ], [ 80.4655, 24.9764 ], [ 80.5425, 25.0088 ], [ 80.4745, 25.1018 ], [ 80.6068, 25.0722 ], [ 80.5878, 25.1091 ], [ 80.5946, 25.1552 ], [ 80.6324, 25.1233 ], [ 80.6014, 25.1044 ], [ 80.6793, 25.0818 ], [ 80.6736, 25.0542 ], [ 80.7759, 25.0617 ], [ 80.6996, 25.1371 ], [ 80.7996, 25.1464 ], [ 80.8277, 25.1103 ], [ 80.8363, 25.1927 ], [ 80.878, 25.1956 ], [ 80.9056, 25.1645 ], [ 80.865, 25.1236 ], [ 80.8707, 25.0711 ], [ 80.8267, 25.0392 ], [ 80.8503, 25.0031 ], [ 80.7916, 24.9639 ], [ 80.8349, 24.9345 ], [ 80.9368, 24.9725 ], [ 80.9552, 24.9257 ], [ 81.0812, 24.9502 ], [ 81.1168, 24.887 ], [ 81.0389, 24.8012 ], [ 81.1752, 24.7019 ], [ 81.1317, 24.5146 ], [ 81.2173, 24.4935 ], [ 81.2834, 24.3992 ], [ 81.2643, 24.3249 ], [ 81.3376, 24.2962 ], [ 81.3441, 24.2569 ], [ 81.3829, 24.2675 ], [ 81.353, 24.2007 ], [ 81.2716, 24.1894 ], [ 81.1936, 24.1124 ], [ 81.1207, 24.137 ], [ 80.9414, 24.0702 ] ] ] } },
{ "type": "Feature", "properties": { "state": "Madhya Pradesh", "district": "Sehore" }, "geometry": { "type": "Polygon", "coordinates": [ [ [ 77.1168, 22.5643 ], [ 77.0851, 22.6569 ], [ 77.0266, 22.6937 ], [ 77.0241, 22.7788 ], [ 76.9809, 22.8832 ], [ 76.9221, 22.8774 ], [ 76.9186, 22.8316 ], [ 76.9148, 22.8733 ], [ 76.875, 22.8959 ], [ 76.7665, 22.8207 ], [ 76.6906, 22.8249 ], [ 76.7003, 22.7967 ], [ 76.6397, 22.809 ], [ 76.6234, 22.7886 ], [ 76.5623, 22.7656 ], [ 76.4494, 22.9323 ], [ 76.4711, 22.9737 ], [ 76.4439, 22.9892 ], [ 76.4677, 23.0034 ], [ 76.4452, 23.0821 ], [ 76.5136, 23.0765 ], [ 76.4933, 23.11 ], [ 76.5358, 23.1324 ], [ 76.5871, 23.1134 ], [ 76.6441, 23.2021 ], [ 76.7313, 23.1456 ], [ 76.7474, 23.1851 ], [ 76.8276, 23.1152 ], [ 76.8787, 23.1206 ], [ 76.9064, 23.2345 ], [ 76.9905, 23.2891 ], [ 76.9935, 23.4028 ], [ 77.1462, 23.5781 ], [ 77.1347, 23.6455 ], [ 77.1659, 23.6908 ], [ 77.2941, 23.5862 ], [ 77.2942, 23.4356 ], [ 77.2409, 23.4132 ], [ 77.2579, 23.3883 ], [ 77.2233, 23.3321 ], [ 77.1833, 23.3605 ], [ 77.1766, 23.3117 ], [ 77.2198, 23.2945 ], [ 77.1857, 23.238 ], [ 77.2171, 23.2307 ], [ 77.2826, 23.1058 ], [ 77.3794, 23.0931 ], [ 77.3612, 23.0049 ], [ 77.4269, 22.9613 ], [ 77.4286, 22.9122 ], [ 77.5232, 22.8956 ], [ 77.5316, 22.8539 ], [ 77.5571, 22.8783 ], [ 77.6249, 22.8341 ], [ 77.6879, 22.8375 ], [ 77.6683, 22.8582 ], [ 77.6955, 22.8865 ], [ 77.9602, 22.9646 ], [ 77.9419, 22.9087 ], [ 78.0009, 22.9335 ], [ 78.0265, 22.9145 ], [ 78.0045, 22.8607 ], [ 78.0275, 22.8241 ], [ 77.9481, 22.8139 ], [ 77.9163, 22.7629 ], [ 77.9208, 22.8488 ], [ 77.8658, 22.823 ], [ 77.8405, 22.8654 ], [ 77.7349, 22.7608 ], [ 77.615, 22.7453 ], [ 77.5677, 22.6727 ], [ 77.3593, 22.6136 ], [ 77.3207, 22.5664 ], [ 77.2583, 22.6119 ], [ 77.2086, 22.5728 ], [ 77.1168, 22.5643 ] ] ] } },
{ "type": "Feature", "properties": { "state": "Madhya Pradesh", "district": "Seoni" }, "geometry": { "type": "Polygon", "coordinates": [ [ [ 80.0947, 22.3375 ], [ 80.0905, 22.2461 ], [ 80.0284, 22.1828 ], [ 80.0634, 22.0774 ], [ 79.923, 22.0629 ], [ 79.9176, 21.9716 ], [ 79.8345, 21.9451 ], [ 79.8863, 21.9295 ], [ 79.7759, 21.8634 ], [ 79.7632, 21.8075 ], [ 79.6862, 21.8003 ], [ 79.6515, 21.7347 ], [ 79.668, 21.6955 ], [ 79.5951, 21.7089 ], [ 79.589, 21.6444 ], [ 79.5058, 21.5903 ], [ 79.4886, 21.6741 ], [ 79.2191, 21.7197 ], [ 79.2262, 21.7603 ], [ 79.2799, 21.7795 ], [ 79.2716, 21.836 ], [ 79.4027, 22.0419 ], [ 79.3198, 22.2263 ], [ 79.3604, 22.2229 ], [ 79.3577, 22.2654 ], [ 79.281, 22.3165 ], [ 79.3479, 22.3515 ], [ 79.3381, 22.3864 ], [ 79.2793, 22.3773 ], [ 79.3292, 22.445 ], [ 79.2602, 22.4555 ], [ 79.2187, 22.4258 ], [ 79.1937, 22.4501 ], [ 79.339, 22.4878 ], [ 79.3151, 22.5412 ], [ 79.3681, 22.6014 ], [ 79.3195, 22.6179 ], [ 79.4069, 22.7244 ], [ 79.5076, 22.7222 ], [ 79.5381, 22.82 ], [ 79.6188, 22.8758 ], [ 79.5775, 22.9443 ], [ 79.7424, 22.9197 ], [ 79.761, 22.8456 ], [ 79.8051, 22.8703 ], [ 79.8371, 22.8321 ], [ 79.9484, 22.8591 ], [ 80.0604, 22.7601 ], [ 80.1783, 22.768 ], [ 80.2089, 22.8031 ], [ 80.2746, 22.788 ], [ 80.2841, 22.7273 ], [ 80.2335, 22.7182 ], [ 80.1889, 22.6535 ], [ 80.1992, 22.6129 ], [ 80.0871, 22.6249 ], [ 79.9474, 22.5586 ], [ 80.0254, 22.5442 ], [ 80.0195, 22.5052 ], [ 80.086, 22.428 ], [ 80.0642, 22.3779 ], [ 80.0947, 22.3375 ] ] ] } },
{ "type": "Feature", "properties": { "state": "Madhya Pradesh", "district": "Shahdol" }, "geometry": { "type": "Polygon", "coordinates": [ [ [ 81.7859, 22.8771 ], [ 81.7843, 22.7666 ], [ 81.7466, 22.7265 ], [ 81.7489, 22.6461 ], [ 81.687, 22.7134 ], [ 81.6849, 22.7791 ], [ 81.4688, 22.7597 ], [ 81.399, 22.8514 ], [ 81.1964, 22.9105 ], [ 81.1972, 23.0019 ], [ 81.2563, 23.071 ], [ 81.1851, 23.1674 ], [ 81.0868, 23.2108 ], [ 81.0983, 23.2551 ], [ 81.0356, 23.2732 ], [ 81.0353, 23.3447 ], [ 80.9983, 23.3749 ], [ 81.0088, 23.4444 ], [ 81.1388, 23.4622 ], [ 81.1691, 23.5037 ], [ 81.1546, 23.5344 ], [ 81.2327, 23.6474 ], [ 81.2405, 23.721 ], [ 81.1747, 23.8081 ], [ 81.2616, 23.841 ], [ 81.1628, 23.8837 ], [ 81.1696, 23.9154 ], [ 81.1199, 23.9716 ], [ 81.0622, 23.9685 ], [ 80.9946, 24.0878 ], [ 81.1393, 24.1394 ], [ 81.1936, 24.1124 ], [ 81.2716, 24.1894 ], [ 81.353, 24.2007 ], [ 81.3829, 24.2675 ], [ 81.4495, 24.2849 ], [ 81.5023, 24.0884 ], [ 81.5518, 24.0785 ], [ 81.4755, 24.0366 ], [ 81.5485, 23.9605 ], [ 81.5377, 23.9143 ], [ 81.6149, 23.8728 ], [ 81.6058, 23.8382 ], [ 81.6873, 23.7213 ], [ 81.6132, 23.661 ], [ 81.5771, 23.5549 ], [ 81.6282, 23.4904 ], [ 81.736, 23.5674 ], [ 81.8272, 23.5113 ], [ 81.9138, 23.5338 ], [ 81.9751, 23.4318 ], [ 81.9627, 23.3717 ], [ 81.9325, 23.385 ], [ 81.8688, 23.2983 ], [ 81.8128, 23.3083 ], [ 81.8757, 23.2397 ], [ 81.7882, 23.261 ], [ 81.7124, 23.2043 ], [ 81.6093, 23.1962 ], [ 81.6242, 23.2309 ], [ 81.5622, 23.214 ], [ 81.5898, 23.1715 ], [ 81.5311, 23.1186 ], [ 81.6097, 23.0641 ], [ 81.5495, 23.0222 ], [ 81.6406, 23.0137 ], [ 81.6865, 22.9398 ], [ 81.7859, 22.8771 ] ] ] } },
{ "type": "Feature", "properties": { "state": "Madhya Pradesh", "district": "Shajapur" }, "geometry": { "type": "Polygon", "coordinates": [ [ [ 76.5871, 23.1134 ], [ 76.5064, 23.1826 ], [ 76.3759, 23.2304 ], [ 76.2452, 23.2166 ], [ 76.1114, 23.2449 ], [ 76.1275, 23.2818 ], [ 76.1773, 23.2743 ], [ 76.2012, 23.3457 ], [ 76.2479, 23.3564 ], [ 76.2422, 23.3917 ], [ 76.2065, 23.3898 ], [ 76.1918, 23.4712 ], [ 76.2476, 23.5139 ], [ 76.2211, 23.5338 ], [ 76.1939, 23.5028 ], [ 76.1511, 23.5134 ], [ 76.1717, 23.585 ], [ 76.232, 23.5741 ], [ 76.2051, 23.7103 ], [ 76.4093, 23.7199 ], [ 76.4007, 23.6784 ], [ 76.4618, 23.5969 ], [ 76.4372, 23.6072 ], [ 76.4357, 23.55 ], [ 76.4867, 23.5147 ], [ 76.5278, 23.5765 ], [ 76.6537, 23.5429 ], [ 76.6568, 23.5032 ], [ 76.6923, 23.4909 ], [ 76.7593, 23.5007 ], [ 76.794, 23.4598 ], [ 76.8923, 23.5265 ], [ 76.9352, 23.4759 ], [ 76.9713, 23.5092 ], [ 77.0481, 23.4846 ], [ 76.9935, 23.4028 ], [ 76.9905, 23.2891 ], [ 76.9064, 23.2345 ], [ 76.8787, 23.1206 ], [ 76.8276, 23.1152 ], [ 76.7474, 23.1851 ], [ 76.7313, 23.1456 ], [ 76.6506, 23.202 ], [ 76.5871, 23.1134 ] ] ] } },
{ "type": "Feature", "properties": { "state": "Madhya Pradesh", "district": "Sheopur" }, "geometry": { "type": "Polygon", "coordinates": [ [ [ 77.2657, 25.6802 ], [ 77.2759, 25.6354 ], [ 77.2502, 25.593 ], [ 77.2885, 25.5395 ], [ 77.1723, 25.5146 ], [ 77.1424, 25.4235 ], [ 77.0899, 25.3862 ], [ 77.0103, 25.3873 ], [ 77.0066, 25.3581 ], [ 77.0724, 25.3577 ], [ 77.0635, 25.3242 ], [ 76.9339, 25.2759 ], [ 76.8932, 25.3224 ], [ 76.7701, 25.3122 ], [ 76.7667, 25.3362 ], [ 76.6025, 25.389 ], [ 76.5203, 25.5299 ], [ 76.5108, 25.6728 ], [ 76.4779, 25.706 ], [ 76.5306, 25.734 ], [ 76.5293, 25.798 ], [ 76.5927, 25.8742 ], [ 76.6266, 25.8709 ], [ 76.6461, 25.9089 ], [ 76.7455, 25.9092 ], [ 76.7559, 25.9417 ], [ 76.8063, 25.953 ], [ 76.8878, 26.0933 ], [ 77.0917, 26.1909 ], [ 77.1094, 26.2251 ], [ 77.2272, 26.0854 ], [ 77.2686, 26.1299 ], [ 77.3939, 26.1579 ], [ 77.5732, 26.0181 ], [ 77.5977, 26.0764 ], [ 77.6558, 26.1048 ], [ 77.6613, 26.0751 ], [ 77.6076, 26.0355 ], [ 77.6416, 26.0142 ], [ 77.6406, 25.9696 ], [ 77.5312, 25.9459 ], [ 77.5421, 25.9085 ], [ 77.6495, 25.9164 ], [ 77.6307, 25.8729 ], [ 77.5748, 25.8661 ], [ 77.5511, 25.8192 ], [ 77.4352, 25.8967 ], [ 77.4013, 25.8879 ], [ 77.4031, 25.8164 ], [ 77.4366, 25.7832 ], [ 77.3224, 25.7972 ], [ 77.3103, 25.7384 ], [ 77.2703, 25.7248 ], [ 77.3157, 25.6738 ], [ 77.2657, 25.6802 ] ] ] } },
{ "type": "Feature", "properties": { "state": "Madhya Pradesh", "district": "Shivpuri" }, "geometry": { "type": "Polygon", "coordinates": [ [ [ 77.9665, 24.8611 ], [ 78.0107, 24.958 ], [ 77.8791, 25.0111 ], [ 77.8201, 25.0045 ], [ 77.7424, 24.8717 ], [ 77.7004, 24.857 ], [ 77.5868, 24.9308 ], [ 77.5824, 24.9677 ], [ 77.5368, 24.9161 ], [ 77.5814, 24.8935 ], [ 77.5573, 24.876 ], [ 77.4748, 24.8791 ], [ 77.4156, 24.9502 ], [ 77.364, 24.9318 ], [ 77.3029, 25.0839 ], [ 77.3985, 25.1133 ], [ 77.3907, 25.1882 ], [ 77.418, 25.193 ], [ 77.3497, 25.2718 ], [ 77.3748, 25.3059 ], [ 77.3364, 25.3256 ], [ 77.3543, 25.424 ], [ 77.283, 25.4236 ], [ 77.2203, 25.3734 ], [ 77.2051, 25.3114 ], [ 77.0066, 25.3581 ], [ 77.0103, 25.3873 ], [ 77.0899, 25.3862 ], [ 77.1424, 25.4235 ], [ 77.1723, 25.5146 ], [ 77.2885, 25.5395 ], [ 77.247, 25.6649 ], [ 77.3157, 25.6738 ], [ 77.2703, 25.7248 ], [ 77.3103, 25.7384 ], [ 77.3224, 25.7972 ], [ 77.4366, 25.7832 ], [ 77.4031, 25.8164 ], [ 77.4013, 25.8879 ], [ 77.4352, 25.8967 ], [ 77.5511, 25.8192 ], [ 77.5748, 25.8661 ], [ 77.6307, 25.8729 ], [ 77.6701, 25.9215 ], [ 77.796, 25.8257 ], [ 77.856, 25.8144 ], [ 77.8718, 25.7437 ], [ 77.9932, 25.7707 ], [ 77.9888, 25.7458 ], [ 78.0465, 25.7161 ], [ 78.1542, 25.7249 ], [ 78.2737, 25.7864 ], [ 78.2092, 25.7046 ], [ 78.3008, 25.7098 ], [ 78.3685, 25.6661 ], [ 78.3905, 25.5757 ], [ 78.4604, 25.5897 ], [ 78.41, 25.5377 ], [ 78.4207, 25.4776 ], [ 78.3476, 25.4548 ], [ 78.2942, 25.3676 ], [ 78.3313, 25.3367 ], [ 78.308, 25.311 ], [ 78.3978, 25.2178 ], [ 78.3854, 25.1952 ], [ 78.4465, 25.169 ], [ 78.4183, 25.1535 ], [ 78.4429, 25.1288 ], [ 78.3278, 25.0888 ], [ 78.3275, 24.9996 ], [ 78.1654, 24.8817 ], [ 78.1619, 24.8448 ], [ 77.9665, 24.8611 ] ] ] } },
{ "type": "Feature", "properties": { "state": "Madhya Pradesh", "district": "Sidhi" }, "geometry": { "type": "Polygon", "coordinates": [ [ [ 82.2346, 23.8912 ], [ 82.1653, 23.8208 ], [ 82.078, 23.8171 ], [ 81.9164, 23.873 ], [ 81.7827, 23.8118 ], [ 81.7191, 23.8404 ], [ 81.6616, 23.9256 ], [ 81.5969, 23.889 ], [ 81.541, 23.9123 ], [ 81.5473, 23.9628 ], [ 81.4743, 24.0396 ], [ 81.5518, 24.0785 ], [ 81.5023, 24.0884 ], [ 81.4613, 24.2715 ], [ 81.3441, 24.2569 ], [ 81.2983, 24.3252 ], [ 81.6894, 24.5034 ], [ 81.8912, 24.5311 ], [ 81.9204, 24.5723 ], [ 81.947, 24.5496 ], [ 82.171, 24.6218 ], [ 82.3335, 24.5854 ], [ 82.371, 24.5611 ], [ 82.3305, 24.5132 ], [ 82.2331, 24.4722 ], [ 82.1816, 24.4274 ], [ 82.1955, 24.3931 ], [ 82.146, 24.3932 ], [ 82.1584, 24.3627 ], [ 82.1083, 24.3622 ], [ 82.107, 24.3263 ], [ 82.0236, 24.3087 ], [ 81.992, 24.2398 ], [ 81.9486, 24.2572 ], [ 81.8693, 24.131 ], [ 81.9574, 24.019 ], [ 82.0139, 24.0324 ], [ 82.1482, 23.976 ], [ 82.1642, 24.0019 ], [ 82.2123, 23.9879 ], [ 82.1995, 23.9504 ], [ 82.2346, 23.8912 ] ] ] } },
{ "type": "Feature", "properties": { "state": "Madhya Pradesh", "district": "Singrauli" }, "geometry": { "type": "Polygon", "coordinates": [ [ [ 82.7987, 23.9622 ], [ 82.6565, 23.9079 ], [ 82.652, 23.8565 ], [ 82.5274, 23.8241 ], [ 82.5445, 23.7942 ], [ 82.5162, 23.7842 ], [ 82.46, 23.8114 ], [ 82.2261, 23.8069 ], [ 82.1993, 23.8319 ], [ 82.2346, 23.8912 ], [ 82.1995, 23.9504 ], [ 82.2123, 23.9879 ], [ 82.1642, 24.0019 ], [ 82.1482, 23.976 ], [ 82.0139, 24.0324 ], [ 81.9574, 24.019 ], [ 81.8693, 24.131 ], [ 81.9486, 24.2572 ], [ 81.992, 24.2398 ], [ 82.0236, 24.3087 ], [ 82.107, 24.3263 ], [ 82.1083, 24.3622 ], [ 82.1584, 24.3627 ], [ 82.146, 24.3932 ], [ 82.1955, 24.3931 ], [ 82.1816, 24.4274 ], [ 82.2331, 24.4722 ], [ 82.3305, 24.5132 ], [ 82.371, 24.5611 ], [ 82.2939, 24.6137 ], [ 82.4092, 24.5978 ], [ 82.4202, 24.7053 ], [ 82.5293, 24.652 ], [ 82.6656, 24.6999 ], [ 82.6952, 24.6443 ], [ 82.7628, 24.6457 ], [ 82.7601, 24.5998 ], [ 82.7964, 24.5998 ], [ 82.8008, 24.5527 ], [ 82.7125, 24.5562 ], [ 82.7365, 24.4998 ], [ 82.7072, 24.3852 ], [ 82.7606, 24.373 ], [ 82.7641, 24.2924 ], [ 82.7204, 24.139 ], [ 82.6709, 24.1585 ], [ 82.6574, 24.1348 ], [ 82.7084, 24.0808 ], [ 82.7663, 24.0779 ], [ 82.742, 24.0214 ], [ 82.8015, 24.0011 ], [ 82.7987, 23.9622 ] ] ] } },
{ "type": "Feature", "properties": { "state": "Madhya Pradesh", "district": "Tikamgarh" }, "geometry": { "type": "Polygon", "coordinates": [ [ [ 79.3419, 24.9052 ], [ 79.2899, 24.6791 ], [ 79.2124, 24.6658 ], [ 79.186, 24.6168 ], [ 79.0597, 24.6275 ], [ 78.982, 24.4472 ], [ 78.9444, 24.4433 ], [ 78.9009, 24.4884 ], [ 78.9655, 24.5003 ], [ 78.8731, 24.6469 ], [ 78.8288, 24.6078 ], [ 78.7495, 24.605 ], [ 78.7805, 24.815 ], [ 78.7645, 24.8614 ], [ 78.6684, 24.9024 ], [ 78.622, 24.9649 ], [ 78.6419, 25.0615 ], [ 78.5972, 25.0979 ], [ 78.5686, 25.2586 ], [ 78.4967, 25.2939 ], [ 78.4445, 25.27 ], [ 78.4298, 25.297 ], [ 78.4922, 25.3238 ], [ 78.5251, 25.3065 ], [ 78.5251, 25.363 ], [ 78.5762, 25.3519 ], [ 78.5611, 25.3957 ], [ 78.6286, 25.4065 ], [ 78.6527, 25.444 ], [ 78.7014, 25.4289 ], [ 78.6565, 25.4201 ], [ 78.6579, 25.388 ], [ 78.7644, 25.3584 ], [ 78.7431, 25.4127 ], [ 78.8129, 25.4304 ], [ 78.7551, 25.4339 ], [ 78.7318, 25.5007 ], [ 78.8299, 25.4657 ], [ 78.8343, 25.4325 ], [ 78.8572, 25.4671 ], [ 78.8283, 25.51 ], [ 78.876, 25.5243 ], [ 78.8811, 25.5602 ], [ 78.9357, 25.5571 ], [ 78.9356, 25.48 ], [ 78.9032, 25.4469 ], [ 78.9601, 25.4389 ], [ 78.9785, 25.376 ], [ 78.9286, 25.3518 ], [ 78.8925, 25.3753 ], [ 78.9494, 25.4002 ], [ 78.8747, 25.3877 ], [ 78.7832, 25.2976 ], [ 78.8117, 25.2998 ], [ 78.8418, 25.2292 ], [ 78.8765, 25.3445 ], [ 78.9558, 25.3478 ], [ 78.97, 25.2852 ], [ 78.8722, 25.2508 ], [ 78.8771, 25.1622 ], [ 78.9483, 25.2202 ], [ 78.9958, 25.1959 ], [ 78.9712, 25.2449 ], [ 78.9927, 25.2777 ], [ 79.0564, 25.2257 ], [ 79.0282, 25.1399 ], [ 79.0843, 25.1925 ], [ 79.1292, 25.1108 ], [ 79.1793, 25.1177 ], [ 79.1849, 25.1511 ], [ 79.2064, 25.1138 ], [ 79.2397, 25.1178 ], [ 79.2252, 25.1582 ], [ 79.2765, 25.1203 ], [ 79.3192, 25.1491 ], [ 79.3419, 24.9052 ] ] ] } },
{ "type": "Feature", "properties": { "state": "Madhya Pradesh", "district": "Ujjain" }, "geometry": { "type": "Polygon", "coordinates": [ [ [ 75.9472, 23.3234 ], [ 75.9322, 23.1383 ], [ 75.9904, 23.0819 ], [ 75.9625, 23.0291 ], [ 75.9024, 23.0291 ], [ 75.8992, 23.0038 ], [ 75.8726, 23.0417 ], [ 75.8117, 23.0444 ], [ 75.6417, 23.0093 ], [ 75.6254, 23.0907 ], [ 75.5668, 23.0894 ], [ 75.4757, 23.0066 ], [ 75.4555, 22.9448 ], [ 75.4788, 22.9335 ], [ 75.4376, 22.8727 ], [ 75.3745, 22.8714 ], [ 75.3451, 22.834 ], [ 75.3032, 23.0149 ], [ 75.3055, 23.05 ], [ 75.3496, 23.0723 ], [ 75.3019, 23.1322 ], [ 75.2415, 23.1391 ], [ 75.2258, 23.2145 ], [ 75.2825, 23.2227 ], [ 75.2626, 23.2718 ], [ 75.3258, 23.2985 ], [ 75.2009, 23.3299 ], [ 75.1341, 23.4111 ], [ 75.1905, 23.5325 ], [ 75.2358, 23.5182 ], [ 75.2734, 23.5454 ], [ 75.3146, 23.6267 ], [ 75.5039, 23.5307 ], [ 75.519, 23.6679 ], [ 75.6176, 23.6639 ], [ 75.6431, 23.7138 ], [ 75.7266, 23.7616 ], [ 75.8207, 23.7012 ], [ 75.8432, 23.7334 ], [ 75.8101, 23.6624 ], [ 75.8503, 23.5739 ], [ 76.0911, 23.5794 ], [ 76.1107, 23.5486 ], [ 76.1589, 23.5788 ], [ 76.1537, 23.5086 ], [ 76.2211, 23.5338 ], [ 76.2476, 23.5139 ], [ 76.1918, 23.4785 ], [ 76.2065, 23.3898 ], [ 76.2422, 23.3917 ], [ 76.2466, 23.3535 ], [ 76.2012, 23.3457 ], [ 76.1722, 23.2688 ], [ 76.1275, 23.2818 ], [ 76.0462, 23.2114 ], [ 76.1381, 23.1977 ], [ 76.0699, 23.1657 ], [ 76.0493, 23.1829 ], [ 76.1005, 23.0563 ], [ 76.0513, 23.0818 ], [ 75.9983, 23.2506 ], [ 75.969, 23.2526 ], [ 75.9906, 23.2839 ], [ 75.9472, 23.3234 ] ] ] } },
{ "type": "Feature", "properties": { "state": "Madhya Pradesh", "district": "Umaria" }, "geometry": { "type": "Polygon", "coordinates": [ [ [ 81.0932, 23.2036 ], [ 81.0263, 23.2086 ], [ 80.9345, 23.2907 ], [ 80.8553, 23.2237 ], [ 80.801, 23.2547 ], [ 80.7555, 23.2215 ], [ 80.71, 23.2825 ], [ 80.7527, 23.3438 ], [ 80.6944, 23.3731 ], [ 80.5366, 23.3572 ], [ 80.5224, 23.4107 ], [ 80.5563, 23.4526 ], [ 80.5529, 23.5645 ], [ 80.6152, 23.595 ], [ 80.7029, 23.7634 ], [ 80.8142, 23.6718 ], [ 80.8948, 23.6816 ], [ 80.9058, 23.7891 ], [ 80.828, 23.956 ], [ 80.8693, 23.9716 ], [ 80.8979, 24.0413 ], [ 80.9958, 24.0961 ], [ 81.0622, 23.9685 ], [ 81.1199, 23.9716 ], [ 81.1696, 23.9154 ], [ 81.1628, 23.8837 ], [ 81.2616, 23.841 ], [ 81.1747, 23.8081 ], [ 81.2405, 23.721 ], [ 81.2327, 23.6474 ], [ 81.1546, 23.5344 ], [ 81.1691, 23.5037 ], [ 81.1388, 23.4622 ], [ 81.0088, 23.4444 ], [ 80.9983, 23.3749 ], [ 81.0353, 23.3447 ], [ 81.0356, 23.2732 ], [ 81.0983, 23.2551 ], [ 81.0932, 23.2036 ] ] ] } },
{ "type": "Feature", "properties": { "state": "Madhya Pradesh", "district": "Vidisha" }, "geometry": { "type": "Polygon", "coordinates": [ [ [ 77.5124, 23.5296 ], [ 77.5046, 23.58 ], [ 77.5531, 23.6019 ], [ 77.5688, 23.6534 ], [ 77.6295, 23.6684 ], [ 77.6451, 23.7222 ], [ 77.5695, 23.7728 ], [ 77.4529, 23.7693 ], [ 77.3702, 23.8883 ], [ 77.3141, 23.8981 ], [ 77.2922, 23.935 ], [ 77.3072, 24.0162 ], [ 77.2555, 24.0605 ], [ 77.2936, 24.0929 ], [ 77.2983, 24.1709 ], [ 77.3397, 24.1874 ], [ 77.3181, 24.2896 ], [ 77.3498, 24.3479 ], [ 77.4041, 24.332 ], [ 77.3944, 24.2837 ], [ 77.4369, 24.2437 ], [ 77.487, 24.2809 ], [ 77.5485, 24.2532 ], [ 77.6437, 24.3197 ], [ 77.8859, 24.3196 ], [ 77.8804, 24.2842 ], [ 77.9365, 24.2357 ], [ 78.0021, 24.243 ], [ 78.0413, 24.2886 ], [ 78.0917, 24.2441 ], [ 78.0533, 24.2332 ], [ 78.1372, 24.2066 ], [ 78.0909, 24.16 ], [ 78.1298, 24.1201 ], [ 78.113, 24.0541 ], [ 78.0696, 24.0485 ], [ 78.1699, 24.0133 ], [ 78.21, 24.0715 ], [ 78.2839, 23.9951 ], [ 78.2565, 23.8629 ], [ 78.2928, 23.8324 ], [ 78.2582, 23.8194 ], [ 78.281, 23.7879 ], [ 78.2517, 23.7925 ], [ 78.2321, 23.718 ], [ 78.2635, 23.7319 ], [ 78.2871, 23.6777 ], [ 78.2162, 23.5326 ], [ 78.1288, 23.5203 ], [ 78.1433, 23.4786 ], [ 78.0807, 23.4541 ], [ 77.9957, 23.4701 ], [ 77.9891, 23.4187 ], [ 78.052, 23.3879 ], [ 78.0172, 23.3488 ], [ 77.9558, 23.3762 ], [ 77.9103, 23.4562 ], [ 77.8106, 23.4626 ], [ 77.7301, 23.5385 ], [ 77.6679, 23.5219 ], [ 77.6244, 23.5505 ], [ 77.6473, 23.4851 ], [ 77.621, 23.4678 ], [ 77.5124, 23.5296 ] ] ] } },
{ "type": "Feature", "properties": { "state": "Madhya Pradesh", "district": "West Nimar" }, "geometry": { "type": "Polygon", "coordinates": [ [ [ 75.6307, 21.3969 ], [ 75.5926, 21.4255 ], [ 75.609, 21.4622 ], [ 75.4673, 21.5189 ], [ 75.5057, 21.6166 ], [ 75.4413, 21.6783 ], [ 75.2979, 21.6366 ], [ 75.2122, 21.7115 ], [ 75.2193, 21.7383 ], [ 75.2829, 21.7441 ], [ 75.2787, 21.8063 ], [ 75.311, 21.8415 ], [ 75.2868, 21.9175 ], [ 75.338, 21.9141 ], [ 75.3546, 21.9833 ], [ 75.4458, 22.0269 ], [ 75.4168, 22.0602 ], [ 75.4579, 22.065 ], [ 75.387, 22.0744 ], [ 75.3975, 22.094 ], [ 75.32, 22.1363 ], [ 75.5106, 22.1641 ], [ 75.5358, 22.2288 ], [ 75.492, 22.3306 ], [ 75.5055, 22.3721 ], [ 75.5769, 22.3795 ], [ 75.6523, 22.3356 ], [ 75.827, 22.4083 ], [ 75.9084, 22.3895 ], [ 75.9164, 22.4244 ], [ 76.0078, 22.4224 ], [ 76.0557, 22.4563 ], [ 76.03, 22.5319 ], [ 76.0858, 22.5506 ], [ 76.1042, 22.4738 ], [ 76.2368, 22.3957 ], [ 76.1817, 22.2749 ], [ 76.0232, 22.217 ], [ 76.0774, 22.1893 ], [ 76.1634, 22.2072 ], [ 76.1262, 22.1675 ], [ 76.1454, 22.1126 ], [ 76.1037, 22.0931 ], [ 76.1059, 22.0568 ], [ 76.1592, 22.066 ], [ 76.142, 22.0982 ], [ 76.1645, 22.1202 ], [ 76.2275, 22.1028 ], [ 76.1458, 21.9817 ], [ 76.1702, 21.8881 ], [ 76.103, 21.8501 ], [ 76.096, 21.7717 ], [ 76.1262, 21.7556 ], [ 76.1025, 21.7406 ], [ 76.1544, 21.7344 ], [ 76.1744, 21.6887 ], [ 76.0736, 21.6638 ], [ 76.0788, 21.5746 ], [ 75.9538, 21.547 ], [ 75.9483, 21.4833 ], [ 76.0123, 21.4696 ], [ 75.9916, 21.3761 ], [ 75.6307, 21.3969 ] ] ] } },
{ "type": "Feature", "properties": { "state": "Maharashtra", "district": "Ahmadnagar" }, "geometry": { "type": "Polygon", "coordinates": [ [ [ 74.9032, 18.8475 ], [ 75.1779, 18.6327 ], [ 75.1726, 18.5811 ], [ 75.2184, 18.5543 ], [ 75.1382, 18.5261 ], [ 75.0822, 18.4203 ], [ 75.02, 18.4365 ], [ 75.0079, 18.4027 ], [ 74.8562, 18.3305 ], [ 74.8005, 18.3508 ], [ 74.813, 18.3858 ], [ 74.7845, 18.4082 ], [ 74.7394, 18.3977 ], [ 74.7098, 18.504 ], [ 74.6487, 18.4496 ], [ 74.5593, 18.4987 ], [ 74.5869, 18.5477 ], [ 74.5561, 18.6139 ], [ 74.4803, 18.6411 ], [ 74.5171, 18.6674 ], [ 74.4828, 18.7222 ], [ 74.4055, 18.7413 ], [ 74.4034, 18.8305 ], [ 74.3278, 18.8434 ], [ 74.1818, 19.036 ], [ 74.2171, 19.1252 ], [ 74.3225, 19.2083 ], [ 74.1656, 19.2029 ], [ 74.0417, 19.2504 ], [ 74.0072, 19.3577 ], [ 73.9384, 19.3407 ], [ 73.9038, 19.3744 ], [ 73.8705, 19.358 ], [ 73.7635, 19.397 ], [ 73.6953, 19.4438 ], [ 73.7175, 19.4964 ], [ 73.6436, 19.5328 ], [ 73.6288, 19.5871 ], [ 73.786, 19.632 ], [ 73.8503, 19.7413 ], [ 73.8986, 19.7529 ], [ 73.923, 19.6819 ], [ 74.128, 19.6442 ], [ 74.1739, 19.7286 ], [ 74.3836, 19.8066 ], [ 74.3702, 19.8713 ], [ 74.2561, 19.9375 ], [ 74.2957, 19.9875 ], [ 74.6777, 19.9476 ], [ 74.6653, 19.8399 ], [ 74.6113, 19.8505 ], [ 74.6025, 19.7738 ], [ 74.6407, 19.7951 ], [ 74.6998, 19.7602 ], [ 74.7173, 19.7831 ], [ 74.7343, 19.7 ], [ 74.8107, 19.7038 ], [ 74.793, 19.6503 ], [ 74.8288, 19.6731 ], [ 75.1973, 19.594 ], [ 75.2602, 19.5241 ], [ 75.2839, 19.5497 ], [ 75.2794, 19.5136 ], [ 75.3353, 19.5037 ], [ 75.3329, 19.4799 ], [ 75.3583, 19.5013 ], [ 75.3272, 19.4546 ], [ 75.3584, 19.4418 ], [ 75.3455, 19.4063 ], [ 75.4462, 19.4281 ], [ 75.5373, 19.3755 ], [ 75.5212, 19.3302 ], [ 75.5435, 19.309 ], [ 75.4075, 19.1994 ], [ 75.451, 19.1704 ], [ 75.436, 19.1168 ], [ 75.4872, 19.1261 ], [ 75.4893, 19.104 ], [ 75.3867, 19.0781 ], [ 75.4129, 19.1343 ], [ 75.3349, 19.1504 ], [ 75.367, 19.0765 ], [ 75.2864, 19.0835 ], [ 75.2901, 19.0324 ], [ 75.3496, 19.0231 ], [ 75.3241, 18.9807 ], [ 75.276, 18.9927 ], [ 75.2663, 19.07 ], [ 75.2295, 19.066 ], [ 75.2255, 19.1106 ], [ 75.1932, 19.0931 ], [ 75.2129, 19.0231 ], [ 75.1844, 19.013 ], [ 75.075, 19.0579 ], [ 75.1133, 19.1241 ], [ 75.0577, 19.0991 ], [ 74.9463, 19.1302 ], [ 74.9203, 19.0402 ], [ 74.9562, 19.0332 ], [ 74.9569, 18.9687 ], [ 74.8168, 18.9731 ], [ 74.8624, 18.9046 ], [ 74.8906, 18.9097 ], [ 74.9032, 18.8475 ] ] ] } },
{ "type": "Feature", "properties": { "state": "Maharashtra", "district": "Akola" }, "geometry": { "type": "Polygon", "coordinates": [ [ [ 77.0197, 20.4452 ], [ 76.9775, 20.3731 ], [ 76.8984, 20.3417 ], [ 76.8744, 20.2793 ], [ 76.7904, 20.2872 ], [ 76.7911, 20.3165 ], [ 76.6981, 20.3546 ], [ 76.7261, 20.4028 ], [ 76.6924, 20.4598 ], [ 76.761, 20.5421 ], [ 76.7153, 20.6526 ], [ 76.7438, 20.8012 ], [ 76.6634, 20.9276 ], [ 76.7838, 20.9103 ], [ 76.806, 20.9594 ], [ 76.7636, 21.0406 ], [ 76.7733, 21.191 ], [ 76.9968, 21.2061 ], [ 77.0214, 21.248 ], [ 77.0773, 21.2191 ], [ 77.1581, 21.24 ], [ 77.18, 21.2056 ], [ 77.1564, 21.1475 ], [ 77.1931, 21.1236 ], [ 77.1466, 21.0745 ], [ 77.1711, 21.0094 ], [ 77.1332, 20.989 ], [ 77.1603, 20.9734 ], [ 77.1316, 20.865 ], [ 77.4306, 20.8463 ], [ 77.4764, 20.8807 ], [ 77.5478, 20.8545 ], [ 77.6161, 20.7701 ], [ 77.5625, 20.7223 ], [ 77.5154, 20.7298 ], [ 77.5403, 20.6767 ], [ 77.4681, 20.6893 ], [ 77.4309, 20.6626 ], [ 77.4637, 20.6113 ], [ 77.3375, 20.5779 ], [ 77.3334, 20.5277 ], [ 77.395, 20.527 ], [ 77.3781, 20.4841 ], [ 77.3262, 20.4997 ], [ 77.3458, 20.466 ], [ 77.2927, 20.4208 ], [ 77.1842, 20.4499 ], [ 77.19, 20.4081 ], [ 77.1386, 20.3836 ], [ 77.076, 20.4387 ], [ 77.0197, 20.4452 ] ] ] } },
{ "type": "Feature", "properties": { "state": "Maharashtra", "district": "Amravati" }, "geometry": { "type": "Polygon", "coordinates": [ [ [ 77.6157, 20.7813 ], [ 77.5478, 20.8545 ], [ 77.4764, 20.8807 ], [ 77.4306, 20.8463 ], [ 77.1316, 20.865 ], [ 77.1603, 20.9734 ], [ 77.1332, 20.989 ], [ 77.1711, 21.0094 ], [ 77.1466, 21.0745 ], [ 77.1931, 21.1236 ], [ 77.1564, 21.1475 ], [ 77.18, 21.2056 ], [ 77.162, 21.2391 ], [ 77.0773, 21.2191 ], [ 77.0214, 21.248 ], [ 76.9968, 21.2061 ], [ 76.7908, 21.1868 ], [ 76.7222, 21.2913 ], [ 76.6611, 21.2824 ], [ 76.6245, 21.3351 ], [ 76.7842, 21.4665 ], [ 76.7629, 21.5226 ], [ 76.7953, 21.5975 ], [ 76.9011, 21.6008 ], [ 77.0723, 21.7229 ], [ 77.1714, 21.7273 ], [ 77.2074, 21.694 ], [ 77.2831, 21.7242 ], [ 77.28, 21.7613 ], [ 77.4755, 21.7714 ], [ 77.5422, 21.701 ], [ 77.571, 21.5626 ], [ 77.6071, 21.5428 ], [ 77.4199, 21.5387 ], [ 77.487, 21.3778 ], [ 77.6015, 21.3653 ], [ 77.5992, 21.3925 ], [ 77.651, 21.3934 ], [ 77.6672, 21.3715 ], [ 77.6911, 21.3971 ], [ 77.7052, 21.3591 ], [ 77.7994, 21.4123 ], [ 77.9388, 21.3869 ], [ 78.1693, 21.4985 ], [ 78.1809, 21.5587 ], [ 78.2693, 21.5707 ], [ 78.2661, 21.5943 ], [ 78.361, 21.5783 ], [ 78.3795, 21.6187 ], [ 78.4226, 21.6019 ], [ 78.4438, 21.406 ], [ 78.2467, 21.3301 ], [ 78.0708, 21.355 ], [ 78.0774, 21.2794 ], [ 78.0517, 21.2552 ], [ 78.141, 21.1385 ], [ 78.1418, 20.9533 ], [ 78.3133, 20.8239 ], [ 78.2921, 20.6975 ], [ 78.1077, 20.6409 ], [ 78.0848, 20.6729 ], [ 78.0345, 20.6673 ], [ 77.9204, 20.5593 ], [ 77.8892, 20.6244 ], [ 77.768, 20.5408 ], [ 77.6839, 20.5807 ], [ 77.6273, 20.5678 ], [ 77.6523, 20.6483 ], [ 77.6108, 20.7202 ], [ 77.6157, 20.7813 ] ] ] } },
{ "type": "Feature", "properties": { "state": "Maharashtra", "district": "Aurangabad" }, "geometry": { "type": "Polygon", "coordinates": [ [ [ 75.2113, 19.5725 ], [ 74.97, 19.6479 ], [ 74.8288, 19.6731 ], [ 74.793, 19.6503 ], [ 74.8107, 19.7038 ], [ 74.7343, 19.7 ], [ 74.7173, 19.7831 ], [ 74.6998, 19.7602 ], [ 74.6407, 19.7951 ], [ 74.5981, 19.7773 ], [ 74.6113, 19.8505 ], [ 74.6653, 19.8399 ], [ 74.6536, 19.9107 ], [ 74.7244, 20.0221 ], [ 74.728, 20.1915 ], [ 74.768, 20.1839 ], [ 74.8078, 20.2323 ], [ 74.7877, 20.2316 ], [ 74.8325, 20.2443 ], [ 74.8622, 20.2283 ], [ 74.8597, 20.1782 ], [ 74.9339, 20.1537 ], [ 74.9118, 20.2446 ], [ 74.9985, 20.3372 ], [ 75.0594, 20.3086 ], [ 75.0623, 20.3354 ], [ 75.1281, 20.3508 ], [ 75.1111, 20.4133 ], [ 75.164, 20.438 ], [ 75.1659, 20.4774 ], [ 75.2334, 20.4946 ], [ 75.2621, 20.5805 ], [ 75.3644, 20.5985 ], [ 75.3991, 20.5257 ], [ 75.4359, 20.5148 ], [ 75.4409, 20.5396 ], [ 75.4642, 20.5205 ], [ 75.4625, 20.5545 ], [ 75.4972, 20.5294 ], [ 75.5381, 20.6113 ], [ 75.661, 20.6283 ], [ 75.6676, 20.6716 ], [ 75.7899, 20.567 ], [ 75.8464, 20.5692 ], [ 75.8413, 20.6182 ], [ 75.8696, 20.6252 ], [ 75.8876, 20.5276 ], [ 75.8522, 20.4918 ], [ 75.8948, 20.4486 ], [ 75.8262, 20.4758 ], [ 75.7663, 20.4522 ], [ 75.7382, 20.4158 ], [ 75.7742, 20.3382 ], [ 75.6868, 20.3108 ], [ 75.6803, 20.1923 ], [ 75.6499, 20.1926 ], [ 75.6285, 20.1066 ], [ 75.5908, 20.1032 ], [ 75.5951, 20.0245 ], [ 75.6399, 20.0049 ], [ 75.6387, 19.9562 ], [ 75.6693, 19.9408 ], [ 75.6293, 19.7768 ], [ 75.6349, 19.6562 ], [ 75.5925, 19.6384 ], [ 75.6585, 19.5674 ], [ 75.6115, 19.382 ], [ 75.5249, 19.4013 ], [ 75.4939, 19.4406 ], [ 75.4708, 19.4137 ], [ 75.3455, 19.4063 ], [ 75.3584, 19.4418 ], [ 75.3272, 19.4546 ], [ 75.3583, 19.5013 ], [ 75.3329, 19.4799 ], [ 75.3353, 19.5037 ], [ 75.2794, 19.5136 ], [ 75.2839, 19.5497 ], [ 75.2602, 19.5241 ], [ 75.2113, 19.5725 ] ] ] } },
{ "type": "Feature", "properties": { "state": "Maharashtra", "district": "Bhandara" }, "geometry": { "type": "MultiPolygon", "coordinates": [ [ [ [ 79.8261, 21.2296 ], [ 79.9165, 21.2533 ], [ 80.0166, 21.2254 ], [ 80.0772, 21.1431 ], [ 80.0548, 21.105 ], [ 80.0792, 21.0455 ], [ 80.0411, 21.0025 ], [ 79.9429, 21.0114 ], [ 79.9414, 20.9256 ], [ 79.8589, 20.8757 ], [ 79.8596, 20.7807 ], [ 79.9339, 20.7846 ], [ 79.9095, 20.7374 ], [ 79.9655, 20.7004 ], [ 79.9266, 20.6656 ], [ 79.7966, 20.6835 ], [ 79.7555, 20.7305 ], [ 79.6894, 20.6397 ], [ 79.607, 20.6907 ], [ 79.503, 20.7036 ], [ 79.5544, 20.8026 ], [ 79.5355, 20.8476 ], [ 79.613, 20.8645 ], [ 79.6535, 20.9693 ], [ 79.5935, 21.0725 ], [ 79.5234, 21.0755 ], [ 79.4867, 21.1396 ], [ 79.4956, 21.1836 ], [ 79.5557, 21.1557 ], [ 79.5706, 21.2778 ], [ 79.4433, 21.4573 ], [ 79.5082, 21.5349 ], [ 79.7326, 21.6025 ], [ 79.9158, 21.5245 ], [ 79.8766, 21.4248 ], [ 79.7932, 21.3771 ], [ 79.8324, 21.3104 ], [ 79.8197, 21.2704 ], [ 79.859, 21.2583 ], [ 79.8261, 21.2296 ] ] ], [ [ [ 80.6656, 21.3221 ], [ 80.6322, 21.2473 ], [ 80.4573, 21.1728 ], [ 80.4264, 21.0986 ], [ 80.3818, 21.1393 ], [ 80.4022, 21.1842 ], [ 80.3384, 21.1726 ], [ 80.3201, 21.3059 ], [ 80.2608, 21.3533 ], [ 80.3559, 21.4056 ], [ 80.2916, 21.4322 ], [ 80.2746, 21.4891 ], [ 80.3777, 21.4901 ], [ 80.4113, 21.4382 ], [ 80.4044, 21.3758 ], [ 80.4855, 21.3976 ], [ 80.5932, 21.3248 ], [ 80.6656, 21.3221 ] ] ] ] } },
{ "type": "Feature", "properties": { "state": "Maharashtra", "district": "Bid" }, "geometry": { "type": "Polygon", "coordinates": [ [ [ 76.4365, 19.0957 ], [ 76.5219, 18.917 ], [ 76.5387, 18.9492 ], [ 76.5829, 18.9446 ], [ 76.587, 18.8738 ], [ 76.666, 18.8186 ], [ 76.6746, 18.7608 ], [ 76.7256, 18.7487 ], [ 76.7348, 18.6992 ], [ 76.6047, 18.6604 ], [ 76.5702, 18.6791 ], [ 76.5377, 18.5982 ], [ 76.4416, 18.6431 ], [ 76.3871, 18.5409 ], [ 76.292, 18.5748 ], [ 76.1709, 18.5846 ], [ 76.159, 18.5576 ], [ 76.1514, 18.5827 ], [ 76.0584, 18.573 ], [ 76.0107, 18.6063 ], [ 76.0005, 18.585 ], [ 75.9973, 18.6184 ], [ 75.9504, 18.6082 ], [ 75.942, 18.645 ], [ 75.8121, 18.6735 ], [ 75.6743, 18.6903 ], [ 75.6551, 18.6468 ], [ 75.5891, 18.697 ], [ 75.4214, 18.5329 ], [ 75.3484, 18.5615 ], [ 75.3382, 18.5247 ], [ 75.2642, 18.5087 ], [ 75.1726, 18.5811 ], [ 75.1788, 18.6315 ], [ 75.0122, 18.8045 ], [ 74.9032, 18.8475 ], [ 74.8906, 18.9097 ], [ 74.8624, 18.9046 ], [ 74.8168, 18.9731 ], [ 74.9569, 18.9687 ], [ 74.9562, 19.0332 ], [ 74.9203, 19.0402 ], [ 74.9463, 19.1302 ], [ 75.0577, 19.0991 ], [ 75.1133, 19.1241 ], [ 75.075, 19.0579 ], [ 75.1844, 19.013 ], [ 75.2129, 19.0231 ], [ 75.1932, 19.0931 ], [ 75.2255, 19.1106 ], [ 75.2295, 19.066 ], [ 75.2663, 19.07 ], [ 75.276, 18.9927 ], [ 75.3443, 18.9899 ], [ 75.3496, 19.0231 ], [ 75.2901, 19.0324 ], [ 75.2863, 19.0789 ], [ 75.367, 19.0765 ], [ 75.3349, 19.1504 ], [ 75.4129, 19.1343 ], [ 75.3867, 19.0781 ], [ 75.4893, 19.104 ], [ 75.4872, 19.1261 ], [ 75.436, 19.1168 ], [ 75.451, 19.1704 ], [ 75.4068, 19.194 ], [ 75.5435, 19.309 ], [ 75.5212, 19.3302 ], [ 75.5373, 19.3755 ], [ 75.4891, 19.3829 ], [ 75.4939, 19.4406 ], [ 75.5249, 19.4013 ], [ 75.6894, 19.3558 ], [ 75.7556, 19.3592 ], [ 75.7731, 19.3958 ], [ 75.8406, 19.3711 ], [ 75.9187, 19.3883 ], [ 75.9078, 19.3196 ], [ 75.9389, 19.2928 ], [ 76.0198, 19.3398 ], [ 76.0396, 19.2863 ], [ 76.0838, 19.28 ], [ 76.1015, 19.3085 ], [ 76.1989, 19.285 ], [ 76.2264, 19.2417 ], [ 76.3464, 19.2496 ], [ 76.3604, 19.1523 ], [ 76.3206, 19.1142 ], [ 76.3495, 19.1008 ], [ 76.3777, 19.1311 ], [ 76.4365, 19.0957 ] ] ] } },
{ "type": "Feature", "properties": { "state": "Maharashtra", "district": "Buldana" }, "geometry": { "type": "Polygon", "coordinates": [ [ [ 76.3783, 19.9198 ], [ 76.339, 19.8828 ], [ 76.1401, 19.8454 ], [ 75.9974, 19.9764 ], [ 76.0822, 20.1216 ], [ 76.1513, 20.1786 ], [ 76.1776, 20.2982 ], [ 76.0986, 20.353 ], [ 76.0295, 20.3026 ], [ 75.9813, 20.3223 ], [ 75.9206, 20.2981 ], [ 75.9425, 20.3727 ], [ 75.9684, 20.3751 ], [ 75.9508, 20.5211 ], [ 76.0403, 20.5566 ], [ 76.0328, 20.6402 ], [ 75.9982, 20.6691 ], [ 76.016, 20.7332 ], [ 75.987, 20.7606 ], [ 76.0498, 20.7901 ], [ 76.1114, 20.8836 ], [ 76.0839, 20.9295 ], [ 76.166, 21.042 ], [ 76.2798, 20.9601 ], [ 76.346, 20.9517 ], [ 76.3934, 21.0161 ], [ 76.3825, 21.0793 ], [ 76.4527, 21.1149 ], [ 76.4874, 21.1961 ], [ 76.6234, 21.1927 ], [ 76.6611, 21.2824 ], [ 76.7222, 21.2913 ], [ 76.7818, 21.191 ], [ 76.7636, 21.0406 ], [ 76.806, 20.9594 ], [ 76.7838, 20.9103 ], [ 76.6634, 20.9276 ], [ 76.7438, 20.8012 ], [ 76.7153, 20.6526 ], [ 76.761, 20.5421 ], [ 76.6924, 20.4598 ], [ 76.7261, 20.4028 ], [ 76.6981, 20.3546 ], [ 76.7911, 20.3165 ], [ 76.8252, 20.247 ], [ 76.7456, 20.2058 ], [ 76.7571, 20.1317 ], [ 76.6695, 20.1274 ], [ 76.6464, 20.0694 ], [ 76.6291, 20.0833 ], [ 76.6236, 20.0507 ], [ 76.6612, 20.0489 ], [ 76.6581, 19.9638 ], [ 76.6055, 19.9218 ], [ 76.6105, 19.8912 ], [ 76.6578, 19.8928 ], [ 76.6221, 19.8433 ], [ 76.5394, 19.8455 ], [ 76.4897, 19.9189 ], [ 76.3783, 19.9198 ] ] ] } },
{ "type": "Feature", "properties": { "state": "Maharashtra", "district": "Chandrapur" }, "geometry": { "type": "Polygon", "coordinates": [ [ [ 79.5427, 19.5485 ], [ 79.4704, 19.4975 ], [ 79.2439, 19.6126 ], [ 79.2229, 19.4678 ], [ 79.1778, 19.4607 ], [ 79.1029, 19.528 ], [ 78.9546, 19.5518 ], [ 78.9805, 19.5851 ], [ 78.9542, 19.6634 ], [ 78.8588, 19.6563 ], [ 78.8483, 19.7653 ], [ 78.9434, 19.7474 ], [ 78.9531, 19.802 ], [ 79.06, 19.8135 ], [ 79.1459, 19.8918 ], [ 79.0892, 19.9135 ], [ 79.1029, 20.007 ], [ 79.0111, 20.112 ], [ 78.965, 20.1225 ], [ 78.9572, 20.2021 ], [ 78.9159, 20.2519 ], [ 78.8073, 20.2535 ], [ 78.8141, 20.3927 ], [ 78.8504, 20.4088 ], [ 78.841, 20.4333 ], [ 78.9454, 20.4282 ], [ 79.0184, 20.4782 ], [ 79.125, 20.4537 ], [ 79.2206, 20.5831 ], [ 79.3159, 20.5829 ], [ 79.347, 20.671 ], [ 79.4289, 20.6584 ], [ 79.5147, 20.7083 ], [ 79.6894, 20.6397 ], [ 79.7555, 20.7305 ], [ 79.7966, 20.6835 ], [ 79.8879, 20.6823 ], [ 79.9346, 20.6479 ], [ 79.9212, 20.5511 ], [ 79.9673, 20.3486 ], [ 79.9389, 20.2926 ], [ 79.9893, 20.2181 ], [ 79.9057, 20.1439 ], [ 79.9658, 20.111 ], [ 79.985, 20.0434 ], [ 79.906, 19.9657 ], [ 79.8422, 20.0307 ], [ 79.7743, 19.9986 ], [ 79.7987, 19.8917 ], [ 79.7374, 19.8145 ], [ 79.7803, 19.7152 ], [ 79.7854, 19.5936 ], [ 79.6397, 19.575 ], [ 79.5913, 19.5017 ], [ 79.5427, 19.5485 ] ] ] } },
{ "type": "Feature", "properties": { "state": "Maharashtra", "district": "Dhule" }, "geometry": { "type": "Polygon", "coordinates": [ [ [ 74.8625, 21.0672 ], [ 74.9241, 21.0123 ], [ 74.9171, 20.9285 ], [ 74.9648, 20.9068 ], [ 74.9893, 20.8239 ], [ 74.9648, 20.8065 ], [ 74.9971, 20.7503 ], [ 74.9325, 20.659 ], [ 74.8321, 20.6335 ], [ 74.6548, 20.6963 ], [ 74.6689, 20.7757 ], [ 74.5767, 20.8342 ], [ 74.4426, 20.8027 ], [ 74.3923, 20.836 ], [ 74.4014, 20.8607 ], [ 73.9359, 20.8434 ], [ 73.895, 20.9401 ], [ 73.914, 20.97 ], [ 73.8572, 20.9977 ], [ 73.8627, 21.031 ], [ 73.9606, 21.0328 ], [ 73.9813, 21.1122 ], [ 74.023, 21.104 ], [ 74.0253, 21.1451 ], [ 74.0749, 21.1286 ], [ 74.0636, 21.1725 ], [ 74.1617, 21.2332 ], [ 74.1857, 21.2102 ], [ 74.2602, 21.2505 ], [ 74.3465, 21.2304 ], [ 74.4137, 21.2686 ], [ 74.4958, 21.2411 ], [ 74.5018, 21.4291 ], [ 74.689, 21.4044 ], [ 74.7017, 21.4724 ], [ 74.757, 21.4775 ], [ 74.775, 21.6155 ], [ 74.8649, 21.634 ], [ 75.0577, 21.5649 ], [ 75.1151, 21.4596 ], [ 75.2075, 21.4158 ], [ 75.1435, 21.3863 ], [ 75.1502, 21.3512 ], [ 75.1235, 21.3459 ], [ 75.1539, 21.3251 ], [ 75.1065, 21.238 ], [ 75.0017, 21.1893 ], [ 74.9464, 21.2269 ], [ 74.966, 21.1937 ], [ 74.8958, 21.1532 ], [ 74.8625, 21.0672 ] ] ] } },
{ "type": "Feature", "properties": { "state": "Maharashtra", "district": "Garhchiroli" }, "geometry": { "type": "Polygon", "coordinates": [ [ [ 80.2641, 18.9405 ], [ 80.3478, 18.8159 ], [ 80.2422, 18.7597 ], [ 80.2675, 18.718 ], [ 80.189, 18.6756 ], [ 80.1066, 18.6775 ], [ 79.894, 18.8308 ], [ 79.939, 18.8589 ], [ 79.9345, 19.0217 ], [ 79.9161, 19.0474 ], [ 79.8596, 19.0346 ], [ 79.858, 19.1041 ], [ 79.9432, 19.1706 ], [ 79.9202, 19.2264 ], [ 79.9731, 19.401 ], [ 79.9402, 19.4645 ], [ 79.7863, 19.5897 ], [ 79.7377, 19.8214 ], [ 79.7987, 19.8917 ], [ 79.7658, 19.9702 ], [ 79.7923, 20.0186 ], [ 79.8422, 20.0307 ], [ 79.906, 19.9657 ], [ 79.985, 20.0434 ], [ 79.9658, 20.111 ], [ 79.9057, 20.1439 ], [ 79.9893, 20.2181 ], [ 79.9389, 20.2926 ], [ 79.967, 20.3593 ], [ 79.9212, 20.5511 ], [ 79.928, 20.6753 ], [ 80.012, 20.6653 ], [ 80.0519, 20.7068 ], [ 80.2349, 20.6518 ], [ 80.2978, 20.7125 ], [ 80.3251, 20.8186 ], [ 80.5122, 20.8297 ], [ 80.5559, 20.8197 ], [ 80.5801, 20.6836 ], [ 80.4816, 20.6171 ], [ 80.5119, 20.5851 ], [ 80.6223, 20.6039 ], [ 80.586, 20.3956 ], [ 80.6178, 20.3337 ], [ 80.5108, 20.2696 ], [ 80.383, 20.2417 ], [ 80.414, 20.1902 ], [ 80.3938, 20.144 ], [ 80.498, 20.1389 ], [ 80.5462, 20.0657 ], [ 80.5204, 19.9309 ], [ 80.4437, 19.9527 ], [ 80.4063, 19.9325 ], [ 80.4077, 19.9059 ], [ 80.4827, 19.8989 ], [ 80.4975, 19.8687 ], [ 80.3947, 19.7946 ], [ 80.4781, 19.7724 ], [ 80.4692, 19.8247 ], [ 80.5424, 19.8193 ], [ 80.5397, 19.7746 ], [ 80.6658, 19.6922 ], [ 80.6569, 19.6123 ], [ 80.8276, 19.5627 ], [ 80.8921, 19.4657 ], [ 80.7879, 19.4267 ], [ 80.845, 19.3609 ], [ 80.7492, 19.2867 ], [ 80.6886, 19.2835 ], [ 80.6719, 19.3264 ], [ 80.6102, 19.3071 ], [ 80.5678, 19.4009 ], [ 80.4756, 19.335 ], [ 80.4454, 19.2699 ], [ 80.3792, 19.2326 ], [ 80.3811, 19.1807 ], [ 80.3249, 19.1415 ], [ 80.2641, 18.9405 ] ] ] } },
{ "type": "Feature", "properties": { "state": "Maharashtra", "district": "Gondiya" }, "geometry": { "type": "Polygon", "coordinates": [ [ [ 80.4364, 21.0927 ], [ 80.4488, 20.9453 ], [ 80.5418, 20.9339 ], [ 80.5559, 20.8197 ], [ 80.3251, 20.8186 ], [ 80.2978, 20.7125 ], [ 80.2349, 20.6518 ], [ 80.0519, 20.7068 ], [ 79.9827, 20.6726 ], [ 79.9095, 20.7374 ], [ 79.9339, 20.7846 ], [ 79.8596, 20.7807 ], [ 79.8589, 20.8757 ], [ 79.9414, 20.9256 ], [ 79.9429, 21.0114 ], [ 80.0411, 21.0025 ], [ 80.0792, 21.0455 ], [ 80.0548, 21.105 ], [ 80.0772, 21.1431 ], [ 80.0433, 21.2101 ], [ 79.9355, 21.2522 ], [ 79.8306, 21.2242 ], [ 79.859, 21.2583 ], [ 79.8197, 21.2704 ], [ 79.8324, 21.3104 ], [ 79.7932, 21.3771 ], [ 79.8766, 21.4248 ], [ 79.9272, 21.5537 ], [ 79.9967, 21.5353 ], [ 80.1882, 21.6342 ], [ 80.2602, 21.6201 ], [ 80.3753, 21.4911 ], [ 80.2763, 21.4918 ], [ 80.2772, 21.4475 ], [ 80.3559, 21.4056 ], [ 80.2608, 21.3533 ], [ 80.3201, 21.3059 ], [ 80.3384, 21.1726 ], [ 80.4022, 21.1842 ], [ 80.3818, 21.1393 ], [ 80.4364, 21.0927 ] ] ] } },
{ "type": "Feature", "properties": { "state": "Maharashtra", "district": "Hingoli" }, "geometry": { "type": "Polygon", "coordinates": [ [ [ 77.3111, 19.3531 ], [ 77.2774, 19.3145 ], [ 77.2416, 19.3206 ], [ 77.2356, 19.2734 ], [ 77.1817, 19.2297 ], [ 77.1923, 19.1433 ], [ 77.1562, 19.083 ], [ 77.0885, 19.0682 ], [ 77.0912, 19.1356 ], [ 77.1182, 19.1493 ], [ 77.0359, 19.201 ], [ 77.0197, 19.2822 ], [ 76.9243, 19.2474 ], [ 76.9302, 19.2966 ], [ 76.8911, 19.3113 ], [ 76.9193, 19.4463 ], [ 76.951, 19.4889 ], [ 76.9844, 19.4752 ], [ 76.9408, 19.6225 ], [ 76.9015, 19.6442 ], [ 76.8694, 19.6187 ], [ 76.8492, 19.7048 ], [ 76.7868, 19.6713 ], [ 76.7796, 19.7309 ], [ 76.7537, 19.6893 ], [ 76.6861, 19.7817 ], [ 76.69, 19.8731 ], [ 76.7379, 19.8727 ], [ 76.7717, 19.9335 ], [ 76.8217, 19.9274 ], [ 76.8354, 19.9615 ], [ 76.8943, 19.9467 ], [ 76.9911, 20.0185 ], [ 77.0588, 19.9967 ], [ 77.0997, 19.9333 ], [ 77.2014, 19.9919 ], [ 77.2383, 19.8927 ], [ 77.3133, 19.91 ], [ 77.2959, 19.8799 ], [ 77.3624, 19.8584 ], [ 77.3417, 19.8294 ], [ 77.3871, 19.8212 ], [ 77.406, 19.7769 ], [ 77.3803, 19.7289 ], [ 77.4329, 19.7295 ], [ 77.467, 19.6647 ], [ 77.478, 19.5999 ], [ 77.4509, 19.5673 ], [ 77.4905, 19.4661 ], [ 77.4494, 19.4394 ], [ 77.4467, 19.3824 ], [ 77.3832, 19.3406 ], [ 77.3111, 19.3531 ] ] ] } },
{ "type": "Feature", "properties": { "state": "Maharashtra", "district": "Jalgaon" }, "geometry": { "type": "Polygon", "coordinates": [ [ [ 75.1653, 20.4441 ], [ 75.1111, 20.4133 ], [ 75.1281, 20.3508 ], [ 75.0623, 20.3354 ], [ 75.0594, 20.3086 ], [ 75.0031, 20.3382 ], [ 74.9467, 20.2718 ], [ 74.8737, 20.2783 ], [ 74.8456, 20.4112 ], [ 74.7772, 20.4719 ], [ 74.7656, 20.54 ], [ 74.7993, 20.5409 ], [ 74.8184, 20.6352 ], [ 74.9325, 20.659 ], [ 74.9971, 20.7503 ], [ 74.9648, 20.8065 ], [ 74.9893, 20.8239 ], [ 74.9648, 20.9068 ], [ 74.9171, 20.9285 ], [ 74.9241, 21.0123 ], [ 74.8611, 21.0648 ], [ 74.8917, 21.1469 ], [ 74.966, 21.1937 ], [ 74.9464, 21.2269 ], [ 75.0017, 21.1893 ], [ 75.1065, 21.238 ], [ 75.1629, 21.4049 ], [ 75.2996, 21.4157 ], [ 75.3019, 21.3892 ], [ 75.5481, 21.3725 ], [ 75.9594, 21.3962 ], [ 76.0524, 21.3527 ], [ 76.0987, 21.3739 ], [ 76.1727, 21.1883 ], [ 76.114, 21.1646 ], [ 76.1686, 21.0858 ], [ 76.3845, 21.0766 ], [ 76.3823, 20.9795 ], [ 76.346, 20.9517 ], [ 76.2798, 20.9601 ], [ 76.166, 21.042 ], [ 76.0839, 20.9295 ], [ 76.1114, 20.8836 ], [ 76.0498, 20.7901 ], [ 75.987, 20.7606 ], [ 76.0164, 20.7312 ], [ 76.0107, 20.6409 ], [ 75.9338, 20.6014 ], [ 75.932, 20.5525 ], [ 75.8899, 20.565 ], [ 75.8696, 20.6252 ], [ 75.8413, 20.6182 ], [ 75.8464, 20.5692 ], [ 75.7899, 20.567 ], [ 75.6704, 20.6722 ], [ 75.661, 20.6283 ], [ 75.5381, 20.6113 ], [ 75.5276, 20.5623 ], [ 75.4972, 20.5294 ], [ 75.4625, 20.5545 ], [ 75.4602, 20.5176 ], [ 75.4526, 20.5419 ], [ 75.4359, 20.5148 ], [ 75.3991, 20.5257 ], [ 75.3644, 20.5985 ], [ 75.2621, 20.5805 ], [ 75.2334, 20.4946 ], [ 75.1659, 20.4774 ], [ 75.1653, 20.4441 ] ] ] } },
{ "type": "Feature", "properties": { "state": "Maharashtra", "district": "Jalna" }, "geometry": { "type": "Polygon", "coordinates": [ [ [ 76.1989, 19.285 ], [ 76.1015, 19.3085 ], [ 76.0838, 19.28 ], [ 76.0396, 19.2863 ], [ 76.0198, 19.3398 ], [ 75.9343, 19.294 ], [ 75.9107, 19.3897 ], [ 75.8406, 19.3711 ], [ 75.7731, 19.3958 ], [ 75.7556, 19.3592 ], [ 75.6894, 19.3558 ], [ 75.6115, 19.382 ], [ 75.6585, 19.5674 ], [ 75.5925, 19.6384 ], [ 75.6349, 19.6562 ], [ 75.6293, 19.7768 ], [ 75.6693, 19.9408 ], [ 75.6387, 19.9562 ], [ 75.6399, 20.0049 ], [ 75.5951, 20.0245 ], [ 75.5908, 20.1032 ], [ 75.6285, 20.1066 ], [ 75.6499, 20.1926 ], [ 75.6803, 20.1923 ], [ 75.6868, 20.3108 ], [ 75.7742, 20.3382 ], [ 75.7401, 20.4209 ], [ 75.8204, 20.475 ], [ 75.8948, 20.4486 ], [ 75.8522, 20.4918 ], [ 75.8876, 20.5276 ], [ 75.8654, 20.5634 ], [ 75.932, 20.5525 ], [ 75.9338, 20.6014 ], [ 76.018, 20.6473 ], [ 76.0403, 20.5566 ], [ 75.9508, 20.5211 ], [ 75.9684, 20.3751 ], [ 75.9425, 20.3727 ], [ 75.9206, 20.2981 ], [ 75.9813, 20.3223 ], [ 76.0295, 20.3026 ], [ 76.0986, 20.353 ], [ 76.1776, 20.2795 ], [ 76.1513, 20.1786 ], [ 76.0822, 20.1216 ], [ 75.9974, 19.9764 ], [ 76.1401, 19.8454 ], [ 76.339, 19.8828 ], [ 76.3675, 19.9266 ], [ 76.3896, 19.9051 ], [ 76.4897, 19.9189 ], [ 76.5326, 19.8651 ], [ 76.483, 19.7936 ], [ 76.5099, 19.763 ], [ 76.4592, 19.7472 ], [ 76.487, 19.6775 ], [ 76.4493, 19.6602 ], [ 76.4418, 19.5412 ], [ 76.3781, 19.5366 ], [ 76.3653, 19.4682 ], [ 76.2909, 19.4319 ], [ 76.2794, 19.3445 ], [ 76.1989, 19.285 ] ] ] } },
{ "type": "Feature", "properties": { "state": "Maharashtra", "district": "Kolhapur" }, "geometry": { "type": "Polygon", "coordinates": [ [ [ 74.4559, 16.0522 ], [ 74.3919, 15.9012 ], [ 74.4116, 15.8526 ], [ 74.3741, 15.8916 ], [ 74.3445, 15.8521 ], [ 74.3893, 15.8441 ], [ 74.3509, 15.7634 ], [ 74.2501, 15.7412 ], [ 74.2355, 15.7868 ], [ 74.1806, 15.7722 ], [ 74.1665, 15.8193 ], [ 74.1022, 15.8375 ], [ 74.0565, 15.8046 ], [ 74.0872, 15.7664 ], [ 74.037, 15.7622 ], [ 74.0401, 15.8319 ], [ 74.1003, 15.8696 ], [ 74.0812, 15.9462 ], [ 74.0537, 15.9547 ], [ 74.0984, 16.0045 ], [ 74.0675, 16.0482 ], [ 74.0098, 16.0358 ], [ 74.0056, 16.0865 ], [ 73.8446, 16.092 ], [ 73.8546, 16.1505 ], [ 73.9184, 16.1334 ], [ 73.9673, 16.2039 ], [ 73.9359, 16.1983 ], [ 73.9524, 16.2412 ], [ 73.9015, 16.2291 ], [ 73.9285, 16.2441 ], [ 73.8902, 16.2776 ], [ 73.9132, 16.3266 ], [ 73.8501, 16.315 ], [ 73.875, 16.372 ], [ 73.8467, 16.4013 ], [ 73.8971, 16.4558 ], [ 73.8271, 16.5433 ], [ 73.8721, 16.6068 ], [ 73.8693, 16.6791 ], [ 73.8223, 16.705 ], [ 73.8499, 16.7373 ], [ 73.7216, 16.8284 ], [ 73.7756, 16.8475 ], [ 73.7488, 16.9112 ], [ 73.7994, 16.9065 ], [ 73.775, 16.9612 ], [ 73.8427, 16.9893 ], [ 73.8434, 17.0526 ], [ 73.699, 17.157 ], [ 73.8365, 17.1661 ], [ 73.9891, 17.0328 ], [ 73.9794, 16.9918 ], [ 74.0306, 16.9831 ], [ 74.0742, 16.902 ], [ 74.1288, 16.9101 ], [ 74.1554, 16.8825 ], [ 74.2304, 16.9093 ], [ 74.2509, 16.8838 ], [ 74.2885, 16.9141 ], [ 74.3677, 16.852 ], [ 74.4091, 16.8785 ], [ 74.4201, 16.8404 ], [ 74.4761, 16.8658 ], [ 74.5036, 16.8276 ], [ 74.5227, 16.8552 ], [ 74.7054, 16.7324 ], [ 74.6605, 16.6376 ], [ 74.6934, 16.6073 ], [ 74.6428, 16.6068 ], [ 74.6364, 16.5757 ], [ 74.5622, 16.558 ], [ 74.5514, 16.6332 ], [ 74.498, 16.6266 ], [ 74.4774, 16.6608 ], [ 74.4725, 16.6048 ], [ 74.4035, 16.5787 ], [ 74.3899, 16.5279 ], [ 74.3294, 16.5535 ], [ 74.3141, 16.5021 ], [ 74.2764, 16.5445 ], [ 74.2858, 16.5034 ], [ 74.2532, 16.4949 ], [ 74.2688, 16.476 ], [ 74.2999, 16.5026 ], [ 74.2963, 16.459 ], [ 74.3389, 16.4522 ], [ 74.3427, 16.4005 ], [ 74.3678, 16.3985 ], [ 74.3617, 16.3647 ], [ 74.3255, 16.3792 ], [ 74.3338, 16.2681 ], [ 74.3801, 16.2935 ], [ 74.5083, 16.2229 ], [ 74.4891, 16.0873 ], [ 74.4346, 16.1106 ], [ 74.3682, 16.053 ], [ 74.4559, 16.0522 ] ] ] } },
{ "type": "Feature", "properties": { "state": "Maharashtra", "district": "Latur" }, "geometry": { "type": "Polygon", "coordinates": [ [ [ 76.9177, 18.0332 ], [ 76.9164, 17.9151 ], [ 76.8028, 17.8683 ], [ 76.6741, 17.9205 ], [ 76.6838, 17.9861 ], [ 76.6061, 18.0091 ], [ 76.6111, 18.0366 ], [ 76.4276, 18.0292 ], [ 76.3811, 18.0882 ], [ 76.3208, 18.0755 ], [ 76.2767, 18.1385 ], [ 76.3182, 18.3282 ], [ 76.2849, 18.34 ], [ 76.2879, 18.3851 ], [ 76.2589, 18.3639 ], [ 76.2002, 18.3981 ], [ 76.2329, 18.4327 ], [ 76.2714, 18.4194 ], [ 76.2551, 18.5183 ], [ 76.2797, 18.5738 ], [ 76.4058, 18.548 ], [ 76.4175, 18.6245 ], [ 76.4527, 18.6452 ], [ 76.5377, 18.5982 ], [ 76.5702, 18.6791 ], [ 76.6047, 18.6604 ], [ 76.731, 18.6957 ], [ 76.744, 18.7736 ], [ 76.8833, 18.8342 ], [ 76.9932, 18.8267 ], [ 77.006, 18.7663 ], [ 77.0546, 18.7651 ], [ 77.0443, 18.6821 ], [ 77.1795, 18.7015 ], [ 77.1533, 18.6453 ], [ 77.2678, 18.6098 ], [ 77.2638, 18.5643 ], [ 77.2936, 18.5461 ], [ 77.2457, 18.4898 ], [ 77.2979, 18.4656 ], [ 77.2537, 18.4523 ], [ 77.2062, 18.278 ], [ 77.1705, 18.2809 ], [ 77.15, 18.2166 ], [ 77.0955, 18.1951 ], [ 77.1089, 18.1527 ], [ 76.9541, 18.1849 ], [ 76.9223, 18.1202 ], [ 76.9683, 18.0971 ], [ 76.9546, 18.0397 ], [ 76.9177, 18.0332 ] ] ] } },
{ "type": "Feature", "properties": { "state": "Maharashtra", "district": "Mumbai City" }, "geometry": { "type": "Polygon", "coordinates": [ [ [ 72.8841, 19.009 ], [ 72.8621, 19.0029 ], [ 72.8449, 18.9249 ], [ 72.8079, 18.8907 ], [ 72.8146, 19.0271 ], [ 72.8594, 19.0547 ], [ 72.8841, 19.009 ] ] ] } },
{ "type": "Feature", "properties": { "state": "Maharashtra", "district": "Mumbai Suburban" }, "geometry": { "type": "MultiPolygon", "coordinates": [ [ [ [ 72.9054, 18.9901 ], [ 72.8685, 19.0517 ], [ 72.816, 19.0424 ], [ 72.8035, 19.1415 ], [ 72.8296, 19.166 ], [ 72.8299, 19.1824 ], [ 72.7935, 19.1299 ], [ 72.7801, 19.166 ], [ 72.8565, 19.2692 ], [ 72.9847, 19.1727 ], [ 72.944, 19.0953 ], [ 72.9554, 19.0276 ], [ 72.9054, 18.9901 ] ] ], [ [ [ 72.7804, 19.1329 ], [ 72.7826, 19.1351 ], [ 72.7835, 19.1324 ], [ 72.7804, 19.1329 ] ] ], [ [ [ 72.8215, 19.2415 ], [ 72.7932, 19.1951 ], [ 72.7824, 19.1932 ], [ 72.7835, 19.2651 ], [ 72.8215, 19.2415 ] ] ] ] } },
{ "type": "Feature", "properties": { "state": "Maharashtra", "district": "Nagpur" }, "geometry": { "type": "Polygon", "coordinates": [ [ [ 79.6113, 20.8639 ], [ 79.5355, 20.8476 ], [ 79.5544, 20.8026 ], [ 79.4996, 20.6995 ], [ 79.4289, 20.6584 ], [ 79.347, 20.671 ], [ 79.3159, 20.5829 ], [ 79.219, 20.5818 ], [ 79.0985, 20.7122 ], [ 78.9398, 20.7672 ], [ 78.9106, 20.8355 ], [ 78.8697, 20.8271 ], [ 78.8372, 20.8911 ], [ 78.7733, 20.8918 ], [ 78.7258, 21.0054 ], [ 78.6019, 21.0702 ], [ 78.4733, 21.2208 ], [ 78.3283, 21.2519 ], [ 78.2477, 21.3385 ], [ 78.4438, 21.406 ], [ 78.4273, 21.4993 ], [ 78.5021, 21.5266 ], [ 78.7198, 21.4646 ], [ 78.7465, 21.4939 ], [ 78.7722, 21.4671 ], [ 78.7846, 21.4891 ], [ 78.9318, 21.4874 ], [ 78.9132, 21.5924 ], [ 78.9944, 21.6187 ], [ 79.0881, 21.5992 ], [ 79.1478, 21.6605 ], [ 79.2199, 21.6508 ], [ 79.2287, 21.7239 ], [ 79.349, 21.6789 ], [ 79.4585, 21.6873 ], [ 79.5395, 21.5652 ], [ 79.4445, 21.4357 ], [ 79.4772, 21.428 ], [ 79.5706, 21.2778 ], [ 79.5557, 21.1557 ], [ 79.4956, 21.1836 ], [ 79.4867, 21.1396 ], [ 79.5234, 21.0755 ], [ 79.5935, 21.0725 ], [ 79.6535, 20.9693 ], [ 79.6113, 20.8639 ] ] ] } },
{ "type": "Feature", "properties": { "state": "Maharashtra", "district": "Nanded" }, "geometry": { "type": "Polygon", "coordinates": [ [ [ 77.5198, 18.3074 ], [ 77.4654, 18.26 ], [ 77.4364, 18.3065 ], [ 77.3588, 18.3106 ], [ 77.4101, 18.3885 ], [ 77.3698, 18.4007 ], [ 77.3696, 18.4477 ], [ 77.2646, 18.4184 ], [ 77.2537, 18.4523 ], [ 77.2979, 18.4656 ], [ 77.2457, 18.4898 ], [ 77.2936, 18.5461 ], [ 77.2638, 18.5643 ], [ 77.2678, 18.6098 ], [ 77.1533, 18.6453 ], [ 77.1795, 18.7015 ], [ 77.0443, 18.6821 ], [ 77.0546, 18.7651 ], [ 77.006, 18.7663 ], [ 76.9932, 18.8267 ], [ 77.0107, 18.8773 ], [ 76.932, 18.8998 ], [ 77.0241, 18.9389 ], [ 77.0826, 19.1072 ], [ 77.0885, 19.0682 ], [ 77.1562, 19.083 ], [ 77.1923, 19.1433 ], [ 77.1787, 19.2232 ], [ 77.2356, 19.2734 ], [ 77.2416, 19.3206 ], [ 77.2774, 19.3145 ], [ 77.311, 19.3537 ], [ 77.378, 19.3379 ], [ 77.4467, 19.3824 ], [ 77.4494, 19.4394 ], [ 77.4905, 19.4661 ], [ 77.4509, 19.5673 ], [ 77.478, 19.5999 ], [ 77.4565, 19.682 ], [ 77.6041, 19.6468 ], [ 77.6413, 19.6076 ], [ 77.6307, 19.5555 ], [ 77.746, 19.5214 ], [ 77.6954, 19.4382 ], [ 77.8011, 19.4638 ], [ 77.8309, 19.4387 ], [ 77.8391, 19.5093 ], [ 77.8816, 19.4998 ], [ 77.9037, 19.5327 ], [ 77.9717, 19.5055 ], [ 77.9873, 19.4545 ], [ 78.0217, 19.4967 ], [ 78.0636, 19.4662 ], [ 78.1168, 19.5006 ], [ 78.1156, 19.5529 ], [ 78.1846, 19.5666 ], [ 78.1746, 19.6544 ], [ 78.0856, 19.6447 ], [ 78.0361, 19.6999 ], [ 77.9844, 19.6804 ], [ 77.9296, 19.7391 ], [ 77.8567, 19.7435 ], [ 77.8453, 19.8007 ], [ 77.9499, 19.9112 ], [ 78.0491, 19.9306 ], [ 78.0988, 19.8965 ], [ 78.2483, 19.9291 ], [ 78.2502, 19.8726 ], [ 78.3102, 19.9127 ], [ 78.2941, 19.8496 ], [ 78.339, 19.8392 ], [ 78.3677, 19.7811 ], [ 78.3453, 19.7136 ], [ 78.2697, 19.6631 ], [ 78.311, 19.6042 ], [ 78.2791, 19.5582 ], [ 78.3089, 19.4564 ], [ 78.1822, 19.4118 ], [ 78.1972, 19.3317 ], [ 78.1701, 19.2363 ], [ 78.0511, 19.2418 ], [ 77.9489, 19.3413 ], [ 77.8609, 19.3021 ], [ 77.9057, 19.2672 ], [ 77.8674, 19.2553 ], [ 77.8465, 19.197 ], [ 77.8481, 19.0901 ], [ 77.8027, 19.102 ], [ 77.7972, 19.0513 ], [ 77.7617, 19.062 ], [ 77.7574, 19.0286 ], [ 77.7674, 18.9814 ], [ 77.8537, 18.9523 ], [ 77.8405, 18.9113 ], [ 77.8816, 18.9085 ], [ 77.9426, 18.8223 ], [ 77.8375, 18.8075 ], [ 77.7864, 18.6841 ], [ 77.7576, 18.7071 ], [ 77.7329, 18.676 ], [ 77.7365, 18.5548 ], [ 77.6576, 18.5272 ], [ 77.6488, 18.5526 ], [ 77.5973, 18.5475 ], [ 77.6011, 18.4742 ], [ 77.5462, 18.4634 ], [ 77.5852, 18.4454 ], [ 77.5259, 18.4274 ], [ 77.5552, 18.4179 ], [ 77.5195, 18.3493 ], [ 77.5702, 18.3082 ], [ 77.5198, 18.3074 ] ] ] } },
{ "type": "Feature", "properties": { "state": "Maharashtra", "district": "Nandurbar" }, "geometry": { "type": "Polygon", "coordinates": [ [ [ 73.8501, 21.0014 ], [ 73.7694, 21.0145 ], [ 73.7422, 21.0555 ], [ 73.7526, 21.1141 ], [ 73.6599, 21.1084 ], [ 73.5883, 21.1679 ], [ 73.6132, 21.1761 ], [ 73.6364, 21.1327 ], [ 73.8225, 21.1719 ], [ 73.8321, 21.2675 ], [ 73.9485, 21.2976 ], [ 73.9528, 21.4024 ], [ 74.0485, 21.4194 ], [ 74.0672, 21.4819 ], [ 74.109, 21.448 ], [ 74.3059, 21.4794 ], [ 74.3355, 21.5402 ], [ 74.31, 21.5673 ], [ 74.2052, 21.5292 ], [ 74.1829, 21.5616 ], [ 74.0692, 21.5595 ], [ 73.8608, 21.4958 ], [ 73.7876, 21.625 ], [ 73.8856, 21.6451 ], [ 73.8964, 21.7003 ], [ 73.8105, 21.8233 ], [ 74.1382, 21.9534 ], [ 74.2016, 21.9255 ], [ 74.2906, 21.9361 ], [ 74.3883, 22.0202 ], [ 74.446, 22.0265 ], [ 74.4486, 21.9711 ], [ 74.5275, 21.9088 ], [ 74.5118, 21.725 ], [ 74.5906, 21.6642 ], [ 74.775, 21.6155 ], [ 74.757, 21.4775 ], [ 74.7017, 21.4724 ], [ 74.689, 21.4044 ], [ 74.5018, 21.4291 ], [ 74.4958, 21.2411 ], [ 74.4137, 21.2686 ], [ 74.3465, 21.2304 ], [ 74.2602, 21.2505 ], [ 74.1857, 21.2102 ], [ 74.1617, 21.2332 ], [ 74.0636, 21.1725 ], [ 74.0749, 21.1286 ], [ 74.0253, 21.1451 ], [ 74.023, 21.104 ], [ 73.9813, 21.1122 ], [ 73.9606, 21.0328 ], [ 73.8627, 21.031 ], [ 73.8501, 21.0014 ] ] ] } },
{ "type": "Feature", "properties": { "state": "Maharashtra", "district": "Nashik" }, "geometry": { "type": "Polygon", "coordinates": [ [ [ 73.8362, 19.7168 ], [ 73.8016, 19.646 ], [ 73.712, 19.5967 ], [ 73.5863, 19.6014 ], [ 73.5003, 19.7146 ], [ 73.5098, 19.7587 ], [ 73.4598, 19.7672 ], [ 73.4271, 19.8426 ], [ 73.4614, 19.9821 ], [ 73.2751, 20.0607 ], [ 73.2595, 20.1246 ], [ 73.2949, 20.1962 ], [ 73.4299, 20.2062 ], [ 73.4234, 20.3521 ], [ 73.3913, 20.3902 ], [ 73.5007, 20.5402 ], [ 73.4027, 20.6426 ], [ 73.4537, 20.7105 ], [ 73.4826, 20.7172 ], [ 73.4984, 20.6534 ], [ 73.5384, 20.6739 ], [ 73.6073, 20.6363 ], [ 73.6658, 20.5628 ], [ 73.7482, 20.5674 ], [ 73.8464, 20.6235 ], [ 73.8226, 20.6938 ], [ 73.9495, 20.7423 ], [ 73.9451, 20.8401 ], [ 74.4014, 20.8607 ], [ 74.3923, 20.836 ], [ 74.4426, 20.8027 ], [ 74.5767, 20.8342 ], [ 74.6689, 20.7757 ], [ 74.6548, 20.6963 ], [ 74.8091, 20.6581 ], [ 74.8029, 20.5496 ], [ 74.7656, 20.54 ], [ 74.7772, 20.4719 ], [ 74.8456, 20.4112 ], [ 74.8633, 20.283 ], [ 74.9412, 20.2729 ], [ 74.9118, 20.2446 ], [ 74.9339, 20.1537 ], [ 74.8597, 20.1782 ], [ 74.8622, 20.2283 ], [ 74.8325, 20.2443 ], [ 74.7877, 20.2316 ], [ 74.8078, 20.2323 ], [ 74.768, 20.1839 ], [ 74.728, 20.1915 ], [ 74.7095, 20.1157 ], [ 74.7423, 20.0833 ], [ 74.715, 20.0794 ], [ 74.7244, 20.0221 ], [ 74.6777, 19.9476 ], [ 74.4743, 19.9886 ], [ 74.2575, 19.9648 ], [ 74.2835, 19.9089 ], [ 74.3702, 19.8713 ], [ 74.3836, 19.8066 ], [ 74.1739, 19.7286 ], [ 74.128, 19.6442 ], [ 73.923, 19.6819 ], [ 73.8986, 19.7529 ], [ 73.8362, 19.7168 ] ] ] } },
{ "type": "Feature", "properties": { "state": "Maharashtra", "district": "Osmanabad" }, "geometry": { "type": "Polygon", "coordinates": [ [ [ 76.7227, 17.9163 ], [ 76.7882, 17.8265 ], [ 76.7628, 17.7871 ], [ 76.7157, 17.7819 ], [ 76.7276, 17.737 ], [ 76.6883, 17.6785 ], [ 76.6144, 17.7683 ], [ 76.5732, 17.7022 ], [ 76.5733, 17.76 ], [ 76.5237, 17.7589 ], [ 76.5236, 17.7152 ], [ 76.4864, 17.7135 ], [ 76.4893, 17.6607 ], [ 76.4428, 17.6419 ], [ 76.2987, 17.7276 ], [ 76.1763, 17.6861 ], [ 76.1449, 17.7073 ], [ 76.1761, 17.7297 ], [ 76.0965, 17.7774 ], [ 76.0066, 17.7489 ], [ 76.0188, 17.8279 ], [ 75.8771, 17.845 ], [ 75.8463, 17.891 ], [ 75.853, 18.0056 ], [ 75.9763, 17.9697 ], [ 76.0166, 18.0386 ], [ 75.943, 18.1226 ], [ 75.9487, 18.2378 ], [ 75.8879, 18.3631 ], [ 75.7298, 18.4337 ], [ 75.7215, 18.3372 ], [ 75.6533, 18.3301 ], [ 75.6345, 18.2474 ], [ 75.5767, 18.2396 ], [ 75.5353, 18.1338 ], [ 75.4932, 18.1735 ], [ 75.4326, 18.1773 ], [ 75.4088, 18.3264 ], [ 75.2881, 18.4077 ], [ 75.3038, 18.503 ], [ 75.3484, 18.5615 ], [ 75.4249, 18.5351 ], [ 75.5891, 18.697 ], [ 75.6551, 18.6468 ], [ 75.6916, 18.6905 ], [ 75.9393, 18.6457 ], [ 75.9504, 18.6082 ], [ 75.9944, 18.6198 ], [ 75.9912, 18.5901 ], [ 76.0211, 18.6041 ], [ 76.0584, 18.573 ], [ 76.2541, 18.5764 ], [ 76.2766, 18.5565 ], [ 76.2551, 18.5183 ], [ 76.2714, 18.4194 ], [ 76.2329, 18.4327 ], [ 76.2002, 18.3981 ], [ 76.2589, 18.3639 ], [ 76.2879, 18.3851 ], [ 76.2849, 18.34 ], [ 76.3182, 18.3282 ], [ 76.2767, 18.1385 ], [ 76.3079, 18.09 ], [ 76.3811, 18.0882 ], [ 76.4276, 18.0292 ], [ 76.6111, 18.0366 ], [ 76.6061, 18.0091 ], [ 76.6838, 17.9861 ], [ 76.6741, 17.9205 ], [ 76.7227, 17.9163 ] ] ] } },
{ "type": "Feature", "properties": { "state": "Maharashtra", "district": "Palghar" }, "geometry": { "type": "MultiPolygon", "coordinates": [ [ [ [ 72.7315, 19.4679 ], [ 72.7329, 19.4574 ], [ 72.7263, 19.4671 ], [ 72.7315, 19.4679 ] ] ], [ [ [ 73.008, 19.4936 ], [ 73.0304, 19.446 ], [ 72.9678, 19.3975 ], [ 72.962, 19.2989 ], [ 72.7932, 19.3104 ], [ 72.7446, 19.4588 ], [ 72.7801, 19.4913 ], [ 72.7862, 19.526 ], [ 72.7649, 19.5043 ], [ 72.7182, 19.5388 ], [ 72.7126, 19.596 ], [ 72.7379, 19.5979 ], [ 72.6937, 19.7293 ], [ 72.7087, 19.7263 ], [ 72.7193, 19.7551 ], [ 72.6935, 19.7357 ], [ 72.6957, 19.8049 ], [ 72.6507, 19.8396 ], [ 72.6813, 19.8651 ], [ 72.6643, 19.9329 ], [ 72.6901, 19.9582 ], [ 72.7199, 19.9688 ], [ 72.7343, 19.9426 ], [ 72.754, 19.939 ], [ 72.7549, 19.9274 ], [ 72.7554, 19.939 ], [ 72.7537, 19.9426 ], [ 72.7162, 19.9724 ], [ 72.7076, 20.0701 ], [ 72.7376, 20.1365 ], [ 72.8353, 20.1446 ], [ 72.8745, 20.2258 ], [ 72.9704, 20.2123 ], [ 72.9732, 20.1308 ], [ 73.0175, 20.135 ], [ 73.0528, 20.0677 ], [ 73.0606, 20.0991 ], [ 73.1859, 20.0529 ], [ 73.2355, 20.141 ], [ 73.2815, 20.1049 ], [ 73.2905, 20.0448 ], [ 73.4149, 20.017 ], [ 73.4638, 19.9592 ], [ 73.4271, 19.8426 ], [ 73.4598, 19.7672 ], [ 73.5128, 19.751 ], [ 73.4996, 19.7201 ], [ 73.369, 19.6682 ], [ 73.2939, 19.6897 ], [ 73.2916, 19.6174 ], [ 73.2035, 19.5955 ], [ 73.2213, 19.5553 ], [ 73.1416, 19.4993 ], [ 73.008, 19.4936 ] ] ] ] } },
{ "type": "Feature", "properties": { "state": "Maharashtra", "district": "Parbhani" }, "geometry": { "type": "Polygon", "coordinates": [ [ [ 76.8833, 18.8342 ], [ 76.6746, 18.7608 ], [ 76.6218, 18.8687 ], [ 76.587, 18.8738 ], [ 76.5829, 18.9446 ], [ 76.5387, 18.9492 ], [ 76.5219, 18.917 ], [ 76.478, 18.9563 ], [ 76.4365, 19.0957 ], [ 76.3777, 19.1311 ], [ 76.3243, 19.1071 ], [ 76.3604, 19.1523 ], [ 76.363, 19.2373 ], [ 76.2911, 19.2625 ], [ 76.2264, 19.2417 ], [ 76.2092, 19.2778 ], [ 76.2132, 19.3186 ], [ 76.2794, 19.3445 ], [ 76.2617, 19.3571 ], [ 76.3151, 19.4638 ], [ 76.3653, 19.4682 ], [ 76.3781, 19.5366 ], [ 76.4418, 19.5412 ], [ 76.4493, 19.6602 ], [ 76.487, 19.6775 ], [ 76.4592, 19.7472 ], [ 76.5099, 19.763 ], [ 76.483, 19.7936 ], [ 76.5196, 19.8491 ], [ 76.6093, 19.8388 ], [ 76.6322, 19.867 ], [ 76.7047, 19.8365 ], [ 76.6861, 19.7817 ], [ 76.7585, 19.685 ], [ 76.7796, 19.7309 ], [ 76.7868, 19.6713 ], [ 76.8492, 19.7048 ], [ 76.8694, 19.6187 ], [ 76.9015, 19.6442 ], [ 76.9408, 19.6225 ], [ 76.9844, 19.4752 ], [ 76.951, 19.4889 ], [ 76.9193, 19.4463 ], [ 76.892, 19.3085 ], [ 76.9302, 19.2966 ], [ 76.9243, 19.2474 ], [ 77.0197, 19.2822 ], [ 77.0359, 19.201 ], [ 77.1182, 19.1493 ], [ 77.0424, 19.0296 ], [ 77.0241, 18.9389 ], [ 76.932, 18.8998 ], [ 77.0107, 18.8773 ], [ 77.0169, 18.8423 ], [ 76.8833, 18.8342 ] ] ] } },
{ "type": "Feature", "properties": { "state": "Maharashtra", "district": "Pune" }, "geometry": { "type": "Polygon", "coordinates": [ [ [ 74.7997, 18.284 ], [ 74.8464, 18.2429 ], [ 75.0484, 18.2618 ], [ 75.0257, 18.1871 ], [ 75.1131, 18.2139 ], [ 75.0973, 18.1218 ], [ 75.1664, 18.106 ], [ 75.0958, 18.0656 ], [ 75.0253, 17.9614 ], [ 75.0544, 17.946 ], [ 75.1235, 17.9973 ], [ 75.1182, 17.936 ], [ 75.0277, 17.8914 ], [ 74.9432, 17.9393 ], [ 74.8514, 17.9472 ], [ 74.8682, 17.9908 ], [ 74.7172, 18.0275 ], [ 74.6703, 18.0684 ], [ 74.6463, 18.044 ], [ 74.5642, 18.069 ], [ 74.4702, 18.0468 ], [ 74.3638, 18.0956 ], [ 74.3096, 18.0681 ], [ 74.0394, 18.1311 ], [ 73.9538, 18.18 ], [ 73.8822, 18.1723 ], [ 73.9119, 18.1355 ], [ 73.8706, 18.1192 ], [ 73.8662, 18.0309 ], [ 73.638, 18.0446 ], [ 73.6067, 18.1083 ], [ 73.6715, 18.1649 ], [ 73.5912, 18.1785 ], [ 73.5711, 18.2104 ], [ 73.5313, 18.1866 ], [ 73.5466, 18.2438 ], [ 73.5193, 18.2856 ], [ 73.4902, 18.2706 ], [ 73.4861, 18.2997 ], [ 73.4321, 18.306 ], [ 73.4546, 18.3593 ], [ 73.4122, 18.3992 ], [ 73.4204, 18.4975 ], [ 73.3749, 18.4678 ], [ 73.4045, 18.5024 ], [ 73.3332, 18.5624 ], [ 73.3991, 18.6537 ], [ 73.3855, 18.7074 ], [ 73.3422, 18.701 ], [ 73.3989, 18.8515 ], [ 73.4376, 18.8621 ], [ 73.4719, 18.9655 ], [ 73.5213, 18.9673 ], [ 73.5665, 19.0157 ], [ 73.5218, 19.0937 ], [ 73.5485, 19.1764 ], [ 73.699, 19.2442 ], [ 73.6957, 19.3109 ], [ 73.805, 19.3308 ], [ 73.8093, 19.395 ], [ 73.9384, 19.3407 ], [ 74.0072, 19.3577 ], [ 74.0417, 19.2504 ], [ 74.1008, 19.2264 ], [ 74.3225, 19.2083 ], [ 74.2171, 19.1252 ], [ 74.1818, 19.036 ], [ 74.3278, 18.8434 ], [ 74.4034, 18.8305 ], [ 74.4055, 18.7413 ], [ 74.4828, 18.7222 ], [ 74.5171, 18.6674 ], [ 74.4803, 18.6411 ], [ 74.5561, 18.6139 ], [ 74.5869, 18.5477 ], [ 74.5531, 18.5081 ], [ 74.5807, 18.4766 ], [ 74.6487, 18.4496 ], [ 74.7098, 18.504 ], [ 74.7394, 18.3977 ], [ 74.813, 18.3858 ], [ 74.8005, 18.3508 ], [ 74.8507, 18.2996 ], [ 74.7997, 18.284 ] ] ] } },
{ "type": "Feature", "properties": { "state": "Maharashtra", "district": "Raigarh" }, "geometry": { "type": "MultiPolygon", "coordinates": [ [ [ [ 72.9626, 18.3001 ], [ 72.9668, 18.2996 ], [ 72.9635, 18.2985 ], [ 72.9626, 18.3001 ] ] ], [ [ [ 72.8643, 18.6357 ], [ 72.8654, 18.634 ], [ 72.8635, 18.6326 ], [ 72.8643, 18.6357 ] ] ], [ [ [ 72.8126, 18.7024 ], [ 72.8121, 18.7065 ], [ 72.8149, 18.7046 ], [ 72.8126, 18.7024 ] ] ], [ [ [ 72.8429, 18.7082 ], [ 72.8412, 18.7051 ], [ 72.8421, 18.7085 ], [ 72.8429, 18.7082 ] ] ], [ [ [ 72.9004, 18.9643 ], [ 72.9035, 18.9565 ], [ 72.8988, 18.941 ], [ 72.9004, 18.9643 ] ] ], [ [ [ 72.9421, 18.9657 ], [ 72.9243, 18.9635 ], [ 72.9374, 18.9724 ], [ 72.9421, 18.9657 ] ] ], [ [ [ 73.0382, 18.0521 ], [ 73.0368, 18.0504 ], [ 73.0365, 18.0515 ], [ 73.0382, 18.0521 ] ] ], [ [ [ 73.0757, 18.3079 ], [ 73.0793, 18.3063 ], [ 73.0762, 18.3049 ], [ 73.0757, 18.3079 ] ] ], [ [ [ 73.0821, 18.3221 ], [ 73.0818, 18.319 ], [ 73.0804, 18.3196 ], [ 73.0821, 18.3221 ] ] ], [ [ [ 73.0373, 17.9849 ], [ 73.0021, 18.0212 ], [ 73.0235, 18.0238 ], [ 73.0454, 18.0415 ], [ 73.0296, 18.0321 ], [ 73.0404, 18.0532 ], [ 73.0251, 18.0504 ], [ 73.0157, 18.0321 ], [ 72.9899, 18.0551 ], [ 72.9876, 18.1951 ], [ 72.931, 18.2204 ], [ 72.9354, 18.2815 ], [ 73.0638, 18.2271 ], [ 73.0557, 18.1871 ], [ 73.0863, 18.1507 ], [ 73.0596, 18.1907 ], [ 73.0804, 18.2313 ], [ 73.0429, 18.2971 ], [ 73.0863, 18.2879 ], [ 73.0885, 18.3235 ], [ 73.084, 18.3293 ], [ 73.0682, 18.3049 ], [ 73.0401, 18.3015 ], [ 73.0546, 18.2704 ], [ 73.0279, 18.2643 ], [ 72.9118, 18.3615 ], [ 72.8954, 18.4726 ], [ 72.9046, 18.5393 ], [ 72.9285, 18.5418 ], [ 72.9015, 18.6332 ], [ 72.8657, 18.649 ], [ 72.8643, 18.7954 ], [ 72.9163, 18.7924 ], [ 72.9435, 18.8279 ], [ 72.9718, 18.7904 ], [ 72.9887, 18.866 ], [ 72.9265, 18.851 ], [ 72.9079, 18.9021 ], [ 72.9576, 18.9085 ], [ 72.9557, 18.974 ], [ 72.9962, 18.9685 ], [ 73.0546, 19.0124 ], [ 73.0754, 19.1099 ], [ 73.2088, 19.1242 ], [ 73.2571, 19.0633 ], [ 73.3271, 19.0815 ], [ 73.3602, 19.1283 ], [ 73.5367, 19.1289 ], [ 73.5275, 19.0487 ], [ 73.5665, 19.0157 ], [ 73.5213, 18.9673 ], [ 73.4719, 18.9655 ], [ 73.4376, 18.8621 ], [ 73.3989, 18.8515 ], [ 73.3422, 18.701 ], [ 73.3855, 18.7074 ], [ 73.3991, 18.6537 ], [ 73.3332, 18.5624 ], [ 73.4045, 18.5024 ], [ 73.3749, 18.4678 ], [ 73.4204, 18.4975 ], [ 73.4122, 18.3992 ], [ 73.4546, 18.3593 ], [ 73.4321, 18.306 ], [ 73.4861, 18.2997 ], [ 73.4902, 18.2706 ], [ 73.5193, 18.2856 ], [ 73.5466, 18.2438 ], [ 73.5313, 18.1866 ], [ 73.5711, 18.2104 ], [ 73.5912, 18.1785 ], [ 73.6715, 18.1649 ], [ 73.6065, 18.1056 ], [ 73.6655, 18.0123 ], [ 73.5462, 17.896 ], [ 73.5799, 17.8759 ], [ 73.51, 17.8495 ], [ 73.4536, 17.8538 ], [ 73.4461, 17.9026 ], [ 73.3847, 17.8869 ], [ 73.355, 17.9709 ], [ 73.3709, 18.0091 ], [ 73.3017, 18.0329 ], [ 73.2993, 18.0691 ], [ 73.1854, 18.0574 ], [ 73.1251, 17.9813 ], [ 73.0373, 17.9849 ] ] ], [ [ [ 73.0257, 18.9974 ], [ 73.0287, 18.9963 ], [ 73.0285, 18.9929 ], [ 73.0257, 18.9974 ] ] ] ] } },
{ "type": "Feature", "properties": { "state": "Maharashtra", "district": "Ratnagiri" }, "geometry": { "type": "MultiPolygon", "coordinates": [ [ [ [ 73.8627, 16.6487 ], [ 73.7819, 16.6611 ], [ 73.7748, 16.6 ], [ 73.6993, 16.6223 ], [ 73.6583, 16.5629 ], [ 73.6335, 16.581 ], [ 73.6061, 16.5408 ], [ 73.476, 16.4916 ], [ 73.3557, 16.529 ], [ 73.3463, 16.5571 ], [ 73.3735, 16.5501 ], [ 73.394, 16.5538 ], [ 73.319, 16.5932 ], [ 73.3526, 16.5965 ], [ 73.3054, 16.7293 ], [ 73.3332, 16.8165 ], [ 73.2954, 16.8168 ], [ 73.2857, 16.8807 ], [ 73.3135, 16.889 ], [ 73.2771, 16.8921 ], [ 73.2943, 16.986 ], [ 73.2543, 17.0271 ], [ 73.266, 17.0476 ], [ 73.2893, 17.0068 ], [ 73.2843, 17.0401 ], [ 73.3138, 17.0332 ], [ 73.3199, 17.0382 ], [ 73.2901, 17.0476 ], [ 73.2785, 17.0404 ], [ 73.2982, 17.0785 ], [ 73.1893, 17.2979 ], [ 73.2276, 17.2815 ], [ 73.244, 17.3074 ], [ 73.1671, 17.4051 ], [ 73.2057, 17.439 ], [ 73.1371, 17.556 ], [ 73.1685, 17.5824 ], [ 73.1271, 17.6371 ], [ 73.1351, 17.7162 ], [ 73.0874, 17.8388 ], [ 73.134, 17.8251 ], [ 73.0515, 17.904 ], [ 73.0924, 17.9407 ], [ 73.0379, 17.9343 ], [ 73.0373, 17.985 ], [ 73.1251, 17.9813 ], [ 73.1854, 18.0574 ], [ 73.2993, 18.0691 ], [ 73.3017, 18.0329 ], [ 73.3709, 18.0091 ], [ 73.355, 17.9709 ], [ 73.3847, 17.8869 ], [ 73.4461, 17.9026 ], [ 73.4597, 17.8493 ], [ 73.5448, 17.8816 ], [ 73.6061, 17.8468 ], [ 73.5763, 17.7209 ], [ 73.6982, 17.6865 ], [ 73.7016, 17.6262 ], [ 73.734, 17.6186 ], [ 73.7259, 17.5727 ], [ 73.7559, 17.5551 ], [ 73.7044, 17.4853 ], [ 73.7144, 17.4221 ], [ 73.6541, 17.39 ], [ 73.6916, 17.3622 ], [ 73.728, 17.2011 ], [ 73.7011, 17.1421 ], [ 73.8434, 17.0526 ], [ 73.8427, 16.9893 ], [ 73.775, 16.9612 ], [ 73.7994, 16.9065 ], [ 73.7488, 16.9112 ], [ 73.7756, 16.8475 ], [ 73.7216, 16.8284 ], [ 73.7621, 16.8115 ], [ 73.7713, 16.7686 ], [ 73.8437, 16.7458 ], [ 73.8223, 16.705 ], [ 73.8693, 16.6791 ], [ 73.8627, 16.6487 ] ] ], [ [ [ 73.0846, 17.8182 ], [ 73.0835, 17.814 ], [ 73.0824, 17.8182 ], [ 73.0846, 17.8182 ] ] ] ] } },
{ "type": "Feature", "properties": { "state": "Maharashtra", "district": "Sangli" }, "geometry": { "type": "Polygon", "coordinates": [ [ [ 74.4216, 16.8758 ], [ 74.3677, 16.852 ], [ 74.2885, 16.9141 ], [ 74.2509, 16.8838 ], [ 74.2304, 16.9093 ], [ 74.1554, 16.8825 ], [ 74.1288, 16.9101 ], [ 74.0742, 16.902 ], [ 74.0306, 16.9831 ], [ 73.9794, 16.9918 ], [ 73.9891, 17.0328 ], [ 73.858, 17.1514 ], [ 73.7034, 17.1773 ], [ 73.728, 17.2011 ], [ 73.7056, 17.2613 ], [ 73.7587, 17.2713 ], [ 73.8956, 17.1532 ], [ 74.0398, 17.0901 ], [ 74.1934, 17.1476 ], [ 74.2549, 17.1387 ], [ 74.2938, 17.1968 ], [ 74.2639, 17.2922 ], [ 74.3011, 17.3144 ], [ 74.2947, 17.3542 ], [ 74.2619, 17.3573 ], [ 74.293, 17.4163 ], [ 74.5004, 17.3819 ], [ 74.6159, 17.4415 ], [ 74.6406, 17.3975 ], [ 74.695, 17.3858 ], [ 74.6948, 17.4841 ], [ 74.8148, 17.4508 ], [ 74.9154, 17.6279 ], [ 74.9251, 17.5751 ], [ 74.9671, 17.5894 ], [ 74.9927, 17.5406 ], [ 74.945, 17.5116 ], [ 74.9779, 17.4672 ], [ 75.036, 17.4933 ], [ 75.0446, 17.4728 ], [ 74.9658, 17.2922 ], [ 74.8553, 17.2097 ], [ 74.9272, 17.1535 ], [ 74.901, 17.1181 ], [ 74.9705, 17.1249 ], [ 74.9695, 17.1926 ], [ 75.083, 17.2205 ], [ 75.0839, 17.2465 ], [ 75.2508, 17.2537 ], [ 75.2169, 17.1978 ], [ 75.2988, 17.1447 ], [ 75.2915, 17.2138 ], [ 75.3642, 17.2342 ], [ 75.3698, 17.1895 ], [ 75.4083, 17.1818 ], [ 75.4244, 17.2635 ], [ 75.5171, 17.2378 ], [ 75.606, 17.3033 ], [ 75.6575, 17.2706 ], [ 75.6639, 17.2138 ], [ 75.628, 17.1701 ], [ 75.6785, 17.0942 ], [ 75.6438, 17.0364 ], [ 75.6722, 17.0357 ], [ 75.6714, 16.9585 ], [ 75.5758, 17.0078 ], [ 75.5703, 16.9636 ], [ 75.4925, 16.9429 ], [ 75.4679, 16.9853 ], [ 75.2884, 16.9548 ], [ 75.2828, 16.8742 ], [ 75.2159, 16.8403 ], [ 75.1411, 16.8735 ], [ 75.0904, 16.9487 ], [ 75.0319, 16.9257 ], [ 74.9384, 16.941 ], [ 74.9673, 16.9054 ], [ 74.912, 16.8559 ], [ 74.9238, 16.77 ], [ 74.7224, 16.7133 ], [ 74.5227, 16.8552 ], [ 74.5036, 16.8276 ], [ 74.4861, 16.8642 ], [ 74.4201, 16.8404 ], [ 74.4216, 16.8758 ] ] ] } },
{ "type": "Feature", "properties": { "state": "Maharashtra", "district": "Satara" }, "geometry": { "type": "Polygon", "coordinates": [ [ [ 74.2938, 17.1968 ], [ 74.2549, 17.1387 ], [ 74.1934, 17.1476 ], [ 74.0398, 17.0901 ], [ 73.6873, 17.292 ], [ 73.6916, 17.3622 ], [ 73.6541, 17.39 ], [ 73.7144, 17.4221 ], [ 73.7044, 17.4853 ], [ 73.7559, 17.5551 ], [ 73.7259, 17.5727 ], [ 73.734, 17.6186 ], [ 73.7016, 17.6262 ], [ 73.6982, 17.6865 ], [ 73.5763, 17.7209 ], [ 73.6061, 17.8468 ], [ 73.5448, 17.8928 ], [ 73.6454, 17.9675 ], [ 73.668, 18.0276 ], [ 73.8692, 18.0329 ], [ 73.9021, 18.1827 ], [ 74.3096, 18.0681 ], [ 74.3638, 18.0956 ], [ 74.4702, 18.0468 ], [ 74.6913, 18.0586 ], [ 74.7149, 18.0288 ], [ 74.6699, 18.0001 ], [ 74.614, 17.8458 ], [ 74.6476, 17.8284 ], [ 74.6661, 17.8606 ], [ 74.7071, 17.7849 ], [ 74.7526, 17.7968 ], [ 74.752, 17.7623 ], [ 74.8792, 17.7222 ], [ 74.9097, 17.6256 ], [ 74.8657, 17.5054 ], [ 74.8148, 17.4508 ], [ 74.6948, 17.4841 ], [ 74.695, 17.3858 ], [ 74.6406, 17.3975 ], [ 74.6159, 17.4415 ], [ 74.5004, 17.3819 ], [ 74.293, 17.4163 ], [ 74.2619, 17.3573 ], [ 74.2947, 17.3542 ], [ 74.3011, 17.3144 ], [ 74.2639, 17.2922 ], [ 74.2938, 17.1968 ] ] ] } },
{ "type": "Feature", "properties": { "state": "Maharashtra", "district": "Sindhudurg" }, "geometry": { "type": "MultiPolygon", "coordinates": [ [ [ [ 73.4565, 15.8893 ], [ 73.4546, 15.8885 ], [ 73.4549, 15.8899 ], [ 73.4565, 15.8893 ] ] ], [ [ [ 73.4615, 15.889 ], [ 73.464, 15.8899 ], [ 73.4643, 15.8868 ], [ 73.4615, 15.889 ] ] ], [ [ [ 73.4662, 15.8935 ], [ 73.4671, 15.8954 ], [ 73.4676, 15.894 ], [ 73.4662, 15.8935 ] ] ], [ [ [ 73.4624, 16.0435 ], [ 73.4571, 16.0418 ], [ 73.4587, 16.0457 ], [ 73.4624, 16.0435 ] ] ], [ [ [ 73.4424, 16.1026 ], [ 73.4443, 16.1015 ], [ 73.4437, 16.0996 ], [ 73.4424, 16.1026 ] ] ], [ [ [ 73.976, 15.6289 ], [ 73.9454, 15.7415 ], [ 73.8824, 15.7494 ], [ 73.8655, 15.7975 ], [ 73.7932, 15.7237 ], [ 73.6485, 15.7457 ], [ 73.6746, 15.7532 ], [ 73.6621, 15.8051 ], [ 73.5904, 15.9124 ], [ 73.5099, 15.9374 ], [ 73.4832, 16.036 ], [ 73.4549, 16.0551 ], [ 73.4474, 16.2246 ], [ 73.4299, 16.199 ], [ 73.411, 16.2735 ], [ 73.4149, 16.2832 ], [ 73.4335, 16.2838 ], [ 73.4357, 16.2865 ], [ 73.4168, 16.2924 ], [ 73.4104, 16.2779 ], [ 73.3854, 16.3365 ], [ 73.4112, 16.3621 ], [ 73.3679, 16.3635 ], [ 73.4054, 16.4049 ], [ 73.3654, 16.3976 ], [ 73.3176, 16.5562 ], [ 73.349, 16.5043 ], [ 73.476, 16.4916 ], [ 73.6061, 16.5408 ], [ 73.6335, 16.581 ], [ 73.6583, 16.5629 ], [ 73.6993, 16.6223 ], [ 73.7748, 16.6 ], [ 73.7819, 16.6611 ], [ 73.8627, 16.6487 ], [ 73.8721, 16.6068 ], [ 73.8271, 16.5433 ], [ 73.8971, 16.4558 ], [ 73.8467, 16.4013 ], [ 73.875, 16.372 ], [ 73.8501, 16.315 ], [ 73.9132, 16.3266 ], [ 73.8902, 16.2776 ], [ 73.9285, 16.2441 ], [ 73.9015, 16.2291 ], [ 73.9524, 16.2412 ], [ 73.9359, 16.1983 ], [ 73.968, 16.1985 ], [ 73.9184, 16.1334 ], [ 73.8546, 16.1505 ], [ 73.8446, 16.092 ], [ 74.0056, 16.0865 ], [ 74.0098, 16.0358 ], [ 74.0644, 16.0491 ], [ 74.095, 16.0137 ], [ 74.0537, 15.9547 ], [ 74.0812, 15.9462 ], [ 74.1003, 15.8696 ], [ 74.0401, 15.8319 ], [ 74.037, 15.7622 ], [ 74.0872, 15.7664 ], [ 74.0565, 15.8046 ], [ 74.1022, 15.8375 ], [ 74.1665, 15.8193 ], [ 74.1806, 15.7722 ], [ 74.2174, 15.7788 ], [ 74.0965, 15.6708 ], [ 74.1228, 15.6452 ], [ 74.0279, 15.6046 ], [ 73.976, 15.6289 ] ] ] ] } },
{ "type": "Feature", "properties": { "state": "Maharashtra", "district": "Solapur" }, "geometry": { "type": "Polygon", "coordinates": [ [ [ 74.8553, 17.2097 ], [ 74.9658, 17.2922 ], [ 75.011, 17.3668 ], [ 75.0397, 17.49 ], [ 74.9844, 17.4634 ], [ 74.9459, 17.5095 ], [ 74.9927, 17.5406 ], [ 74.9671, 17.5894 ], [ 74.9251, 17.5751 ], [ 74.8776, 17.7252 ], [ 74.752, 17.7623 ], [ 74.7526, 17.7968 ], [ 74.7071, 17.7849 ], [ 74.6661, 17.8606 ], [ 74.6476, 17.8284 ], [ 74.614, 17.8458 ], [ 74.6699, 18.0001 ], [ 74.7149, 18.0288 ], [ 74.812, 17.996 ], [ 74.8204, 18.0161 ], [ 74.8689, 17.9894 ], [ 74.8514, 17.9472 ], [ 74.9432, 17.9393 ], [ 75.0277, 17.8914 ], [ 75.1309, 17.9498 ], [ 75.1235, 17.9973 ], [ 75.0544, 17.946 ], [ 75.0253, 17.9614 ], [ 75.0958, 18.0656 ], [ 75.1664, 18.106 ], [ 75.0973, 18.1218 ], [ 75.1131, 18.2139 ], [ 75.0257, 18.1871 ], [ 75.0484, 18.2618 ], [ 74.8464, 18.2429 ], [ 74.7997, 18.284 ], [ 74.8507, 18.2996 ], [ 74.8383, 18.3389 ], [ 75.0079, 18.4027 ], [ 75.02, 18.4365 ], [ 75.0822, 18.4203 ], [ 75.1382, 18.5261 ], [ 75.2184, 18.5543 ], [ 75.2642, 18.5087 ], [ 75.3171, 18.5184 ], [ 75.2881, 18.4077 ], [ 75.4088, 18.3264 ], [ 75.4326, 18.1773 ], [ 75.4932, 18.1735 ], [ 75.5353, 18.1338 ], [ 75.5767, 18.2396 ], [ 75.6345, 18.2474 ], [ 75.6533, 18.3301 ], [ 75.7215, 18.3372 ], [ 75.7298, 18.4337 ], [ 75.8879, 18.3631 ], [ 75.9487, 18.2378 ], [ 75.943, 18.1226 ], [ 76.0166, 18.0386 ], [ 75.9763, 17.9697 ], [ 75.853, 18.0056 ], [ 75.8589, 17.8629 ], [ 75.9689, 17.8176 ], [ 75.9785, 17.8412 ], [ 76.0188, 17.8279 ], [ 76.0066, 17.7489 ], [ 76.1224, 17.7678 ], [ 76.1761, 17.7297 ], [ 76.1496, 17.6977 ], [ 76.1897, 17.681 ], [ 76.2987, 17.7276 ], [ 76.4287, 17.6444 ], [ 76.4157, 17.6042 ], [ 76.3317, 17.5949 ], [ 76.3661, 17.5222 ], [ 76.3435, 17.4944 ], [ 76.375, 17.4935 ], [ 76.3308, 17.4688 ], [ 76.3337, 17.4323 ], [ 76.3732, 17.4344 ], [ 76.362, 17.3751 ], [ 76.4081, 17.3693 ], [ 76.3817, 17.3118 ], [ 76.3523, 17.3106 ], [ 76.3436, 17.3499 ], [ 76.2759, 17.3305 ], [ 76.2444, 17.3747 ], [ 76.1723, 17.3487 ], [ 76.1758, 17.2972 ], [ 76.1212, 17.3663 ], [ 76.0787, 17.3301 ], [ 76.0545, 17.3543 ], [ 75.9312, 17.3241 ], [ 75.8937, 17.3536 ], [ 75.8872, 17.4173 ], [ 75.862, 17.3859 ], [ 75.8247, 17.4228 ], [ 75.8023, 17.3701 ], [ 75.737, 17.4219 ], [ 75.6912, 17.4126 ], [ 75.6356, 17.4775 ], [ 75.6158, 17.3919 ], [ 75.5785, 17.3829 ], [ 75.606, 17.3033 ], [ 75.5171, 17.2378 ], [ 75.4244, 17.2635 ], [ 75.4083, 17.1818 ], [ 75.3698, 17.1895 ], [ 75.3642, 17.2342 ], [ 75.2915, 17.2138 ], [ 75.2988, 17.1447 ], [ 75.2227, 17.188 ], [ 75.2508, 17.2537 ], [ 75.207, 17.2675 ], [ 75.1831, 17.2351 ], [ 75.021, 17.2238 ], [ 74.9675, 17.1895 ], [ 74.9705, 17.1249 ], [ 74.901, 17.1181 ], [ 74.9272, 17.1535 ], [ 74.8553, 17.2097 ] ] ] } },
{ "type": "Feature", "properties": { "state": "Maharashtra", "district": "Thane" }, "geometry": { "type": "Polygon", "coordinates": [ [ [ 72.9847, 19.1727 ], [ 72.8687, 19.2683 ], [ 72.7846, 19.2657 ], [ 72.7862, 19.3071 ], [ 72.949, 19.2895 ], [ 72.9678, 19.3975 ], [ 73.0304, 19.446 ], [ 73.0121, 19.5024 ], [ 73.0685, 19.4789 ], [ 73.1416, 19.4993 ], [ 73.2213, 19.5553 ], [ 73.2035, 19.5955 ], [ 73.2916, 19.6174 ], [ 73.2939, 19.6897 ], [ 73.369, 19.6682 ], [ 73.4888, 19.7222 ], [ 73.6288, 19.5871 ], [ 73.6436, 19.5328 ], [ 73.7175, 19.4964 ], [ 73.6842, 19.4626 ], [ 73.7897, 19.3861 ], [ 73.8061, 19.3362 ], [ 73.6825, 19.3026 ], [ 73.699, 19.2442 ], [ 73.5537, 19.1827 ], [ 73.5489, 19.1216 ], [ 73.3602, 19.1283 ], [ 73.3271, 19.0815 ], [ 73.2571, 19.0633 ], [ 73.2088, 19.1242 ], [ 73.0754, 19.1099 ], [ 73.0424, 18.9988 ], [ 73.0029, 19.0015 ], [ 72.9921, 19.0596 ], [ 72.9596, 19.0667 ], [ 72.9452, 19.0593 ], [ 72.9419, 19.061 ], [ 72.9847, 19.1727 ] ] ] } },
{ "type": "Feature", "properties": { "state": "Maharashtra", "district": "Wardha" }, "geometry": { "type": "Polygon", "coordinates": [ [ [ 78.9964, 20.4474 ], [ 78.8365, 20.4309 ], [ 78.8248, 20.3186 ], [ 78.7331, 20.2927 ], [ 78.6427, 20.4319 ], [ 78.566, 20.4325 ], [ 78.5044, 20.5199 ], [ 78.4079, 20.5118 ], [ 78.2595, 20.58 ], [ 78.2455, 20.6437 ], [ 78.3037, 20.724 ], [ 78.291, 20.8033 ], [ 78.3133, 20.8239 ], [ 78.1418, 20.9533 ], [ 78.141, 21.1385 ], [ 78.0513, 21.2507 ], [ 78.0774, 21.2794 ], [ 78.0708, 21.355 ], [ 78.2557, 21.3309 ], [ 78.3283, 21.2519 ], [ 78.4733, 21.2208 ], [ 78.6019, 21.0702 ], [ 78.7258, 21.0054 ], [ 78.7733, 20.8918 ], [ 78.8372, 20.8911 ], [ 78.8697, 20.8271 ], [ 78.9106, 20.8355 ], [ 78.9398, 20.7672 ], [ 79.0985, 20.7122 ], [ 79.219, 20.5818 ], [ 79.125, 20.4537 ], [ 79.0184, 20.4782 ], [ 78.9964, 20.4474 ] ] ] } },
{ "type": "Feature", "properties": { "state": "Maharashtra", "district": "Washim" }, "geometry": { "type": "Polygon", "coordinates": [ [ [ 76.6569, 19.8876 ], [ 76.6105, 19.8912 ], [ 76.6055, 19.9218 ], [ 76.6581, 19.9638 ], [ 76.6612, 20.0489 ], [ 76.6236, 20.0507 ], [ 76.6291, 20.0833 ], [ 76.6464, 20.0694 ], [ 76.6695, 20.1274 ], [ 76.7571, 20.1317 ], [ 76.7456, 20.2058 ], [ 76.8098, 20.2206 ], [ 76.8353, 20.3008 ], [ 76.8811, 20.2833 ], [ 76.8984, 20.3417 ], [ 76.9775, 20.3731 ], [ 77.0225, 20.4515 ], [ 77.1386, 20.3836 ], [ 77.19, 20.4081 ], [ 77.1842, 20.4499 ], [ 77.2927, 20.4208 ], [ 77.3458, 20.466 ], [ 77.3262, 20.4997 ], [ 77.3781, 20.4841 ], [ 77.395, 20.527 ], [ 77.3334, 20.5277 ], [ 77.3375, 20.5779 ], [ 77.4637, 20.6113 ], [ 77.4309, 20.6626 ], [ 77.4681, 20.6893 ], [ 77.5403, 20.6767 ], [ 77.5048, 20.7113 ], [ 77.5185, 20.7328 ], [ 77.633, 20.7563 ], [ 77.6108, 20.7202 ], [ 77.6523, 20.6483 ], [ 77.6273, 20.5678 ], [ 77.6414, 20.5301 ], [ 77.6875, 20.5242 ], [ 77.6441, 20.4498 ], [ 77.598, 20.4457 ], [ 77.5643, 20.3341 ], [ 77.6083, 20.2646 ], [ 77.6651, 20.2482 ], [ 77.6432, 20.1906 ], [ 77.6807, 20.1449 ], [ 77.6225, 20.0416 ], [ 77.5776, 20.0301 ], [ 77.5229, 20.0945 ], [ 77.4528, 20.0708 ], [ 77.3666, 20.1016 ], [ 77.3373, 19.9695 ], [ 77.2664, 19.8976 ], [ 77.2349, 19.8963 ], [ 77.2014, 19.9919 ], [ 77.0997, 19.9333 ], [ 77.0588, 19.9967 ], [ 76.9911, 20.0185 ], [ 76.8943, 19.9467 ], [ 76.8354, 19.9615 ], [ 76.8217, 19.9274 ], [ 76.7717, 19.9335 ], [ 76.7379, 19.8727 ], [ 76.6772, 19.8468 ], [ 76.6569, 19.8876 ] ] ] } },
{ "type": "Feature", "properties": { "state": "Maharashtra", "district": "Yavatmal" }, "geometry": { "type": "Polygon", "coordinates": [ [ [ 77.9873, 19.4545 ], [ 77.9037, 19.5327 ], [ 77.8816, 19.4998 ], [ 77.8391, 19.5093 ], [ 77.8309, 19.4387 ], [ 77.8011, 19.4638 ], [ 77.6954, 19.4382 ], [ 77.746, 19.5214 ], [ 77.6307, 19.5555 ], [ 77.6413, 19.6076 ], [ 77.6041, 19.6468 ], [ 77.443, 19.6877 ], [ 77.4103, 19.7437 ], [ 77.3825, 19.7265 ], [ 77.3923, 19.8114 ], [ 77.344, 19.8255 ], [ 77.3451, 19.8738 ], [ 77.2959, 19.8799 ], [ 77.315, 19.9066 ], [ 77.2864, 19.9011 ], [ 77.2847, 19.9359 ], [ 77.3373, 19.9695 ], [ 77.3666, 20.1016 ], [ 77.4528, 20.0708 ], [ 77.5229, 20.0945 ], [ 77.5776, 20.0301 ], [ 77.6683, 20.1047 ], [ 77.6779, 20.1693 ], [ 77.6432, 20.1906 ], [ 77.6651, 20.2482 ], [ 77.6083, 20.2646 ], [ 77.5643, 20.3341 ], [ 77.598, 20.4457 ], [ 77.6441, 20.4498 ], [ 77.6875, 20.5242 ], [ 77.6414, 20.5301 ], [ 77.6633, 20.5814 ], [ 77.768, 20.5408 ], [ 77.8892, 20.6244 ], [ 77.9204, 20.5593 ], [ 78.0345, 20.6673 ], [ 78.0848, 20.6729 ], [ 78.1077, 20.6409 ], [ 78.275, 20.6971 ], [ 78.2455, 20.6437 ], [ 78.2754, 20.5629 ], [ 78.4079, 20.5118 ], [ 78.5044, 20.5199 ], [ 78.566, 20.4325 ], [ 78.6427, 20.4319 ], [ 78.7062, 20.3491 ], [ 78.7031, 20.3092 ], [ 78.7966, 20.2975 ], [ 78.8149, 20.2465 ], [ 78.9159, 20.2519 ], [ 78.9572, 20.2021 ], [ 78.965, 20.1225 ], [ 79.0111, 20.112 ], [ 79.1029, 20.007 ], [ 79.0892, 19.9135 ], [ 79.1459, 19.8918 ], [ 79.06, 19.8135 ], [ 78.9531, 19.802 ], [ 78.9434, 19.7474 ], [ 78.8974, 19.7359 ], [ 78.8696, 19.7665 ], [ 78.7164, 19.7668 ], [ 78.6037, 19.8175 ], [ 78.5263, 19.8217 ], [ 78.4939, 19.7931 ], [ 78.3977, 19.8364 ], [ 78.3284, 19.9161 ], [ 78.2502, 19.8726 ], [ 78.2483, 19.9291 ], [ 78.0988, 19.8965 ], [ 78.0491, 19.9306 ], [ 77.9499, 19.9112 ], [ 77.8724, 19.8495 ], [ 77.8567, 19.7435 ], [ 77.9296, 19.7391 ], [ 77.9844, 19.6804 ], [ 78.0429, 19.6985 ], [ 78.0856, 19.6447 ], [ 78.17, 19.6564 ], [ 78.1913, 19.6176 ], [ 78.1846, 19.5666 ], [ 78.1156, 19.5529 ], [ 78.1101, 19.4906 ], [ 78.059, 19.4662 ], [ 78.0154, 19.4955 ], [ 77.9873, 19.4545 ] ] ] } },
{ "type": "Feature", "properties": { "state": "Manipur", "district": "Bishnupur" }, "geometry": { "type": "Polygon", "coordinates": [ [ [ 93.8906, 24.5905 ], [ 93.8858, 24.4932 ], [ 93.8425, 24.4279 ], [ 93.8824, 24.2908 ], [ 93.8408, 24.3627 ], [ 93.8037, 24.3665 ], [ 93.8109, 24.3941 ], [ 93.7366, 24.3968 ], [ 93.7096, 24.4484 ], [ 93.7752, 24.742 ], [ 93.8941, 24.7149 ], [ 93.8782, 24.6846 ], [ 93.8021, 24.6734 ], [ 93.8133, 24.6142 ], [ 93.8549, 24.6279 ], [ 93.8906, 24.5905 ] ] ] } },
{ "type": "Feature", "properties": { "state": "Manipur", "district": "Chandel" }, "geometry": { "type": "Polygon", "coordinates": [ [ [ 94.3263, 24.3389 ], [ 94.196, 23.9377 ], [ 94.1708, 23.9351 ], [ 94.1615, 23.8528 ], [ 94.1288, 23.8428 ], [ 94.0177, 23.934 ], [ 93.9139, 23.9575 ], [ 93.8081, 23.9331 ], [ 93.7403, 24.0078 ], [ 93.7829, 24.1431 ], [ 93.8817, 24.2246 ], [ 93.8824, 24.2908 ], [ 93.8875, 24.2411 ], [ 93.9421, 24.295 ], [ 93.9151, 24.3549 ], [ 93.9698, 24.4144 ], [ 93.9732, 24.4898 ], [ 94.0073, 24.4463 ], [ 94.0404, 24.4603 ], [ 94.0428, 24.5433 ], [ 94.0914, 24.5232 ], [ 94.0761, 24.5686 ], [ 94.0995, 24.559 ], [ 94.1792, 24.641 ], [ 94.3763, 24.5561 ], [ 94.3665, 24.5269 ], [ 94.409, 24.4896 ], [ 94.4039, 24.4211 ], [ 94.3653, 24.3997 ], [ 94.3834, 24.3794 ], [ 94.3263, 24.3389 ] ] ] } },
{ "type": "Feature", "properties": { "state": "Manipur", "district": "Churachandpur" }, "geometry": { "type": "Polygon", "coordinates": [ [ [ 93.774, 24.1251 ], [ 93.7444, 24.0012 ], [ 93.6207, 24.0142 ], [ 93.6035, 23.9696 ], [ 93.5635, 23.9896 ], [ 93.5151, 23.9472 ], [ 93.4689, 23.9739 ], [ 93.4247, 24.0717 ], [ 93.3514, 24.1124 ], [ 93.3374, 24.0534 ], [ 93.2553, 24.0238 ], [ 93.248, 24.0853 ], [ 93.2167, 24.0501 ], [ 93.1422, 24.0868 ], [ 93.1009, 24.0451 ], [ 93.0795, 24.103 ], [ 92.9764, 24.1148 ], [ 93.0434, 24.3434 ], [ 93.0005, 24.4033 ], [ 93.0392, 24.4111 ], [ 93.0611, 24.5748 ], [ 93.1544, 24.5816 ], [ 93.1206, 24.6146 ], [ 93.1421, 24.7013 ], [ 93.2189, 24.7011 ], [ 93.2176, 24.5905 ], [ 93.1733, 24.5313 ], [ 93.2235, 24.4975 ], [ 93.2678, 24.5127 ], [ 93.2892, 24.5693 ], [ 93.3966, 24.5784 ], [ 93.4496, 24.542 ], [ 93.4725, 24.5735 ], [ 93.5341, 24.5597 ], [ 93.5728, 24.5949 ], [ 93.5971, 24.5698 ], [ 93.6272, 24.6075 ], [ 93.7189, 24.6088 ], [ 93.7153, 24.427 ], [ 93.7366, 24.3968 ], [ 93.8109, 24.3941 ], [ 93.8037, 24.3665 ], [ 93.8408, 24.3627 ], [ 93.8824, 24.2908 ], [ 93.8817, 24.2246 ], [ 93.774, 24.1251 ] ] ] } },
{ "type": "Feature", "properties": { "state": "Manipur", "district": "Imphal East" }, "geometry": { "type": "MultiPolygon", "coordinates": [ [ [ [ 93.1544, 24.5816 ], [ 93.0754, 24.5962 ], [ 93.1047, 24.6753 ], [ 93.0759, 24.7104 ], [ 93.1098, 24.8097 ], [ 93.1788, 24.7961 ], [ 93.1972, 24.8565 ], [ 93.2444, 24.857 ], [ 93.1206, 24.6653 ], [ 93.1544, 24.5816 ] ] ], [ [ [ 93.9473, 24.8373 ], [ 93.9028, 24.8663 ], [ 93.9554, 24.9064 ], [ 93.956, 24.9431 ], [ 93.9888, 24.9272 ], [ 93.9575, 24.9657 ], [ 94.0197, 24.9596 ], [ 94.0013, 25.0052 ], [ 94.0351, 25.055 ], [ 94.0667, 24.8878 ], [ 94.1339, 24.944 ], [ 94.1466, 24.9238 ], [ 94.0667, 24.7437 ], [ 94.0876, 24.6926 ], [ 94.0217, 24.6721 ], [ 94.0017, 24.7327 ], [ 93.9486, 24.7141 ], [ 93.9473, 24.8373 ] ] ] ] } },
{ "type": "Feature", "properties": { "state": "Manipur", "district": "Imphal West" }, "geometry": { "type": "Polygon", "coordinates": [ [ [ 93.8706, 24.5683 ], [ 93.8906, 24.5905 ], [ 93.8549, 24.6279 ], [ 93.8133, 24.6142 ], [ 93.8021, 24.6734 ], [ 93.8782, 24.6846 ], [ 93.8941, 24.7149 ], [ 93.7752, 24.742 ], [ 93.7852, 24.8095 ], [ 93.9022, 25.0359 ], [ 93.9767, 25.0801 ], [ 93.891, 24.9457 ], [ 93.9088, 24.9318 ], [ 93.9112, 24.9494 ], [ 93.938, 24.9702 ], [ 93.9153, 24.9052 ], [ 93.9365, 24.9013 ], [ 93.9, 24.8575 ], [ 93.9473, 24.8373 ], [ 93.9443, 24.7204 ], [ 93.9084, 24.7049 ], [ 93.9369, 24.6669 ], [ 93.8936, 24.6191 ], [ 93.9135, 24.5745 ], [ 93.8706, 24.5683 ] ] ] } },
{ "type": "Feature", "properties": { "state": "Manipur", "district": "Senapati" }, "geometry": { "type": "Polygon", "coordinates": [ [ [ 94.2055, 24.632 ], [ 94.117, 24.6429 ], [ 94.1312, 24.7287 ], [ 94.0633, 24.7007 ], [ 94.0977, 24.8551 ], [ 94.1466, 24.9238 ], [ 94.1339, 24.944 ], [ 94.0667, 24.8878 ], [ 94.0351, 25.055 ], [ 94.0013, 25.0052 ], [ 94.024, 25.0023 ], [ 94.0168, 24.9559 ], [ 93.9575, 24.9657 ], [ 93.9868, 24.9387 ], [ 93.9832, 24.9218 ], [ 93.956, 24.9431 ], [ 93.9554, 24.9064 ], [ 93.9153, 24.9052 ], [ 93.938, 24.9702 ], [ 93.9088, 24.9318 ], [ 93.891, 24.9457 ], [ 93.9767, 25.0801 ], [ 93.923, 25.0603 ], [ 93.8492, 24.9557 ], [ 93.7534, 24.6527 ], [ 93.726, 24.5962 ], [ 93.7018, 24.6163 ], [ 93.6663, 24.7973 ], [ 93.7377, 24.8588 ], [ 93.7068, 24.9154 ], [ 93.7955, 24.9671 ], [ 93.8222, 25.0282 ], [ 93.7785, 25.1545 ], [ 93.8314, 25.2256 ], [ 93.9595, 25.2945 ], [ 93.8905, 25.3388 ], [ 93.9175, 25.4089 ], [ 93.8339, 25.4315 ], [ 93.8076, 25.4956 ], [ 93.7658, 25.4999 ], [ 93.7706, 25.5403 ], [ 93.9652, 25.5566 ], [ 94.0147, 25.5961 ], [ 94.0921, 25.5327 ], [ 94.1949, 25.5524 ], [ 94.2149, 25.5002 ], [ 94.309, 25.4938 ], [ 94.4203, 25.5427 ], [ 94.43, 25.5927 ], [ 94.4912, 25.6198 ], [ 94.3277, 25.2841 ], [ 94.1331, 25.1175 ], [ 94.1222, 25.0745 ], [ 94.1779, 24.9464 ], [ 94.1393, 24.8103 ], [ 94.1859, 24.7714 ], [ 94.2055, 24.632 ] ] ] } },
{ "type": "Feature", "properties": { "state": "Manipur", "district": "Tamenglong" }, "geometry": { "type": "Polygon", "coordinates": [ [ [ 93.7012, 24.6249 ], [ 93.6272, 24.6075 ], [ 93.5971, 24.5698 ], [ 93.5728, 24.5949 ], [ 93.5341, 24.5597 ], [ 93.4725, 24.5735 ], [ 93.4496, 24.542 ], [ 93.3966, 24.5784 ], [ 93.2892, 24.5693 ], [ 93.2678, 24.5127 ], [ 93.2235, 24.4975 ], [ 93.1733, 24.5313 ], [ 93.2176, 24.5905 ], [ 93.2189, 24.7011 ], [ 93.1457, 24.7147 ], [ 93.243, 24.8444 ], [ 93.2143, 24.8619 ], [ 93.2624, 24.9514 ], [ 93.2488, 25.0188 ], [ 93.3358, 25.0958 ], [ 93.4036, 25.2631 ], [ 93.474, 25.3093 ], [ 93.5051, 25.2441 ], [ 93.5547, 25.2505 ], [ 93.608, 25.2021 ], [ 93.6928, 25.3616 ], [ 93.8229, 25.4651 ], [ 93.8339, 25.4315 ], [ 93.9175, 25.4089 ], [ 93.8905, 25.3388 ], [ 93.9595, 25.2945 ], [ 93.8314, 25.2256 ], [ 93.7785, 25.1545 ], [ 93.8222, 25.0282 ], [ 93.7955, 24.9671 ], [ 93.7068, 24.9154 ], [ 93.7377, 24.8588 ], [ 93.6663, 24.7973 ], [ 93.7012, 24.6249 ] ] ] } },
{ "type": "Feature", "properties": { "state": "Manipur", "district": "Thoubal" }, "geometry": { "type": "Polygon", "coordinates": [ [ [ 93.8719, 24.5431 ], [ 93.9135, 24.5745 ], [ 93.8936, 24.6191 ], [ 93.9368, 24.6504 ], [ 93.9084, 24.7049 ], [ 94.0017, 24.7327 ], [ 94.0251, 24.672 ], [ 94.1312, 24.7287 ], [ 94.1033, 24.6744 ], [ 94.1535, 24.6089 ], [ 94.0761, 24.5686 ], [ 94.0914, 24.5232 ], [ 94.0428, 24.5433 ], [ 94.053, 24.4753 ], [ 94.0242, 24.4493 ], [ 93.9732, 24.4898 ], [ 93.9698, 24.4144 ], [ 93.9151, 24.3549 ], [ 93.9421, 24.295 ], [ 93.8875, 24.2411 ], [ 93.8425, 24.4279 ], [ 93.8858, 24.4932 ], [ 93.8719, 24.5431 ] ] ] } },
{ "type": "Feature", "properties": { "state": "Manipur", "district": "Ukhrul" }, "geometry": { "type": "Polygon", "coordinates": [ [ [ 94.4296, 24.4933 ], [ 94.3665, 24.5269 ], [ 94.3763, 24.5561 ], [ 94.2055, 24.632 ], [ 94.1859, 24.7714 ], [ 94.1393, 24.8098 ], [ 94.1779, 24.9464 ], [ 94.1222, 25.0745 ], [ 94.1841, 25.1722 ], [ 94.3277, 25.2841 ], [ 94.4714, 25.5884 ], [ 94.573, 25.6977 ], [ 94.5952, 25.6439 ], [ 94.5557, 25.5858 ], [ 94.5574, 25.5128 ], [ 94.6824, 25.4597 ], [ 94.6312, 25.3873 ], [ 94.5854, 25.2157 ], [ 94.7457, 25.1366 ], [ 94.7507, 25.0635 ], [ 94.7031, 24.9783 ], [ 94.7191, 24.9425 ], [ 94.6378, 24.8424 ], [ 94.6108, 24.7221 ], [ 94.551, 24.7165 ], [ 94.5315, 24.6324 ], [ 94.4296, 24.4933 ] ] ] } },
{ "type": "Feature", "properties": { "state": "Meghalaya", "district": "East Garo Hills" }, "geometry": { "type": "Polygon", "coordinates": [ [ [ 90.7526, 25.8407 ], [ 90.8099, 25.9522 ], [ 90.883, 25.9517 ], [ 90.9191, 25.9133 ], [ 90.9427, 25.9476 ], [ 90.9675, 25.8872 ], [ 91.0292, 25.888 ], [ 90.9406, 25.7638 ], [ 90.9824, 25.7445 ], [ 90.8798, 25.6109 ], [ 90.7789, 25.5855 ], [ 90.6445, 25.4158 ], [ 90.3195, 25.4654 ], [ 90.4026, 25.5513 ], [ 90.441, 25.6958 ], [ 90.391, 25.7987 ], [ 90.4909, 25.8305 ], [ 90.5141, 25.8234 ], [ 90.4951, 25.7782 ], [ 90.5682, 25.7782 ], [ 90.7526, 25.8407 ] ] ] } },
{ "type": "Feature", "properties": { "state": "Meghalaya", "district": "East Khasi Hills" }, "geometry": { "type": "Polygon", "coordinates": [ [ [ 91.6295, 25.1249 ], [ 91.6005, 25.1462 ], [ 91.6141, 25.1753 ], [ 91.4642, 25.1349 ], [ 91.3889, 25.1676 ], [ 91.3548, 25.2293 ], [ 91.4036, 25.2639 ], [ 91.5448, 25.2799 ], [ 91.5426, 25.5116 ], [ 91.6547, 25.5525 ], [ 91.6901, 25.5266 ], [ 91.8009, 25.6103 ], [ 91.8109, 25.6554 ], [ 91.8654, 25.6437 ], [ 91.9498, 25.6864 ], [ 92.0504, 25.6412 ], [ 92.153, 25.6684 ], [ 92.0978, 25.4939 ], [ 92.115, 25.3087 ], [ 92.0496, 25.3209 ], [ 91.9876, 25.2763 ], [ 92.0261, 25.1793 ], [ 91.7552, 25.1775 ], [ 91.7476, 25.1403 ], [ 91.7036, 25.1601 ], [ 91.6295, 25.1249 ] ] ] } },
{ "type": "Feature", "properties": { "state": "Meghalaya", "district": "Jaintia Hills" }, "geometry": { "type": "Polygon", "coordinates": [ [ [ 92.2277, 25.0937 ], [ 92.018, 25.1894 ], [ 91.9838, 25.2571 ], [ 92.0409, 25.3184 ], [ 92.115, 25.3087 ], [ 92.0978, 25.4939 ], [ 92.1346, 25.6423 ], [ 92.229, 25.7162 ], [ 92.3851, 25.7536 ], [ 92.4332, 25.7315 ], [ 92.4343, 25.6875 ], [ 92.5017, 25.6229 ], [ 92.5576, 25.612 ], [ 92.5725, 25.5604 ], [ 92.6576, 25.5891 ], [ 92.6447, 25.5374 ], [ 92.5674, 25.4675 ], [ 92.5982, 25.4717 ], [ 92.6091, 25.4166 ], [ 92.6543, 25.4353 ], [ 92.7844, 25.3325 ], [ 92.7646, 25.2493 ], [ 92.8044, 25.2193 ], [ 92.6669, 25.1771 ], [ 92.6216, 25.1177 ], [ 92.5247, 25.14 ], [ 92.5429, 25.0996 ], [ 92.4843, 25.1081 ], [ 92.4633, 25.0371 ], [ 92.4259, 25.0318 ], [ 92.4285, 24.9726 ], [ 92.4605, 24.9762 ], [ 92.4737, 24.9571 ], [ 92.4647, 24.9548 ], [ 92.4194, 24.9676 ], [ 92.4252, 25.0297 ], [ 92.3414, 25.0487 ], [ 92.3478, 25.0741 ], [ 92.2277, 25.0937 ] ] ] } },
{ "type": "Feature", "properties": { "state": "Meghalaya", "district": "North Garo Hills" }, "geometry": { "type": "Polygon", "coordinates": [ [ [ 90.3965, 26.0142 ], [ 90.5057, 25.996 ], [ 90.5345, 25.958 ], [ 90.5125, 25.8962 ], [ 90.5825, 25.9598 ], [ 90.629, 25.9374 ], [ 90.6142, 25.8995 ], [ 90.7474, 25.9573 ], [ 90.7405, 25.9152 ], [ 90.783, 25.9007 ], [ 90.7419, 25.8347 ], [ 90.6813, 25.8365 ], [ 90.5539, 25.7746 ], [ 90.4951, 25.7782 ], [ 90.5141, 25.8234 ], [ 90.4909, 25.8305 ], [ 90.3399, 25.8022 ], [ 90.4137, 25.9224 ], [ 90.3965, 26.0142 ] ] ] } },
{ "type": "Feature", "properties": { "state": "Meghalaya", "district": "Ri Bhoi" }, "geometry": { "type": "Polygon", "coordinates": [ [ [ 91.7313, 26.0592 ], [ 91.8193, 26.1187 ], [ 91.8758, 26.0977 ], [ 91.8702, 26.0522 ], [ 91.9221, 25.9995 ], [ 92.1783, 26.0795 ], [ 92.3016, 26.0765 ], [ 92.1563, 25.9448 ], [ 92.1637, 25.9118 ], [ 92.2255, 25.907 ], [ 92.1531, 25.8127 ], [ 92.1592, 25.6714 ], [ 92.0504, 25.6412 ], [ 91.9498, 25.6864 ], [ 91.8654, 25.6437 ], [ 91.8098, 25.6565 ], [ 91.8291, 25.6895 ], [ 91.7692, 25.744 ], [ 91.7887, 25.7915 ], [ 91.7504, 25.8279 ], [ 91.4589, 25.7889 ], [ 91.3421, 25.825 ], [ 91.3444, 25.8394 ], [ 91.4444, 25.841 ], [ 91.5254, 25.8729 ], [ 91.4748, 25.8712 ], [ 91.5313, 25.9237 ], [ 91.5016, 25.9208 ], [ 91.5758, 26.0331 ], [ 91.6322, 26.0224 ], [ 91.6112, 25.9399 ], [ 91.6693, 25.9054 ], [ 91.7202, 25.9541 ], [ 91.7313, 26.0592 ] ] ] } },
{ "type": "Feature", "properties": { "state": "Meghalaya", "district": "South Garo Hills" }, "geometry": { "type": "Polygon", "coordinates": [ [ [ 90.6496, 25.1952 ], [ 90.441, 25.1446 ], [ 90.2776, 25.1964 ], [ 90.2776, 25.3131 ], [ 90.3287, 25.3699 ], [ 90.3334, 25.457 ], [ 90.6445, 25.4158 ], [ 90.7664, 25.5542 ], [ 90.7925, 25.4905 ], [ 90.7494, 25.3804 ], [ 90.8374, 25.3578 ], [ 90.8574, 25.2933 ], [ 90.9523, 25.2561 ], [ 90.9703, 25.1737 ], [ 90.6985, 25.1569 ], [ 90.6496, 25.1952 ] ] ] } },
{ "type": "Feature", "properties": { "state": "Meghalaya", "district": "South West Garo Hills" }, "geometry": { "type": "Polygon", "coordinates": [ [ [ 89.931, 25.3011 ], [ 89.8312, 25.2961 ], [ 89.8514, 25.5391 ], [ 89.9792, 25.5907 ], [ 90.0983, 25.5576 ], [ 90.0911, 25.5086 ], [ 90.0369, 25.5 ], [ 90.0269, 25.4377 ], [ 89.976, 25.4434 ], [ 89.9822, 25.3849 ], [ 89.931, 25.3011 ] ] ] } },
{ "type": "Feature", "properties": { "state": "Meghalaya", "district": "South West Khasi Hills" }, "geometry": { "type": "Polygon", "coordinates": [ [ [ 91.3718, 25.1697 ], [ 91.271, 25.204 ], [ 90.9703, 25.1737 ], [ 90.9592, 25.2464 ], [ 90.8761, 25.3093 ], [ 90.9665, 25.3417 ], [ 91.1027, 25.3284 ], [ 91.1322, 25.433 ], [ 91.1845, 25.4606 ], [ 91.4339, 25.4883 ], [ 91.3996, 25.4511 ], [ 91.4329, 25.4264 ], [ 91.3872, 25.4016 ], [ 91.412, 25.3883 ], [ 91.5053, 25.4426 ], [ 91.4796, 25.4854 ], [ 91.5386, 25.4854 ], [ 91.53, 25.4454 ], [ 91.5569, 25.4294 ], [ 91.5254, 25.3493 ], [ 91.549, 25.2873 ], [ 91.3553, 25.2344 ], [ 91.3718, 25.1697 ] ] ] } },
{ "type": "Feature", "properties": { "state": "Meghalaya", "district": "West Garo Hills" }, "geometry": { "type": "Polygon", "coordinates": [ [ [ 89.9478, 25.294 ], [ 89.9327, 25.3263 ], [ 89.9822, 25.3849 ], [ 89.976, 25.4434 ], [ 90.0269, 25.4377 ], [ 90.0369, 25.5 ], [ 90.0911, 25.5086 ], [ 90.1011, 25.5538 ], [ 90.0058, 25.5884 ], [ 90.0184, 25.6084 ], [ 89.8942, 25.7272 ], [ 89.9552, 25.7745 ], [ 89.9446, 25.8245 ], [ 90.0083, 25.8468 ], [ 90.0047, 25.8787 ], [ 90.1187, 25.9613 ], [ 90.2866, 25.9639 ], [ 90.3965, 26.0142 ], [ 90.4137, 25.9224 ], [ 90.3381, 25.8045 ], [ 90.391, 25.7987 ], [ 90.441, 25.6958 ], [ 90.4026, 25.5513 ], [ 90.3195, 25.4654 ], [ 90.3287, 25.3699 ], [ 90.2776, 25.3131 ], [ 90.2776, 25.1964 ], [ 89.9478, 25.294 ] ] ] } },
{ "type": "Feature", "properties": { "state": "Meghalaya", "district": "West Khasi Hills" }, "geometry": { "type": "Polygon", "coordinates": [ [ [ 91.0008, 25.8223 ], [ 91.1965, 25.859 ], [ 91.1799, 25.7763 ], [ 91.192, 25.7296 ], [ 91.2239, 25.7234 ], [ 91.2756, 25.7469 ], [ 91.3336, 25.8388 ], [ 91.4589, 25.7889 ], [ 91.7504, 25.8279 ], [ 91.7887, 25.7915 ], [ 91.7692, 25.744 ], [ 91.8092, 25.7341 ], [ 91.8296, 25.6746 ], [ 91.8009, 25.6103 ], [ 91.6901, 25.5266 ], [ 91.6547, 25.5525 ], [ 91.5426, 25.5116 ], [ 91.5551, 25.4391 ], [ 91.5329, 25.4369 ], [ 91.5386, 25.4854 ], [ 91.4796, 25.4854 ], [ 91.5053, 25.4426 ], [ 91.412, 25.3883 ], [ 91.3872, 25.4016 ], [ 91.4329, 25.4264 ], [ 91.3996, 25.4511 ], [ 91.4339, 25.4883 ], [ 91.1845, 25.4606 ], [ 91.1322, 25.433 ], [ 91.1027, 25.3284 ], [ 90.8952, 25.3322 ], [ 90.8574, 25.2933 ], [ 90.8374, 25.3578 ], [ 90.7494, 25.3804 ], [ 90.7925, 25.4905 ], [ 90.7664, 25.5619 ], [ 90.9082, 25.6408 ], [ 90.9824, 25.7445 ], [ 90.9438, 25.7704 ], [ 91.0008, 25.8223 ] ] ] } },
{ "type": "Feature", "properties": { "state": "Mizoram", "district": "Aizawl" }, "geometry": { "type": "Polygon", "coordinates": [ [ [ 92.8964, 24.3943 ], [ 92.9883, 24.4076 ], [ 93.0434, 24.3434 ], [ 92.9764, 24.1148 ], [ 93.0795, 24.103 ], [ 93.1009, 24.0451 ], [ 93.1585, 24.0838 ], [ 93.2111, 23.9736 ], [ 93.1325, 23.8205 ], [ 93.0253, 23.7833 ], [ 93.0428, 23.5202 ], [ 92.9909, 23.4948 ], [ 92.9576, 23.5222 ], [ 92.8891, 23.4615 ], [ 92.7843, 23.6162 ], [ 92.7765, 23.4732 ], [ 92.8264, 23.4272 ], [ 92.8372, 23.345 ], [ 92.7902, 23.3205 ], [ 92.7178, 23.3519 ], [ 92.6909, 23.3117 ], [ 92.6362, 23.5359 ], [ 92.676, 23.6113 ], [ 92.6383, 23.6498 ], [ 92.6687, 23.7097 ], [ 92.6261, 23.7988 ], [ 92.6653, 23.8357 ], [ 92.6422, 23.8945 ], [ 92.6639, 23.9108 ], [ 92.6238, 23.9375 ], [ 92.7859, 24.0206 ], [ 92.8419, 24.0167 ], [ 92.9014, 24.2075 ], [ 92.894, 24.2449 ], [ 92.8642, 24.2441 ], [ 92.8583, 24.3107 ], [ 92.8964, 24.3943 ] ] ] } },
{ "type": "Feature", "properties": { "state": "Mizoram", "district": "Champhai" }, "geometry": { "type": "Polygon", "coordinates": [ [ [ 93.1784, 24.0541 ], [ 93.2167, 24.0501 ], [ 93.2423, 24.0866 ], [ 93.2553, 24.0238 ], [ 93.3374, 24.0534 ], [ 93.3344, 23.9869 ], [ 93.3987, 23.9303 ], [ 93.4053, 23.7616 ], [ 93.4447, 23.6824 ], [ 93.3972, 23.4333 ], [ 93.4142, 23.388 ], [ 93.3658, 23.3545 ], [ 93.3936, 23.1386 ], [ 93.2933, 23.005 ], [ 93.1869, 23.0572 ], [ 93.1491, 23.2442 ], [ 93.0572, 23.2401 ], [ 93.0101, 23.2958 ], [ 93.0547, 23.3752 ], [ 93.0068, 23.4862 ], [ 93.0456, 23.5252 ], [ 93.0253, 23.7833 ], [ 93.1476, 23.8427 ], [ 93.2111, 23.9736 ], [ 93.1784, 24.0541 ] ] ] } },
{ "type": "Feature", "properties": { "state": "Mizoram", "district": "Kolasib" }, "geometry": { "type": "Polygon", "coordinates": [ [ [ 92.7652, 24.5208 ], [ 92.829, 24.3778 ], [ 92.8629, 24.3995 ], [ 92.8908, 24.4023 ], [ 92.8979, 24.3919 ], [ 92.8583, 24.3107 ], [ 92.8642, 24.2441 ], [ 92.9026, 24.234 ], [ 92.8958, 24.1761 ], [ 92.8419, 24.0167 ], [ 92.6283, 23.9561 ], [ 92.6391, 24.0351 ], [ 92.5842, 24.0765 ], [ 92.5399, 24.0353 ], [ 92.5315, 24.1835 ], [ 92.5506, 24.2459 ], [ 92.6116, 24.2533 ], [ 92.6243, 24.3327 ], [ 92.6907, 24.3548 ], [ 92.7652, 24.5208 ] ] ] } },
{ "type": "Feature", "properties": { "state": "Mizoram", "district": "Lawangtlai" }, "geometry": { "type": "Polygon", "coordinates": [ [ [ 92.6609, 22.6218 ], [ 92.6985, 22.6224 ], [ 92.7669, 22.5 ], [ 92.8101, 22.6294 ], [ 92.9019, 22.5862 ], [ 92.9422, 22.5423 ], [ 92.9692, 22.3954 ], [ 92.9251, 22.3909 ], [ 92.8679, 22.3259 ], [ 92.8282, 22.3324 ], [ 92.857, 22.0656 ], [ 92.7034, 22.1538 ], [ 92.6844, 22.0179 ], [ 92.6097, 21.9768 ], [ 92.5625, 22.1283 ], [ 92.6055, 22.1233 ], [ 92.6093, 22.1642 ], [ 92.5218, 22.5603 ], [ 92.5192, 22.7573 ], [ 92.5897, 22.7487 ], [ 92.6609, 22.6218 ] ] ] } },
{ "type": "Feature", "properties": { "state": "Mizoram", "district": "Lunglei" }, "geometry": { "type": "Polygon", "coordinates": [ [ [ 92.9311, 22.5525 ], [ 92.8101, 22.6294 ], [ 92.7669, 22.5 ], [ 92.6985, 22.6224 ], [ 92.6492, 22.6187 ], [ 92.5897, 22.7487 ], [ 92.4739, 22.7463 ], [ 92.4475, 22.8936 ], [ 92.3717, 22.9362 ], [ 92.3923, 23.0565 ], [ 92.3579, 23.1035 ], [ 92.3467, 23.2358 ], [ 92.4086, 23.2422 ], [ 92.3962, 23.2672 ], [ 92.4549, 23.2881 ], [ 92.4679, 23.3905 ], [ 92.674, 23.385 ], [ 92.7076, 23.1972 ], [ 92.7266, 23.2431 ], [ 92.8404, 23.2471 ], [ 92.8699, 23.1755 ], [ 92.9402, 23.1894 ], [ 92.9624, 23.119 ], [ 93.1426, 22.9937 ], [ 93.1684, 22.9191 ], [ 93.1352, 22.9072 ], [ 93.104, 22.7871 ], [ 93.0914, 22.8106 ], [ 93.0337, 22.7986 ], [ 92.9932, 22.7564 ], [ 92.9265, 22.7912 ], [ 92.9574, 22.63 ], [ 92.9311, 22.5525 ] ] ] } },
{ "type": "Feature", "properties": { "state": "Mizoram", "district": "Mamit" }, "geometry": { "type": "Polygon", "coordinates": [ [ [ 92.4034, 23.2414 ], [ 92.2729, 23.6417 ], [ 92.2908, 23.691 ], [ 92.2594, 23.815 ], [ 92.2868, 23.8168 ], [ 92.2765, 23.8529 ], [ 92.3203, 23.8659 ], [ 92.3311, 23.9118 ], [ 92.3114, 23.9606 ], [ 92.3369, 24.1469 ], [ 92.3035, 24.2527 ], [ 92.4224, 24.2531 ], [ 92.419, 24.1944 ], [ 92.466, 24.1348 ], [ 92.5365, 24.1781 ], [ 92.5399, 24.0353 ], [ 92.5842, 24.0765 ], [ 92.6391, 24.0351 ], [ 92.6238, 23.9375 ], [ 92.6639, 23.9108 ], [ 92.6422, 23.8945 ], [ 92.6653, 23.8357 ], [ 92.6261, 23.7988 ], [ 92.6687, 23.7097 ], [ 92.6383, 23.6498 ], [ 92.676, 23.6113 ], [ 92.6362, 23.5359 ], [ 92.674, 23.385 ], [ 92.4679, 23.3905 ], [ 92.4754, 23.3203 ], [ 92.4219, 23.2583 ], [ 92.3962, 23.2672 ], [ 92.4034, 23.2414 ] ] ] } },
{ "type": "Feature", "properties": { "state": "Mizoram", "district": "Saiha" }, "geometry": { "type": "Polygon", "coordinates": [ [ [ 92.857, 22.0656 ], [ 92.8282, 22.3324 ], [ 92.8679, 22.3259 ], [ 92.9251, 22.3909 ], [ 92.9692, 22.3954 ], [ 92.9387, 22.4843 ], [ 92.9574, 22.63 ], [ 92.9265, 22.7912 ], [ 93.0082, 22.7563 ], [ 93.0337, 22.7986 ], [ 93.0914, 22.8106 ], [ 93.1127, 22.7442 ], [ 93.0918, 22.7093 ], [ 93.1456, 22.5861 ], [ 93.1117, 22.5318 ], [ 93.1908, 22.4273 ], [ 93.2086, 22.2611 ], [ 93.1471, 22.2465 ], [ 93.1544, 22.1782 ], [ 93.0467, 22.1976 ], [ 93.0656, 22.1021 ], [ 93.0133, 22.1022 ], [ 93.0066, 21.9799 ], [ 92.9558, 22.0299 ], [ 92.9109, 21.9462 ], [ 92.857, 22.0656 ] ] ] } },
{ "type": "Feature", "properties": { "state": "Mizoram", "district": "Serchhip" }, "geometry": { "type": "Polygon", "coordinates": [ [ [ 92.6909, 23.3117 ], [ 92.7178, 23.3519 ], [ 92.7902, 23.3205 ], [ 92.8372, 23.345 ], [ 92.8264, 23.4272 ], [ 92.7765, 23.4732 ], [ 92.7902, 23.6181 ], [ 92.8773, 23.4674 ], [ 92.9576, 23.5222 ], [ 93.0332, 23.4716 ], [ 93.0547, 23.3752 ], [ 93.0127, 23.2826 ], [ 93.0572, 23.2401 ], [ 93.1491, 23.2442 ], [ 93.1869, 23.0572 ], [ 93.1419, 23.0606 ], [ 93.1302, 23.0065 ], [ 93.0481, 23.0489 ], [ 93.0417, 23.0839 ], [ 92.9624, 23.119 ], [ 92.9402, 23.1894 ], [ 92.8699, 23.1755 ], [ 92.8371, 23.2481 ], [ 92.7266, 23.2431 ], [ 92.7109, 23.1947 ], [ 92.6909, 23.3117 ] ] ] } },
{ "type": "Feature", "properties": { "state": "Delhi", "district": "West" }, "geometry": { "type": "Polygon", "coordinates": [ [ [ 77.3377, 28.509 ], [ 77.2427, 28.4846 ], [ 77.2406, 28.4289 ], [ 77.1658, 28.4085 ], [ 77.0725, 28.5203 ], [ 77.0061, 28.5428 ], [ 77.0055, 28.5144 ], [ 76.8794, 28.5091 ], [ 76.8329, 28.5825 ], [ 76.8779, 28.6376 ], [ 76.9339, 28.6376 ], [ 76.9423, 28.8207 ], [ 77.0315, 28.8368 ], [ 77.0759, 28.8845 ], [ 77.1392, 28.8417 ], [ 77.2048, 28.8629 ], [ 77.1969, 28.7953 ], [ 77.2849, 28.7125 ], [ 77.3235, 28.7159 ], [ 77.3112, 28.6446 ], [ 77.3362, 28.6089 ], [ 77.2938, 28.5667 ], [ 77.3377, 28.509 ] ] ] } },
{ "type": "Feature", "properties": { "state": "Nagaland", "district": "Dimapur" }, "geometry": { "type": "Polygon", "coordinates": [ [ [ 93.773, 25.966 ], [ 93.7913, 25.816 ], [ 93.9402, 25.901 ], [ 93.9861, 25.8838 ], [ 93.9675, 25.8643 ], [ 94.0128, 25.8417 ], [ 94.0063, 25.8004 ], [ 93.9578, 25.7349 ], [ 93.8623, 25.6443 ], [ 93.749, 25.6596 ], [ 93.732, 25.7114 ], [ 93.6341, 25.6588 ], [ 93.5379, 25.6847 ], [ 93.5732, 25.7608 ], [ 93.7055, 25.8486 ], [ 93.6877, 25.9094 ], [ 93.773, 25.966 ] ] ] } },
{ "type": "Feature", "properties": { "state": "Nagaland", "district": "Kiphire" }, "geometry": { "type": "Polygon", "coordinates": [ [ [ 94.889, 25.5931 ], [ 94.8564, 25.6174 ], [ 94.8627, 25.7233 ], [ 94.8351, 25.7591 ], [ 94.756, 25.7863 ], [ 94.7261, 25.7274 ], [ 94.7, 25.7948 ], [ 94.6066, 25.8344 ], [ 94.577, 25.9014 ], [ 94.6683, 26.0196 ], [ 94.7885, 26.0053 ], [ 94.8513, 26.0347 ], [ 94.8943, 25.999 ], [ 94.8447, 25.9266 ], [ 94.9286, 25.9431 ], [ 95.0332, 25.8465 ], [ 95.0525, 25.7627 ], [ 94.889, 25.5931 ] ] ] } },
{ "type": "Feature", "properties": { "state": "Nagaland", "district": "Kohima" }, "geometry": { "type": "Polygon", "coordinates": [ [ [ 93.9608, 25.9059 ], [ 94.1072, 25.9901 ], [ 94.1692, 25.9786 ], [ 94.2195, 26.0294 ], [ 94.274, 26.015 ], [ 94.2857, 25.9348 ], [ 94.2165, 25.8786 ], [ 94.2818, 25.8054 ], [ 94.2164, 25.6799 ], [ 94.1949, 25.5524 ], [ 94.1061, 25.5289 ], [ 94.0255, 25.5934 ], [ 93.9574, 25.5568 ], [ 93.9177, 25.5992 ], [ 93.9369, 25.6457 ], [ 93.8834, 25.6653 ], [ 94.0128, 25.8352 ], [ 93.9608, 25.9059 ] ] ] } },
{ "type": "Feature", "properties": { "state": "Nagaland", "district": "Longleng" }, "geometry": { "type": "Polygon", "coordinates": [ [ [ 94.7377, 26.7689 ], [ 94.814, 26.7966 ], [ 94.798, 26.7728 ], [ 94.8359, 26.7229 ], [ 94.785, 26.7036 ], [ 94.783, 26.6614 ], [ 94.8947, 26.6087 ], [ 94.8941, 26.4848 ], [ 94.9352, 26.4043 ], [ 94.9169, 26.3717 ], [ 94.8468, 26.3805 ], [ 94.7643, 26.4552 ], [ 94.7114, 26.4452 ], [ 94.6938, 26.4812 ], [ 94.737, 26.6006 ], [ 94.6702, 26.6533 ], [ 94.7523, 26.7069 ], [ 94.7377, 26.7689 ] ] ] } },
{ "type": "Feature", "properties": { "state": "Nagaland", "district": "Mokokchung" }, "geometry": { "type": "Polygon", "coordinates": [ [ [ 94.2936, 26.4159 ], [ 94.3995, 26.5323 ], [ 94.4079, 26.6143 ], [ 94.5227, 26.7044 ], [ 94.5747, 26.691 ], [ 94.5999, 26.7377 ], [ 94.6534, 26.7236 ], [ 94.7377, 26.7689 ], [ 94.7583, 26.7388 ], [ 94.6702, 26.6533 ], [ 94.737, 26.6006 ], [ 94.6914, 26.5293 ], [ 94.7063, 26.418 ], [ 94.5679, 26.289 ], [ 94.5767, 26.2152 ], [ 94.5017, 26.2199 ], [ 94.4884, 26.2952 ], [ 94.4479, 26.2129 ], [ 94.3704, 26.1974 ], [ 94.3879, 26.2314 ], [ 94.3381, 26.2469 ], [ 94.3668, 26.3424 ], [ 94.2936, 26.4159 ] ] ] } },
{ "type": "Feature", "properties": { "state": "Nagaland", "district": "Mon" }, "geometry": { "type": "Polygon", "coordinates": [ [ [ 95.1955, 27.0429 ], [ 95.2339, 26.8908 ], [ 95.1845, 26.8648 ], [ 95.2449, 26.7873 ], [ 95.2161, 26.7353 ], [ 95.2376, 26.6863 ], [ 95.1547, 26.6195 ], [ 95.0663, 26.4568 ], [ 95.1357, 26.3878 ], [ 95.1335, 26.3426 ], [ 95.0203, 26.289 ], [ 94.9601, 26.3025 ], [ 94.8941, 26.4848 ], [ 94.8947, 26.6087 ], [ 94.783, 26.6614 ], [ 94.785, 26.7036 ], [ 94.8359, 26.7229 ], [ 94.7908, 26.8015 ], [ 94.8862, 26.9325 ], [ 94.9282, 26.9521 ], [ 95.0213, 26.9254 ], [ 95.1955, 27.0429 ] ] ] } },
{ "type": "Feature", "properties": { "state": "Nagaland", "district": "Peren" }, "geometry": { "type": "Polygon", "coordinates": [ [ [ 93.5051, 25.2441 ], [ 93.4619, 25.4347 ], [ 93.3959, 25.4641 ], [ 93.3317, 25.5468 ], [ 93.4275, 25.6315 ], [ 93.4999, 25.6565 ], [ 93.5259, 25.6997 ], [ 93.6341, 25.6588 ], [ 93.732, 25.7114 ], [ 93.7604, 25.654 ], [ 93.9369, 25.6457 ], [ 93.9159, 25.6072 ], [ 93.9452, 25.5626 ], [ 93.7706, 25.5403 ], [ 93.7658, 25.4999 ], [ 93.7972, 25.5044 ], [ 93.809, 25.4656 ], [ 93.6928, 25.3616 ], [ 93.608, 25.2021 ], [ 93.5547, 25.2505 ], [ 93.5051, 25.2441 ] ] ] } },
{ "type": "Feature", "properties": { "state": "Nagaland", "district": "Phek" }, "geometry": { "type": "Polygon", "coordinates": [ [ [ 94.5956, 25.6913 ], [ 94.3135, 25.4945 ], [ 94.223, 25.4968 ], [ 94.1907, 25.5308 ], [ 94.2164, 25.6799 ], [ 94.2818, 25.8054 ], [ 94.3062, 25.7896 ], [ 94.4582, 25.8471 ], [ 94.5313, 25.8268 ], [ 94.5433, 25.786 ], [ 94.7167, 25.764 ], [ 94.7261, 25.7274 ], [ 94.756, 25.7863 ], [ 94.8351, 25.7591 ], [ 94.8627, 25.7233 ], [ 94.8564, 25.6174 ], [ 94.905, 25.5671 ], [ 94.8494, 25.5607 ], [ 94.8125, 25.4954 ], [ 94.666, 25.4554 ], [ 94.5574, 25.5128 ], [ 94.5956, 25.6913 ] ] ] } },
{ "type": "Feature", "properties": { "state": "Nagaland", "district": "Tuensang" }, "geometry": { "type": "Polygon", "coordinates": [ [ [ 95.1857, 26.0804 ], [ 94.9818, 25.873 ], [ 94.9286, 25.9431 ], [ 94.8447, 25.9266 ], [ 94.8943, 25.999 ], [ 94.8513, 26.0347 ], [ 94.7885, 26.0053 ], [ 94.6683, 26.0196 ], [ 94.7062, 26.0579 ], [ 94.705, 26.1779 ], [ 94.6429, 26.2237 ], [ 94.5974, 26.2106 ], [ 94.5654, 26.2845 ], [ 94.6532, 26.3465 ], [ 94.7174, 26.4491 ], [ 94.7643, 26.4552 ], [ 94.8612, 26.3751 ], [ 94.9425, 26.3741 ], [ 94.9601, 26.3025 ], [ 95.0203, 26.289 ], [ 95.1282, 26.3293 ], [ 95.1206, 26.1097 ], [ 95.1857, 26.0804 ] ] ] } },
{ "type": "Feature", "properties": { "state": "Nagaland", "district": "Wokha" }, "geometry": { "type": "Polygon", "coordinates": [ [ [ 93.9827, 25.9263 ], [ 93.9549, 26.0073 ], [ 94.0048, 26.1733 ], [ 94.108, 26.3264 ], [ 94.1755, 26.3442 ], [ 94.1865, 26.4605 ], [ 94.2898, 26.5641 ], [ 94.3168, 26.4598 ], [ 94.2936, 26.4159 ], [ 94.3678, 26.3382 ], [ 94.3381, 26.2469 ], [ 94.3892, 26.2255 ], [ 94.3378, 26.184 ], [ 94.3901, 26.1199 ], [ 94.3597, 26.0148 ], [ 94.2195, 26.0294 ], [ 94.1692, 25.9786 ], [ 94.1072, 25.9901 ], [ 93.9827, 25.9263 ] ] ] } },
{ "type": "Feature", "properties": { "state": "Nagaland", "district": "Zunheboto" }, "geometry": { "type": "Polygon", "coordinates": [ [ [ 94.7062, 26.0579 ], [ 94.5766, 25.898 ], [ 94.6136, 25.8236 ], [ 94.6842, 25.8067 ], [ 94.7167, 25.764 ], [ 94.5433, 25.786 ], [ 94.5473, 25.8149 ], [ 94.4661, 25.8471 ], [ 94.3062, 25.7896 ], [ 94.2165, 25.8786 ], [ 94.2857, 25.9348 ], [ 94.274, 26.015 ], [ 94.3401, 26.0018 ], [ 94.3885, 26.079 ], [ 94.3378, 26.184 ], [ 94.4436, 26.2095 ], [ 94.4778, 26.2926 ], [ 94.5061, 26.2178 ], [ 94.6936, 26.1987 ], [ 94.7062, 26.0579 ] ] ] } },
{ "type": "Feature", "properties": { "state": "Odisha", "district": "Anugul" }, "geometry": { "type": "Polygon", "coordinates": [ [ [ 84.7351, 20.6101 ], [ 84.631, 20.619 ], [ 84.565, 20.6816 ], [ 84.3653, 20.7575 ], [ 84.3505, 20.8305 ], [ 84.2607, 20.8843 ], [ 84.2641, 20.9094 ], [ 84.3949, 20.9689 ], [ 84.4292, 21.0093 ], [ 84.4039, 21.0259 ], [ 84.4784, 21.0777 ], [ 84.6767, 21.0591 ], [ 84.6857, 21.1486 ], [ 84.7387, 21.166 ], [ 84.794, 21.1286 ], [ 84.817, 21.1676 ], [ 84.9162, 21.137 ], [ 84.924, 21.176 ], [ 84.9567, 21.1436 ], [ 84.9622, 21.1864 ], [ 84.8954, 21.2544 ], [ 84.957, 21.2938 ], [ 85.0311, 21.2895 ], [ 84.9978, 21.4351 ], [ 85.1511, 21.4557 ], [ 85.2094, 21.5495 ], [ 85.1483, 21.6003 ], [ 85.1879, 21.6589 ], [ 85.245, 21.6716 ], [ 85.3278, 21.4768 ], [ 85.3026, 21.4444 ], [ 85.2531, 21.4464 ], [ 85.3376, 21.3539 ], [ 85.2679, 21.27 ], [ 85.3629, 21.2356 ], [ 85.3889, 21.1795 ], [ 85.2677, 21.1687 ], [ 85.2272, 21.0659 ], [ 85.1629, 21.0521 ], [ 85.2578, 20.9745 ], [ 85.2508, 20.7904 ], [ 85.1955, 20.782 ], [ 85.2099, 20.7432 ], [ 85.1619, 20.6528 ], [ 85.1693, 20.6945 ], [ 85.1344, 20.7234 ], [ 85.1087, 20.6758 ], [ 85.1232, 20.6091 ], [ 85.0608, 20.5708 ], [ 84.8916, 20.5742 ], [ 84.845, 20.5221 ], [ 84.7351, 20.6101 ] ] ] } },
{ "type": "Feature", "properties": { "state": "Odisha", "district": "Balangir" }, "geometry": { "type": "Polygon", "coordinates": [ [ [ 83.4845, 20.4481 ], [ 83.353, 20.3098 ], [ 83.2317, 20.2514 ], [ 83.1763, 20.1675 ], [ 83.0835, 20.1935 ], [ 82.9249, 20.1742 ], [ 82.9017, 20.1427 ], [ 82.8175, 20.1605 ], [ 82.8549, 20.2655 ], [ 82.8069, 20.2904 ], [ 82.8158, 20.3171 ], [ 82.8433, 20.2885 ], [ 82.8476, 20.3324 ], [ 82.81, 20.354 ], [ 82.7849, 20.3214 ], [ 82.8099, 20.3785 ], [ 82.7122, 20.353 ], [ 82.7248, 20.3798 ], [ 82.6793, 20.4458 ], [ 82.7358, 20.6189 ], [ 82.6889, 20.6768 ], [ 82.6955, 20.7219 ], [ 82.7302, 20.7216 ], [ 82.7685, 20.8036 ], [ 82.8838, 20.9065 ], [ 82.9615, 20.8928 ], [ 82.9861, 20.8453 ], [ 83.1252, 20.8596 ], [ 83.2122, 20.9311 ], [ 83.2756, 20.8399 ], [ 83.406, 20.8918 ], [ 83.379, 20.9892 ], [ 83.3228, 20.9809 ], [ 83.2897, 21.0115 ], [ 83.3514, 21.0657 ], [ 83.4206, 21.0277 ], [ 83.4522, 21.051 ], [ 83.4435, 21.0151 ], [ 83.5022, 20.9787 ], [ 83.6289, 20.9806 ], [ 83.6137, 20.8993 ], [ 83.5666, 20.8483 ], [ 83.6706, 20.7375 ], [ 83.5886, 20.5987 ], [ 83.5991, 20.5248 ], [ 83.565, 20.4793 ], [ 83.6591, 20.4176 ], [ 83.6492, 20.3648 ], [ 83.6179, 20.3452 ], [ 83.4847, 20.4009 ], [ 83.4845, 20.4481 ] ] ] } },
{ "type": "Feature", "properties": { "state": "Odisha", "district": "Baleshwar" }, "geometry": { "type": "MultiPolygon", "coordinates": [ [ [ [ 86.4307, 21.3331 ], [ 86.5802, 21.5156 ], [ 86.6324, 21.5239 ], [ 86.6476, 21.5737 ], [ 86.7495, 21.6002 ], [ 86.8628, 21.587 ], [ 86.8738, 21.63 ], [ 86.9078, 21.5742 ], [ 87.0029, 21.5932 ], [ 86.9849, 21.6619 ], [ 87.0496, 21.6782 ], [ 87.0226, 21.7358 ], [ 87.0675, 21.7014 ], [ 87.1182, 21.7499 ], [ 87.1013, 21.7783 ], [ 87.1414, 21.7585 ], [ 87.1699, 21.8055 ], [ 87.1798, 21.7851 ], [ 87.174, 21.8074 ], [ 87.1009, 21.8518 ], [ 87.0885, 21.8951 ], [ 87.1583, 21.9305 ], [ 87.1674, 21.9734 ], [ 87.2348, 21.9544 ], [ 87.2716, 21.8034 ], [ 87.4393, 21.7644 ], [ 87.4661, 21.7252 ], [ 87.4811, 21.6078 ], [ 87.38, 21.5456 ], [ 87.2009, 21.5485 ], [ 87.1069, 21.5177 ], [ 86.9108, 21.3403 ], [ 86.8378, 21.2056 ], [ 86.768, 21.2183 ], [ 86.7712, 21.1653 ], [ 86.6672, 21.1581 ], [ 86.6377, 21.0549 ], [ 86.5575, 21.1486 ], [ 86.4303, 21.1541 ], [ 86.433, 21.2149 ], [ 86.3693, 21.2257 ], [ 86.3565, 21.2947 ], [ 86.4307, 21.3331 ] ] ], [ [ [ 87.1237, 21.5205 ], [ 87.1189, 21.5172 ], [ 87.1224, 21.5208 ], [ 87.1237, 21.5205 ] ] ] ] } },
{ "type": "Feature", "properties": { "state": "Odisha", "district": "Bargarh" }, "geometry": { "type": "Polygon", "coordinates": [ [ [ 82.6354, 21.092 ], [ 82.6359, 21.1495 ], [ 82.6845, 21.1581 ], [ 82.7888, 21.1393 ], [ 82.9561, 21.1755 ], [ 83.1198, 21.1011 ], [ 83.1901, 21.1355 ], [ 83.2184, 21.2601 ], [ 83.2746, 21.2857 ], [ 83.27, 21.375 ], [ 83.4027, 21.3484 ], [ 83.3346, 21.4956 ], [ 83.3682, 21.5971 ], [ 83.4412, 21.6493 ], [ 83.463, 21.6055 ], [ 83.5528, 21.7402 ], [ 83.6879, 21.6986 ], [ 83.8798, 21.4351 ], [ 83.8425, 21.4065 ], [ 83.8739, 21.3863 ], [ 83.8646, 21.3067 ], [ 83.9072, 21.2354 ], [ 83.8378, 21.0931 ], [ 83.763, 21.1509 ], [ 83.711, 21.1169 ], [ 83.6066, 21.125 ], [ 83.4918, 21.0376 ], [ 83.3176, 21.0515 ], [ 83.2897, 21.0115 ], [ 83.3228, 20.9809 ], [ 83.379, 20.9892 ], [ 83.4107, 20.8978 ], [ 83.2756, 20.8399 ], [ 83.2122, 20.9311 ], [ 83.1252, 20.8596 ], [ 82.9861, 20.8453 ], [ 82.9615, 20.8928 ], [ 82.8838, 20.9065 ], [ 82.7685, 20.8036 ], [ 82.7302, 20.7216 ], [ 82.6834, 20.7255 ], [ 82.6864, 21.0184 ], [ 82.6354, 21.092 ] ] ] } },
{ "type": "Feature", "properties": { "state": "Odisha", "district": "Bauda" }, "geometry": { "type": "Polygon", "coordinates": [ [ [ 84.745, 20.6057 ], [ 84.7897, 20.5543 ], [ 84.7098, 20.515 ], [ 84.6857, 20.436 ], [ 84.4806, 20.3805 ], [ 84.4284, 20.5027 ], [ 84.3863, 20.5256 ], [ 84.3539, 20.6683 ], [ 84.3122, 20.689 ], [ 84.2146, 20.5816 ], [ 84.0675, 20.5927 ], [ 83.9999, 20.5643 ], [ 83.9101, 20.6111 ], [ 83.9077, 20.575 ], [ 83.8512, 20.5669 ], [ 83.7891, 20.5044 ], [ 83.8225, 20.4458 ], [ 83.7717, 20.4065 ], [ 83.6591, 20.4176 ], [ 83.565, 20.4793 ], [ 83.5758, 20.5186 ], [ 83.7243, 20.6012 ], [ 83.7115, 20.6352 ], [ 83.7741, 20.7941 ], [ 83.9335, 20.8362 ], [ 84.048, 20.8234 ], [ 84.211, 20.8967 ], [ 84.3449, 20.8364 ], [ 84.3769, 20.7511 ], [ 84.565, 20.6816 ], [ 84.631, 20.619 ], [ 84.745, 20.6057 ] ] ] } },
{ "type": "Feature", "properties": { "state": "Odisha", "district": "Bhadrak" }, "geometry": { "type": "MultiPolygon", "coordinates": [ [ [ [ 86.9437, 20.7843 ], [ 86.9461, 20.7867 ], [ 86.9481, 20.7842 ], [ 86.9437, 20.7843 ] ] ], [ [ [ 87.0186, 20.8229 ], [ 87.0057, 20.8096 ], [ 87.0025, 20.8322 ], [ 87.0186, 20.8229 ] ] ], [ [ [ 86.3491, 21.2303 ], [ 86.4442, 21.1953 ], [ 86.4303, 21.1541 ], [ 86.5575, 21.1486 ], [ 86.6377, 21.0549 ], [ 86.6672, 21.1581 ], [ 86.7712, 21.1653 ], [ 86.7651, 21.2151 ], [ 86.8135, 21.2205 ], [ 86.8439, 21.0817 ], [ 86.9617, 20.8575 ], [ 86.9622, 20.7894 ], [ 86.8644, 20.7922 ], [ 86.8083, 20.723 ], [ 86.7578, 20.7309 ], [ 86.7557, 20.7639 ], [ 86.6117, 20.7911 ], [ 86.5651, 20.8594 ], [ 86.4474, 20.8384 ], [ 86.3244, 20.8592 ], [ 86.277, 20.9002 ], [ 86.2846, 21.0125 ], [ 86.3212, 21.0536 ], [ 86.2684, 21.1369 ], [ 86.335, 21.1739 ], [ 86.3491, 21.2303 ] ] ] ] } },
{ "type": "Feature", "properties": { "state": "Odisha", "district": "Cuttack" }, "geometry": { "type": "Polygon", "coordinates": [ [ [ 85.7239, 20.6388 ], [ 85.8786, 20.6514 ], [ 85.9226, 20.6913 ], [ 86.0485, 20.5825 ], [ 86.1761, 20.6523 ], [ 86.1643, 20.6304 ], [ 86.2785, 20.5772 ], [ 86.2476, 20.5315 ], [ 86.2724, 20.5104 ], [ 86.2757, 20.3902 ], [ 86.2495, 20.3593 ], [ 86.1315, 20.3498 ], [ 86.0221, 20.3942 ], [ 86.0095, 20.3741 ], [ 86.0272, 20.2896 ], [ 86.1459, 20.2146 ], [ 86.1652, 20.0332 ], [ 86.0764, 20.061 ], [ 86.0796, 20.0967 ], [ 86.0306, 20.1358 ], [ 86.0492, 20.1576 ], [ 85.9283, 20.2654 ], [ 85.8947, 20.3605 ], [ 85.8646, 20.3286 ], [ 85.8788, 20.2798 ], [ 85.7966, 20.3137 ], [ 85.825, 20.3969 ], [ 85.8017, 20.4268 ], [ 85.7099, 20.3924 ], [ 85.6207, 20.2849 ], [ 85.547, 20.3061 ], [ 85.4021, 20.2491 ], [ 85.3767, 20.2787 ], [ 85.3308, 20.2652 ], [ 85.3651, 20.3595 ], [ 85.1541, 20.3716 ], [ 84.845, 20.5221 ], [ 84.8916, 20.5742 ], [ 85.0608, 20.5708 ], [ 85.1232, 20.6091 ], [ 85.2462, 20.5117 ], [ 85.4521, 20.4786 ], [ 85.5058, 20.5289 ], [ 85.5836, 20.5055 ], [ 85.653, 20.5433 ], [ 85.7239, 20.6388 ] ] ] } },
{ "type": "Feature", "properties": { "state": "Odisha", "district": "Debagarh" }, "geometry": { "type": "Polygon", "coordinates": [ [ [ 84.9642, 21.1801 ], [ 84.9567, 21.1436 ], [ 84.924, 21.176 ], [ 84.9162, 21.137 ], [ 84.817, 21.1676 ], [ 84.7932, 21.1619 ], [ 84.8063, 21.1321 ], [ 84.7576, 21.1452 ], [ 84.7157, 21.2037 ], [ 84.7548, 21.2223 ], [ 84.7599, 21.2702 ], [ 84.6943, 21.3177 ], [ 84.5644, 21.2492 ], [ 84.5425, 21.3702 ], [ 84.4937, 21.3613 ], [ 84.4759, 21.3914 ], [ 84.4786, 21.5097 ], [ 84.505, 21.558 ], [ 84.5684, 21.571 ], [ 84.4849, 21.6366 ], [ 84.4989, 21.6783 ], [ 84.6212, 21.6935 ], [ 84.6455, 21.7384 ], [ 84.7141, 21.711 ], [ 84.7527, 21.6206 ], [ 84.7868, 21.6278 ], [ 84.7867, 21.6644 ], [ 84.8594, 21.6482 ], [ 84.994, 21.6779 ], [ 85.0456, 21.5846 ], [ 85.1949, 21.5746 ], [ 85.2055, 21.5282 ], [ 85.1511, 21.4557 ], [ 84.9978, 21.4351 ], [ 85.0311, 21.2895 ], [ 84.957, 21.2938 ], [ 84.8954, 21.2544 ], [ 84.9642, 21.1801 ] ] ] } },
{ "type": "Feature", "properties": { "state": "Odisha", "district": "Dhenkanal" }, "geometry": { "type": "Polygon", "coordinates": [ [ [ 85.1274, 20.6277 ], [ 85.114, 20.687 ], [ 85.1474, 20.7254 ], [ 85.1619, 20.6528 ], [ 85.1908, 20.6715 ], [ 85.193, 20.7774 ], [ 85.2508, 20.7904 ], [ 85.2619, 20.8849 ], [ 85.2364, 20.9015 ], [ 85.2563, 20.9783 ], [ 85.1629, 21.0521 ], [ 85.2272, 21.0659 ], [ 85.2851, 21.1755 ], [ 85.3148, 21.155 ], [ 85.3889, 21.1795 ], [ 85.4918, 21.1079 ], [ 85.5427, 21.1609 ], [ 85.6052, 21.1316 ], [ 85.7046, 21.176 ], [ 85.7227, 21.1378 ], [ 85.6792, 21.1123 ], [ 85.7247, 21.0574 ], [ 85.7186, 20.9774 ], [ 85.7738, 20.9758 ], [ 85.8221, 20.9201 ], [ 85.9144, 20.9213 ], [ 85.8958, 20.8405 ], [ 86.0282, 20.8025 ], [ 86.0204, 20.7197 ], [ 85.9029, 20.7059 ], [ 85.8786, 20.6514 ], [ 85.7863, 20.6661 ], [ 85.7031, 20.6203 ], [ 85.653, 20.5433 ], [ 85.5836, 20.5055 ], [ 85.5058, 20.5289 ], [ 85.4521, 20.4786 ], [ 85.2407, 20.5141 ], [ 85.1274, 20.6277 ] ] ] } },
{ "type": "Feature", "properties": { "state": "Odisha", "district": "Gajapati" }, "geometry": { "type": "Polygon", "coordinates": [ [ [ 84.3441, 18.8119 ], [ 84.3125, 18.7792 ], [ 84.2167, 18.7873 ], [ 84.0818, 18.7446 ], [ 84.0271, 18.8022 ], [ 83.8869, 18.8054 ], [ 83.8437, 18.8514 ], [ 83.794, 19.0195 ], [ 83.8553, 18.9709 ], [ 83.9059, 19.009 ], [ 83.9511, 18.9776 ], [ 83.9804, 19.0119 ], [ 83.964, 19.0572 ], [ 84.0226, 19.0455 ], [ 84.0248, 19.1227 ], [ 83.9771, 19.1533 ], [ 83.9755, 19.2009 ], [ 84.0226, 19.3376 ], [ 83.9396, 19.3899 ], [ 83.9698, 19.5229 ], [ 83.9367, 19.5426 ], [ 83.9199, 19.6231 ], [ 84.1204, 19.6256 ], [ 84.1506, 19.574 ], [ 84.2442, 19.5641 ], [ 84.2497, 19.4892 ], [ 84.2978, 19.4877 ], [ 84.3176, 19.5483 ], [ 84.3651, 19.5383 ], [ 84.4001, 19.437 ], [ 84.3754, 19.3729 ], [ 84.4336, 19.3544 ], [ 84.4037, 19.2168 ], [ 84.3536, 19.1771 ], [ 84.3836, 19.1321 ], [ 84.3436, 19.0135 ], [ 84.4406, 18.9669 ], [ 84.4098, 18.8906 ], [ 84.3653, 18.8963 ], [ 84.3876, 18.8777 ], [ 84.3514, 18.8832 ], [ 84.3624, 18.8511 ], [ 84.336, 18.8667 ], [ 84.3441, 18.8119 ] ] ] } },
{ "type": "Feature", "properties": { "state": "Odisha", "district": "Ganjam" }, "geometry": { "type": "MultiPolygon", "coordinates": [ [ [ [ 84.7613, 19.0713 ], [ 84.751, 19.0821 ], [ 84.7835, 19.1107 ], [ 84.7613, 19.0713 ] ] ], [ [ [ 84.7674, 19.1018 ], [ 84.7679, 19.1057 ], [ 84.7699, 19.106 ], [ 84.7674, 19.1018 ] ] ], [ [ [ 84.7568, 19.1015 ], [ 84.7585, 19.1049 ], [ 84.7654, 19.104 ], [ 84.7568, 19.1015 ] ] ], [ [ [ 84.9777, 19.8166 ], [ 85.0707, 19.7837 ], [ 85.1778, 19.6691 ], [ 85.1192, 19.5865 ], [ 85.1512, 19.5546 ], [ 85.0866, 19.5053 ], [ 85.165, 19.4617 ], [ 84.9057, 19.2696 ], [ 84.7779, 19.1101 ], [ 84.7254, 19.0965 ], [ 84.7354, 19.1438 ], [ 84.7032, 19.1207 ], [ 84.719, 19.0958 ], [ 84.6938, 19.1195 ], [ 84.7052, 19.149 ], [ 84.665, 19.1567 ], [ 84.6612, 19.1219 ], [ 84.5918, 19.1238 ], [ 84.6545, 19.0523 ], [ 84.6127, 19.0548 ], [ 84.5877, 19.013 ], [ 84.5661, 19.065 ], [ 84.4717, 18.9812 ], [ 84.4151, 19.0139 ], [ 84.4221, 18.975 ], [ 84.3752, 18.9811 ], [ 84.3436, 19.0135 ], [ 84.3836, 19.1321 ], [ 84.3536, 19.1771 ], [ 84.4037, 19.2168 ], [ 84.4336, 19.3544 ], [ 84.3754, 19.3729 ], [ 84.4001, 19.437 ], [ 84.3651, 19.5383 ], [ 84.3176, 19.5483 ], [ 84.2978, 19.4877 ], [ 84.2461, 19.4929 ], [ 84.2337, 19.6531 ], [ 84.1826, 19.6957 ], [ 84.1962, 19.7232 ], [ 84.1512, 19.7157 ], [ 84.1263, 19.7692 ], [ 84.195, 19.8277 ], [ 84.1781, 19.8528 ], [ 84.3008, 19.8987 ], [ 84.3374, 19.8538 ], [ 84.4388, 19.8232 ], [ 84.4586, 19.9454 ], [ 84.3175, 19.981 ], [ 84.3492, 20.0297 ], [ 84.4085, 20.0471 ], [ 84.4306, 20.1994 ], [ 84.472, 20.1398 ], [ 84.5576, 20.1341 ], [ 84.69, 20.2749 ], [ 84.8282, 20.2102 ], [ 84.7926, 20.0875 ], [ 84.8563, 19.9932 ], [ 84.8955, 19.9858 ], [ 84.9001, 19.9038 ], [ 84.9777, 19.8166 ] ] ] ] } },
{ "type": "Feature", "properties": { "state": "Odisha", "district": "Jagatsinghapur" }, "geometry": { "type": "MultiPolygon", "coordinates": [ [ [ [ 86.3272, 19.9986 ], [ 86.3367, 20.0 ], [ 86.3353, 19.9886 ], [ 86.3272, 19.9986 ] ] ], [ [ [ 86.3221, 20.011 ], [ 86.3158, 20.0311 ], [ 86.3253, 20.0164 ], [ 86.3221, 20.011 ] ] ], [ [ [ 86.3207, 20.0248 ], [ 86.3267, 20.0244 ], [ 86.3242, 20.0219 ], [ 86.3207, 20.0248 ] ] ], [ [ [ 86.3097, 20.0408 ], [ 86.3133, 20.0383 ], [ 86.3089, 20.0392 ], [ 86.3097, 20.0408 ] ] ], [ [ [ 86.3006, 20.0425 ], [ 86.3014, 20.0389 ], [ 86.2986, 20.0417 ], [ 86.3006, 20.0425 ] ] ], [ [ [ 86.3081, 20.0344 ], [ 86.2539, 20.0464 ], [ 86.27, 20.0583 ], [ 86.3081, 20.0344 ] ] ], [ [ [ 86.2917, 20.0472 ], [ 86.2969, 20.0497 ], [ 86.3003, 20.0447 ], [ 86.2917, 20.0472 ] ] ], [ [ [ 86.2558, 20.0569 ], [ 86.2514, 20.0514 ], [ 86.2503, 20.0525 ], [ 86.2558, 20.0569 ] ] ], [ [ [ 86.1535, 20.118 ], [ 86.1459, 20.2146 ], [ 86.0251, 20.2928 ], [ 86.0221, 20.3942 ], [ 86.1315, 20.3498 ], [ 86.17, 20.3705 ], [ 86.3932, 20.3612 ], [ 86.4519, 20.3262 ], [ 86.6074, 20.3366 ], [ 86.7189, 20.2911 ], [ 86.46, 20.1622 ], [ 86.4911, 20.1578 ], [ 86.4622, 20.1147 ], [ 86.4628, 20.1086 ], [ 86.4714, 20.0975 ], [ 86.4639, 20.1147 ], [ 86.4892, 20.1214 ], [ 86.5039, 20.1644 ], [ 86.5589, 20.2006 ], [ 86.5206, 20.1692 ], [ 86.4839, 20.1103 ], [ 86.4368, 20.061 ], [ 86.4118, 20.0555 ], [ 86.3869, 19.9761 ], [ 86.3422, 19.9864 ], [ 86.3274, 20.0307 ], [ 86.2905, 20.061 ], [ 86.2872, 20.0497 ], [ 86.2692, 20.0628 ], [ 86.2505, 20.0557 ], [ 86.2419, 20.0311 ], [ 86.2043, 20.0319 ], [ 86.1535, 20.118 ] ] ], [ [ [ 86.3864, 19.9633 ], [ 86.3805, 19.9586 ], [ 86.3789, 19.9594 ], [ 86.3864, 19.9633 ] ] ], [ [ [ 86.3933, 19.9664 ], [ 86.3906, 19.9665 ], [ 86.3994, 19.9723 ], [ 86.3933, 19.9664 ] ] ], [ [ [ 86.3707, 19.9681 ], [ 86.3675, 19.9736 ], [ 86.3725, 19.9735 ], [ 86.3707, 19.9681 ] ] ], [ [ [ 86.4122, 20.0206 ], [ 86.4097, 20.0217 ], [ 86.4125, 20.0258 ], [ 86.4122, 20.0206 ] ] ], [ [ [ 86.4217, 20.0383 ], [ 86.4247, 20.0372 ], [ 86.4208, 20.0319 ], [ 86.4217, 20.0383 ] ] ], [ [ [ 86.4325, 20.0569 ], [ 86.4372, 20.0594 ], [ 86.4322, 20.0511 ], [ 86.4325, 20.0569 ] ] ], [ [ [ 86.4922, 20.1456 ], [ 86.4922, 20.1475 ], [ 86.4947, 20.1489 ], [ 86.4922, 20.1456 ] ] ], [ [ [ 86.4971, 20.162 ], [ 86.4984, 20.1767 ], [ 86.5081, 20.1725 ], [ 86.4971, 20.162 ] ] ], [ [ [ 86.5554, 20.2068 ], [ 86.5526, 20.2053 ], [ 86.554, 20.2068 ], [ 86.5554, 20.2068 ] ] ] ] } },
{ "type": "Feature", "properties": { "state": "Odisha", "district": "Jajapur" }, "geometry": { "type": "Polygon", "coordinates": [ [ [ 86.2846, 21.0125 ], [ 86.277, 20.9002 ], [ 86.3244, 20.8592 ], [ 86.4474, 20.8384 ], [ 86.5651, 20.8594 ], [ 86.6207, 20.784 ], [ 86.5394, 20.7474 ], [ 86.5421, 20.6888 ], [ 86.4655, 20.6811 ], [ 86.37, 20.5878 ], [ 86.3211, 20.6245 ], [ 86.3177, 20.5797 ], [ 86.2685, 20.5768 ], [ 86.1643, 20.6304 ], [ 86.191, 20.6392 ], [ 86.1761, 20.6523 ], [ 86.0431, 20.5831 ], [ 85.9014, 20.701 ], [ 86.0204, 20.7197 ], [ 86.0282, 20.8025 ], [ 85.8958, 20.8405 ], [ 85.9144, 20.9213 ], [ 85.8221, 20.9201 ], [ 85.7738, 20.9758 ], [ 85.7186, 20.9774 ], [ 85.7247, 21.0574 ], [ 85.6792, 21.1123 ], [ 85.7522, 21.1434 ], [ 85.77, 21.0982 ], [ 85.8819, 21.0804 ], [ 85.9293, 21.1304 ], [ 86.0816, 21.1623 ], [ 86.0231, 21.0672 ], [ 86.0427, 21.0181 ], [ 86.0841, 21.0123 ], [ 86.1294, 21.0683 ], [ 86.2846, 21.0125 ] ] ] } },
{ "type": "Feature", "properties": { "state": "Odisha", "district": "Jharsuguda" }, "geometry": { "type": "Polygon", "coordinates": [ [ [ 83.4197, 21.675 ], [ 83.478, 21.728 ], [ 83.4909, 21.8145 ], [ 83.5366, 21.7939 ], [ 83.5312, 21.8319 ], [ 83.6225, 21.8455 ], [ 83.7148, 21.7834 ], [ 83.8897, 21.9434 ], [ 83.9543, 21.9384 ], [ 83.974, 21.9033 ], [ 84.0223, 21.9499 ], [ 84.0718, 21.9342 ], [ 84.0659, 21.9867 ], [ 84.1144, 22.0081 ], [ 84.2263, 21.9719 ], [ 84.2927, 22.0307 ], [ 84.3836, 22.0185 ], [ 84.2797, 21.7585 ], [ 84.1833, 21.7508 ], [ 84.1083, 21.7857 ], [ 83.963, 21.7625 ], [ 83.9372, 21.7244 ], [ 83.9662, 21.7054 ], [ 83.9572, 21.5676 ], [ 83.8164, 21.5908 ], [ 83.7931, 21.563 ], [ 83.6879, 21.6986 ], [ 83.5528, 21.7402 ], [ 83.4831, 21.6396 ], [ 83.4197, 21.675 ] ] ] } },
{ "type": "Feature", "properties": { "state": "Odisha", "district": "Kalahandi" }, "geometry": { "type": "Polygon", "coordinates": [ [ [ 82.5951, 19.7731 ], [ 82.6457, 19.8254 ], [ 82.7027, 19.831 ], [ 82.698, 19.9927 ], [ 82.8078, 20.0966 ], [ 82.8175, 20.1605 ], [ 82.9017, 20.1427 ], [ 82.9249, 20.1742 ], [ 83.0835, 20.1935 ], [ 83.1763, 20.1675 ], [ 83.2317, 20.2514 ], [ 83.353, 20.3098 ], [ 83.4805, 20.4489 ], [ 83.4847, 20.4009 ], [ 83.5496, 20.3949 ], [ 83.5699, 20.3597 ], [ 83.6179, 20.3452 ], [ 83.6454, 20.384 ], [ 83.6985, 20.3648 ], [ 83.7251, 20.2073 ], [ 83.779, 20.2067 ], [ 83.7835, 20.1748 ], [ 83.7037, 20.0964 ], [ 83.5768, 20.1088 ], [ 83.4887, 19.9535 ], [ 83.4449, 19.9665 ], [ 83.4011, 19.9173 ], [ 83.4483, 19.7336 ], [ 83.3787, 19.6605 ], [ 83.3658, 19.5915 ], [ 83.26, 19.5944 ], [ 83.2405, 19.5015 ], [ 83.1976, 19.4568 ], [ 83.2105, 19.4286 ], [ 83.1804, 19.4571 ], [ 83.1605, 19.4254 ], [ 83.1516, 19.4788 ], [ 83.0628, 19.5559 ], [ 82.986, 19.4836 ], [ 82.984, 19.4408 ], [ 82.9209, 19.4351 ], [ 82.9497, 19.3182 ], [ 82.8971, 19.2784 ], [ 82.871, 19.1771 ], [ 82.7977, 19.2301 ], [ 82.8415, 19.3167 ], [ 82.7197, 19.3398 ], [ 82.7017, 19.4123 ], [ 82.6263, 19.4763 ], [ 82.635, 19.5046 ], [ 82.5242, 19.5758 ], [ 82.5951, 19.7731 ] ] ] } },
{ "type": "Feature", "properties": { "state": "Odisha", "district": "Kandhamal" }, "geometry": { "type": "Polygon", "coordinates": [ [ [ 83.6471, 20.385 ], [ 83.6681, 20.4234 ], [ 83.7717, 20.4065 ], [ 83.7805, 20.4377 ], [ 83.8057, 20.4278 ], [ 83.8225, 20.4458 ], [ 83.7891, 20.5044 ], [ 83.8512, 20.5669 ], [ 83.9077, 20.575 ], [ 83.9101, 20.6111 ], [ 83.9999, 20.5643 ], [ 84.0675, 20.5927 ], [ 84.2146, 20.5816 ], [ 84.2862, 20.6825 ], [ 84.3539, 20.6683 ], [ 84.3863, 20.5256 ], [ 84.4284, 20.5027 ], [ 84.4561, 20.3907 ], [ 84.5061, 20.3924 ], [ 84.4807, 20.3361 ], [ 84.5372, 20.3205 ], [ 84.5803, 20.1673 ], [ 84.5576, 20.1341 ], [ 84.4792, 20.1362 ], [ 84.4306, 20.1994 ], [ 84.4085, 20.0471 ], [ 84.3239, 19.9995 ], [ 84.3295, 19.9706 ], [ 84.4586, 19.9454 ], [ 84.4388, 19.8232 ], [ 84.3374, 19.8538 ], [ 84.3008, 19.8987 ], [ 84.1781, 19.8528 ], [ 84.195, 19.8277 ], [ 84.1672, 19.7852 ], [ 84.1257, 19.7728 ], [ 84.2337, 19.6531 ], [ 84.2316, 19.5642 ], [ 84.1506, 19.574 ], [ 84.1204, 19.6256 ], [ 83.9688, 19.6133 ], [ 83.9254, 19.6698 ], [ 83.8666, 19.6671 ], [ 83.8067, 19.7101 ], [ 83.7617, 19.7061 ], [ 83.7331, 19.6476 ], [ 83.6873, 19.6814 ], [ 83.6336, 19.6597 ], [ 83.6121, 19.8085 ], [ 83.5216, 19.8514 ], [ 83.5552, 19.9225 ], [ 83.4887, 19.9535 ], [ 83.5768, 20.1088 ], [ 83.7037, 20.0964 ], [ 83.7835, 20.1748 ], [ 83.779, 20.2067 ], [ 83.7132, 20.2332 ], [ 83.6985, 20.3648 ], [ 83.6471, 20.385 ] ] ] } },
{ "type": "Feature", "properties": { "state": "Odisha", "district": "Kendrapara" }, "geometry": { "type": "MultiPolygon", "coordinates": [ [ [ [ 86.7906, 20.3727 ], [ 86.7958, 20.3717 ], [ 86.7917, 20.3653 ], [ 86.7906, 20.3727 ] ] ], [ [ [ 86.7922, 20.375 ], [ 86.795, 20.3787 ], [ 86.797, 20.3751 ], [ 86.7922, 20.375 ] ] ], [ [ [ 86.7911, 20.3856 ], [ 86.7939, 20.3875 ], [ 86.7939, 20.3842 ], [ 86.7911, 20.3856 ] ] ], [ [ [ 86.8149, 20.4067 ], [ 86.8003, 20.3899 ], [ 86.8028, 20.4208 ], [ 86.8149, 20.4067 ] ] ], [ [ [ 86.7914, 20.4292 ], [ 86.7953, 20.3934 ], [ 86.7894, 20.3875 ], [ 86.7878, 20.4051 ], [ 86.7914, 20.4292 ] ] ], [ [ [ 86.8027, 20.4595 ], [ 86.8015, 20.4623 ], [ 86.8033, 20.4625 ], [ 86.8027, 20.4595 ] ] ], [ [ [ 86.8094, 20.4836 ], [ 86.8008, 20.4739 ], [ 86.8053, 20.4919 ], [ 86.8094, 20.4836 ] ] ], [ [ [ 86.6472, 20.7919 ], [ 86.8161, 20.7244 ], [ 86.7944, 20.6972 ], [ 86.7557, 20.6133 ], [ 86.7736, 20.6453 ], [ 86.8159, 20.6364 ], [ 86.8206, 20.6396 ], [ 86.823, 20.6465 ], [ 86.8141, 20.6637 ], [ 86.8047, 20.6692 ], [ 86.7965, 20.6656 ], [ 86.8022, 20.6752 ], [ 86.8285, 20.6723 ], [ 86.8393, 20.6534 ], [ 86.8447, 20.6508 ], [ 86.8669, 20.6645 ], [ 86.9025, 20.6978 ], [ 86.9339, 20.7107 ], [ 87.0, 20.6953 ], [ 87.0452, 20.7095 ], [ 86.885, 20.6164 ], [ 86.7339, 20.4792 ], [ 86.7294, 20.4049 ], [ 86.79, 20.3611 ], [ 86.7085, 20.2939 ], [ 86.6074, 20.3366 ], [ 86.5464, 20.3199 ], [ 86.3932, 20.3612 ], [ 86.2495, 20.3593 ], [ 86.2757, 20.3902 ], [ 86.2548, 20.556 ], [ 86.3177, 20.5797 ], [ 86.3179, 20.6232 ], [ 86.37, 20.5878 ], [ 86.4655, 20.6811 ], [ 86.5392, 20.6868 ], [ 86.5394, 20.7474 ], [ 86.6472, 20.7919 ] ] ], [ [ [ 86.7986, 20.7006 ], [ 86.7931, 20.6792 ], [ 86.7892, 20.6751 ], [ 86.7986, 20.7006 ] ] ], [ [ [ 86.8642, 20.7794 ], [ 86.8717, 20.7764 ], [ 86.8708, 20.7753 ], [ 86.8642, 20.7794 ] ] ], [ [ [ 86.8744, 20.6736 ], [ 86.8756, 20.6778 ], [ 86.8789, 20.6789 ], [ 86.8744, 20.6736 ] ] ], [ [ [ 86.8381, 20.7675 ], [ 86.9947, 20.7686 ], [ 86.9986, 20.7117 ], [ 86.9287, 20.7147 ], [ 86.8929, 20.6951 ], [ 86.8592, 20.6647 ], [ 86.8853, 20.7072 ], [ 86.8783, 20.7331 ], [ 86.8535, 20.6567 ], [ 86.842, 20.6522 ], [ 86.8302, 20.6725 ], [ 86.8035, 20.6766 ], [ 86.7967, 20.6725 ], [ 86.7954, 20.6656 ], [ 86.8191, 20.6392 ], [ 86.7738, 20.6464 ], [ 86.8015, 20.6834 ], [ 86.8381, 20.7675 ] ] ], [ [ [ 87.0093, 20.7177 ], [ 87.0159, 20.7121 ], [ 87.0024, 20.709 ], [ 87.0059, 20.7124 ], [ 87.0093, 20.7177 ] ] ], [ [ [ 87.0069, 20.7187 ], [ 87.009, 20.7202 ], [ 87.0024, 20.7111 ], [ 87.0069, 20.7187 ] ] ], [ [ [ 87.0706, 20.7362 ], [ 87.068, 20.7378 ], [ 87.0718, 20.7488 ], [ 87.0706, 20.7362 ] ] ], [ [ [ 87.0543, 20.7461 ], [ 87.0501, 20.7426 ], [ 87.049, 20.7438 ], [ 87.0543, 20.7461 ] ] ], [ [ [ 87.0921, 20.7522 ], [ 87.0845, 20.7644 ], [ 87.0944, 20.7545 ], [ 87.0921, 20.7522 ] ] ], [ [ [ 86.8753, 20.7758 ], [ 86.8775, 20.7728 ], [ 86.8739, 20.7756 ], [ 86.8753, 20.7758 ] ] ], [ [ [ 86.9515, 20.7747 ], [ 86.8872, 20.7722 ], [ 86.8653, 20.7825 ], [ 86.9515, 20.7747 ] ] ], [ [ [ 86.9831, 20.7822 ], [ 86.9867, 20.7786 ], [ 86.9803, 20.7797 ], [ 86.9831, 20.7822 ] ] ] ] } },
{ "type": "Feature", "properties": { "state": "Odisha", "district": "Kendujhar" }, "geometry": { "type": "Polygon", "coordinates": [ [ [ 86.3547, 21.2887 ], [ 86.3454, 21.1861 ], [ 86.2691, 21.141 ], [ 86.3199, 21.0603 ], [ 86.2991, 21.0096 ], [ 86.1294, 21.0683 ], [ 86.0841, 21.0123 ], [ 86.0427, 21.0181 ], [ 86.0231, 21.0672 ], [ 86.0816, 21.1623 ], [ 85.9293, 21.1304 ], [ 85.8819, 21.0804 ], [ 85.77, 21.0982 ], [ 85.758, 21.1406 ], [ 85.6815, 21.1798 ], [ 85.6052, 21.1316 ], [ 85.5427, 21.1609 ], [ 85.4955, 21.1082 ], [ 85.4572, 21.1218 ], [ 85.3629, 21.2356 ], [ 85.2679, 21.27 ], [ 85.3376, 21.3539 ], [ 85.2531, 21.4464 ], [ 85.3026, 21.4444 ], [ 85.323, 21.5053 ], [ 85.245, 21.6716 ], [ 85.1841, 21.6649 ], [ 85.2247, 21.8181 ], [ 85.3375, 21.8232 ], [ 85.3711, 21.9057 ], [ 85.3628, 21.9361 ], [ 85.2734, 21.9532 ], [ 85.2273, 21.9969 ], [ 85.2742, 22.0801 ], [ 85.3944, 22.1586 ], [ 85.5395, 22.0866 ], [ 85.6446, 22.0903 ], [ 85.6659, 22.0091 ], [ 85.7889, 21.9499 ], [ 85.8052, 21.8076 ], [ 86.0125, 21.7403 ], [ 86.0226, 21.6873 ], [ 86.0457, 21.7094 ], [ 86.0766, 21.6848 ], [ 86.075, 21.6241 ], [ 86.0046, 21.5273 ], [ 86.1563, 21.4194 ], [ 86.0886, 21.306 ], [ 86.1152, 21.2664 ], [ 86.2051, 21.2773 ], [ 86.2647, 21.3738 ], [ 86.3547, 21.2887 ] ] ] } },
{ "type": "Feature", "properties": { "state": "Odisha", "district": "Khordha" }, "geometry": { "type": "Polygon", "coordinates": [ [ [ 85.3308, 20.2652 ], [ 85.4441, 20.2564 ], [ 85.4553, 20.2875 ], [ 85.547, 20.3061 ], [ 85.6207, 20.2849 ], [ 85.7099, 20.3924 ], [ 85.8017, 20.4268 ], [ 85.825, 20.3969 ], [ 85.7966, 20.3137 ], [ 85.8788, 20.2798 ], [ 85.8646, 20.3286 ], [ 85.8947, 20.3605 ], [ 85.9283, 20.2654 ], [ 86.0021, 20.2167 ], [ 86.0492, 20.1576 ], [ 86.0341, 20.1276 ], [ 86.077, 20.0987 ], [ 85.8798, 20.1024 ], [ 85.8836, 20.169 ], [ 85.8346, 20.1884 ], [ 85.8213, 20.151 ], [ 85.7596, 20.1592 ], [ 85.7167, 20.1221 ], [ 85.6882, 20.1444 ], [ 85.6742, 20.064 ], [ 85.6274, 20.0925 ], [ 85.6117, 19.9836 ], [ 85.6115, 20.0104 ], [ 85.5887, 19.9872 ], [ 85.5668, 20.0162 ], [ 85.5592, 19.9417 ], [ 85.5255, 19.9696 ], [ 85.4963, 19.9378 ], [ 85.5608, 19.909 ], [ 85.5586, 19.8467 ], [ 85.5222, 19.8802 ], [ 85.4005, 19.8779 ], [ 85.3217, 19.793 ], [ 85.2485, 19.7757 ], [ 85.1779, 19.6674 ], [ 85.0707, 19.7837 ], [ 84.9777, 19.8166 ], [ 84.9338, 19.8896 ], [ 85.1215, 19.9258 ], [ 85.239, 19.8978 ], [ 85.3573, 19.9506 ], [ 85.4302, 19.9325 ], [ 85.451, 19.9655 ], [ 85.4106, 19.9874 ], [ 85.4289, 20.0195 ], [ 85.3747, 20.0641 ], [ 85.4083, 20.1202 ], [ 85.35, 20.1379 ], [ 85.3625, 20.1735 ], [ 85.2347, 20.1073 ], [ 85.1994, 20.1475 ], [ 85.2127, 20.2101 ], [ 85.3178, 20.2238 ], [ 85.3308, 20.2652 ] ] ] } },
{ "type": "Feature", "properties": { "state": "Odisha", "district": "Koraput" }, "geometry": { "type": "Polygon", "coordinates": [ [ [ 83.0665, 18.3923 ], [ 82.9027, 18.3559 ], [ 82.8846, 18.4128 ], [ 82.7992, 18.4394 ], [ 82.7671, 18.3311 ], [ 82.6588, 18.2866 ], [ 82.6269, 18.2287 ], [ 82.5807, 18.2701 ], [ 82.599, 18.3716 ], [ 82.5323, 18.3934 ], [ 82.5538, 18.4377 ], [ 82.5161, 18.4559 ], [ 82.5231, 18.5039 ], [ 82.4816, 18.5385 ], [ 82.4291, 18.4851 ], [ 82.3987, 18.5099 ], [ 82.4409, 18.5915 ], [ 82.3574, 18.6158 ], [ 82.3068, 18.5707 ], [ 82.2568, 18.5805 ], [ 82.2171, 18.6617 ], [ 82.1679, 18.6259 ], [ 82.0814, 18.7559 ], [ 82.1611, 18.791 ], [ 82.1727, 18.8953 ], [ 82.2396, 18.9105 ], [ 82.1941, 19.0602 ], [ 82.2121, 19.0905 ], [ 82.1598, 19.1265 ], [ 82.1612, 19.2084 ], [ 82.2088, 19.2335 ], [ 82.2867, 19.1852 ], [ 82.3199, 19.212 ], [ 82.389, 19.2028 ], [ 82.4283, 19.1644 ], [ 82.5657, 19.205 ], [ 82.6295, 19.1416 ], [ 82.6716, 19.1892 ], [ 82.7158, 19.1529 ], [ 82.7485, 19.1765 ], [ 82.822, 19.141 ], [ 82.8557, 19.1992 ], [ 82.8968, 19.1517 ], [ 82.9717, 19.1665 ], [ 83.0152, 19.0569 ], [ 83.0558, 19.0368 ], [ 83.0965, 19.1045 ], [ 83.123, 19.0862 ], [ 83.1297, 19.1294 ], [ 83.1762, 19.1371 ], [ 83.1734, 19.1048 ], [ 83.1916, 19.1568 ], [ 83.2282, 19.1627 ], [ 83.2521, 19.1567 ], [ 83.2363, 19.119 ], [ 83.1999, 19.1229 ], [ 83.1693, 19.0841 ], [ 83.1962, 18.9701 ], [ 83.2318, 18.9619 ], [ 83.2732, 19.1145 ], [ 83.3333, 19.0938 ], [ 83.3565, 19.0385 ], [ 83.3043, 18.987 ], [ 83.3189, 18.9284 ], [ 83.3391, 18.9162 ], [ 83.345, 18.9563 ], [ 83.3611, 18.9534 ], [ 83.3802, 18.9233 ], [ 83.3502, 18.9159 ], [ 83.4107, 18.8568 ], [ 83.2661, 18.757 ], [ 83.2194, 18.7658 ], [ 83.2051, 18.7159 ], [ 83.133, 18.7724 ], [ 83.0115, 18.639 ], [ 83.008, 18.5884 ], [ 83.0539, 18.5865 ], [ 83.0325, 18.5479 ], [ 83.0893, 18.5379 ], [ 83.0154, 18.4444 ], [ 83.0598, 18.4286 ], [ 83.0665, 18.3923 ] ] ] } },
{ "type": "Feature", "properties": { "state": "Odisha", "district": "Malkangiri" }, "geometry": { "type": "Polygon", "coordinates": [ [ [ 82.0722, 18.0656 ], [ 81.7032, 17.8611 ], [ 81.6631, 17.8769 ], [ 81.6112, 17.8154 ], [ 81.385, 17.8066 ], [ 81.3938, 17.8851 ], [ 81.4373, 17.8759 ], [ 81.4773, 17.97 ], [ 81.528, 18.2591 ], [ 81.6587, 18.3111 ], [ 81.6581, 18.3393 ], [ 81.7449, 18.3454 ], [ 81.7621, 18.4113 ], [ 81.8579, 18.5131 ], [ 81.9086, 18.5642 ], [ 81.9435, 18.5554 ], [ 81.9545, 18.5867 ], [ 81.8854, 18.6503 ], [ 81.9474, 18.6288 ], [ 81.9572, 18.6834 ], [ 82.0849, 18.7327 ], [ 82.1679, 18.6259 ], [ 82.2171, 18.6617 ], [ 82.2568, 18.5805 ], [ 82.3068, 18.5707 ], [ 82.3574, 18.6158 ], [ 82.4409, 18.5915 ], [ 82.3965, 18.5198 ], [ 82.4269, 18.477 ], [ 82.3613, 18.4099 ], [ 82.3844, 18.3691 ], [ 82.3344, 18.3171 ], [ 82.393, 18.3064 ], [ 82.3061, 18.1957 ], [ 82.3652, 18.1397 ], [ 82.3334, 18.1424 ], [ 82.3363, 18.0473 ], [ 82.267, 18.0483 ], [ 82.2532, 17.9802 ], [ 82.0722, 18.0656 ] ] ] } },
{ "type": "Feature", "properties": { "state": "Odisha", "district": "Mayurbhanj" }, "geometry": { "type": "Polygon", "coordinates": [ [ [ 86.5247, 21.4163 ], [ 86.3565, 21.2947 ], [ 86.2647, 21.3738 ], [ 86.2051, 21.2773 ], [ 86.1152, 21.2664 ], [ 86.0886, 21.306 ], [ 86.1563, 21.4194 ], [ 86.0046, 21.5273 ], [ 86.075, 21.6241 ], [ 86.0766, 21.6848 ], [ 86.0457, 21.7094 ], [ 86.0226, 21.6873 ], [ 86.0125, 21.7403 ], [ 85.8052, 21.8076 ], [ 85.7889, 21.9499 ], [ 85.658, 22.0286 ], [ 85.802, 22.1108 ], [ 85.8308, 22.077 ], [ 85.7879, 22.0772 ], [ 85.7607, 21.9897 ], [ 85.9054, 21.9666 ], [ 86.0267, 22.1852 ], [ 85.9698, 22.2434 ], [ 86.0433, 22.3062 ], [ 85.9929, 22.3382 ], [ 86.0212, 22.375 ], [ 86.0087, 22.4243 ], [ 85.9535, 22.456 ], [ 86.0385, 22.5636 ], [ 86.1073, 22.4849 ], [ 86.2798, 22.4455 ], [ 86.3527, 22.3454 ], [ 86.4334, 22.3015 ], [ 86.4999, 22.341 ], [ 86.5324, 22.2982 ], [ 86.721, 22.2168 ], [ 86.7154, 22.1435 ], [ 86.7903, 22.1539 ], [ 86.832, 22.0951 ], [ 86.9671, 22.0778 ], [ 87.0343, 21.9892 ], [ 87.0048, 21.8955 ], [ 87.1759, 21.8033 ], [ 87.1471, 21.76 ], [ 87.1013, 21.7783 ], [ 87.1182, 21.7499 ], [ 87.0675, 21.7014 ], [ 87.0226, 21.7358 ], [ 87.0496, 21.6782 ], [ 86.9849, 21.6619 ], [ 87.0029, 21.5932 ], [ 86.9078, 21.5742 ], [ 86.8738, 21.63 ], [ 86.8628, 21.587 ], [ 86.7495, 21.6002 ], [ 86.6476, 21.5737 ], [ 86.6324, 21.5239 ], [ 86.5802, 21.5156 ], [ 86.5247, 21.4163 ] ] ] } },
{ "type": "Feature", "properties": { "state": "Odisha", "district": "Nabarangapur" }, "geometry": { "type": "Polygon", "coordinates": [ [ [ 82.1612, 19.2084 ], [ 82.1517, 19.2655 ], [ 82.1832, 19.3197 ], [ 82.1412, 19.3658 ], [ 82.1831, 19.4176 ], [ 82.1193, 19.4239 ], [ 82.0921, 19.5098 ], [ 82.0224, 19.5018 ], [ 82.0598, 19.7831 ], [ 81.9801, 19.7958 ], [ 81.9604, 19.8547 ], [ 81.8458, 19.9149 ], [ 81.8665, 20.036 ], [ 81.9414, 20.1023 ], [ 82.0244, 20.01 ], [ 82.0579, 20.0499 ], [ 82.1785, 19.9781 ], [ 82.2306, 19.9981 ], [ 82.3394, 19.83 ], [ 82.4395, 19.9029 ], [ 82.5935, 19.8645 ], [ 82.5716, 19.802 ], [ 82.5955, 19.7409 ], [ 82.5564, 19.721 ], [ 82.5707, 19.6744 ], [ 82.5204, 19.6243 ], [ 82.5422, 19.6041 ], [ 82.5242, 19.5758 ], [ 82.635, 19.5046 ], [ 82.6263, 19.4763 ], [ 82.7017, 19.4123 ], [ 82.7197, 19.3398 ], [ 82.8443, 19.3025 ], [ 82.7977, 19.2301 ], [ 82.8483, 19.1987 ], [ 82.822, 19.141 ], [ 82.7485, 19.1765 ], [ 82.7158, 19.1529 ], [ 82.6716, 19.1892 ], [ 82.6176, 19.1435 ], [ 82.5657, 19.205 ], [ 82.4283, 19.1644 ], [ 82.389, 19.2028 ], [ 82.3199, 19.212 ], [ 82.2867, 19.1852 ], [ 82.2088, 19.2335 ], [ 82.1612, 19.2084 ] ] ] } },
{ "type": "Feature", "properties": { "state": "Odisha", "district": "Nayagarh" }, "geometry": { "type": "Polygon", "coordinates": [ [ [ 84.7877, 20.5752 ], [ 84.8783, 20.4929 ], [ 85.1541, 20.3716 ], [ 85.3651, 20.3595 ], [ 85.3343, 20.2381 ], [ 85.2205, 20.2161 ], [ 85.1994, 20.1475 ], [ 85.2347, 20.1073 ], [ 85.3625, 20.1735 ], [ 85.35, 20.1379 ], [ 85.4083, 20.1202 ], [ 85.3747, 20.0641 ], [ 85.4289, 20.0195 ], [ 85.4106, 19.9874 ], [ 85.451, 19.9655 ], [ 85.4302, 19.9325 ], [ 85.3573, 19.9506 ], [ 85.239, 19.8978 ], [ 85.1215, 19.9258 ], [ 84.905, 19.8979 ], [ 84.8955, 19.9858 ], [ 84.8563, 19.9932 ], [ 84.7926, 20.0875 ], [ 84.8223, 20.2158 ], [ 84.69, 20.2749 ], [ 84.6341, 20.1929 ], [ 84.5833, 20.1767 ], [ 84.5406, 20.238 ], [ 84.5372, 20.3205 ], [ 84.4786, 20.3447 ], [ 84.5402, 20.4159 ], [ 84.6857, 20.436 ], [ 84.6932, 20.4927 ], [ 84.7705, 20.5298 ], [ 84.7877, 20.5752 ] ] ] } },
{ "type": "Feature", "properties": { "state": "Odisha", "district": "Nuapada" }, "geometry": { "type": "Polygon", "coordinates": [ [ [ 82.698, 19.9927 ], [ 82.5984, 19.9856 ], [ 82.3958, 20.049 ], [ 82.3789, 20.1446 ], [ 82.4292, 20.283 ], [ 82.3938, 20.3355 ], [ 82.4292, 20.4258 ], [ 82.324, 20.5539 ], [ 82.3682, 20.6241 ], [ 82.3351, 20.7585 ], [ 82.3466, 20.8838 ], [ 82.4591, 20.8238 ], [ 82.4857, 20.9035 ], [ 82.6044, 21.0059 ], [ 82.6318, 21.087 ], [ 82.6864, 21.0184 ], [ 82.6821, 20.731 ], [ 82.7358, 20.6189 ], [ 82.6793, 20.4458 ], [ 82.7248, 20.3798 ], [ 82.7122, 20.353 ], [ 82.8099, 20.3785 ], [ 82.7849, 20.3214 ], [ 82.81, 20.354 ], [ 82.8456, 20.3358 ], [ 82.8433, 20.2885 ], [ 82.8158, 20.3171 ], [ 82.8069, 20.2904 ], [ 82.8549, 20.2655 ], [ 82.8415, 20.1914 ], [ 82.8067, 20.1756 ], [ 82.8078, 20.0966 ], [ 82.698, 19.9927 ] ] ] } },
{ "type": "Feature", "properties": { "state": "Odisha", "district": "Puri" }, "geometry": { "type": "MultiPolygon", "coordinates": [ [ [ [ 85.1661, 19.4622 ], [ 85.0866, 19.5053 ], [ 85.1512, 19.5546 ], [ 85.1192, 19.5865 ], [ 85.1993, 19.6753 ], [ 85.1889, 19.7097 ], [ 85.4005, 19.8779 ], [ 85.5222, 19.8802 ], [ 85.5586, 19.8467 ], [ 85.5608, 19.909 ], [ 85.4963, 19.9378 ], [ 85.5255, 19.9696 ], [ 85.5592, 19.9417 ], [ 85.5668, 20.0162 ], [ 85.5887, 19.9872 ], [ 85.6115, 20.0104 ], [ 85.6117, 19.9836 ], [ 85.6274, 20.0925 ], [ 85.6742, 20.064 ], [ 85.6882, 20.1444 ], [ 85.7167, 20.1221 ], [ 85.8619, 20.1829 ], [ 85.8964, 20.1372 ], [ 85.8798, 20.1024 ], [ 86.0678, 20.1021 ], [ 86.1166, 20.0344 ], [ 86.1945, 20.0457 ], [ 86.2554, 20.0184 ], [ 86.2934, 20.025 ], [ 86.3027, 19.9835 ], [ 86.341, 19.9724 ], [ 86.3175, 19.9492 ], [ 86.3658, 19.9575 ], [ 85.7799, 19.785 ], [ 85.3856, 19.6061 ], [ 85.1661, 19.4622 ] ] ], [ [ [ 86.2367, 19.9083 ], [ 86.2411, 19.9106 ], [ 86.2372, 19.9078 ], [ 86.2367, 19.9083 ] ] ], [ [ [ 86.2575, 20.0211 ], [ 86.2553, 20.0247 ], [ 86.2583, 20.0219 ], [ 86.2575, 20.0211 ] ] ], [ [ [ 86.2714, 20.0272 ], [ 86.2667, 20.0208 ], [ 86.2647, 20.0228 ], [ 86.2714, 20.0272 ] ] ], [ [ [ 86.2672, 20.0306 ], [ 86.2667, 20.0331 ], [ 86.2683, 20.0325 ], [ 86.2672, 20.0306 ] ] ], [ [ [ 86.268, 20.0364 ], [ 86.2881, 20.0286 ], [ 86.2669, 20.0353 ], [ 86.2448, 20.0298 ], [ 86.268, 20.0364 ] ] ], [ [ [ 86.3675, 19.9535 ], [ 86.3723, 19.9576 ], [ 86.3551, 19.9499 ], [ 86.3675, 19.9535 ] ] ], [ [ [ 86.3214, 19.9884 ], [ 86.3183, 19.9939 ], [ 86.3186, 19.995 ], [ 86.3214, 19.9884 ] ] ], [ [ [ 86.3183, 19.9978 ], [ 86.3199, 20.0021 ], [ 86.3208, 19.9933 ], [ 86.3183, 19.9978 ] ] ], [ [ [ 86.3221, 20.011 ], [ 86.3203, 20.0111 ], [ 86.32, 20.0125 ], [ 86.3221, 20.011 ] ] ], [ [ [ 86.315, 20.0147 ], [ 86.31, 20.0117 ], [ 86.31, 20.0162 ], [ 86.315, 20.0147 ] ] ] ] } },
{ "type": "Feature", "properties": { "state": "Odisha", "district": "Rayagada" }, "geometry": { "type": "Polygon", "coordinates": [ [ [ 83.6285, 19.1497 ], [ 83.5788, 19.0498 ], [ 83.5464, 19.0738 ], [ 83.5314, 19.0054 ], [ 83.4954, 19.0111 ], [ 83.5054, 19.0648 ], [ 83.4594, 19.0697 ], [ 83.478, 19.0212 ], [ 83.4485, 18.9996 ], [ 83.4512, 18.9445 ], [ 83.4089, 18.9962 ], [ 83.3409, 19.0092 ], [ 83.3333, 19.0938 ], [ 83.2776, 19.1169 ], [ 83.2336, 18.9649 ], [ 83.1962, 18.9701 ], [ 83.1693, 19.0841 ], [ 83.2521, 19.1567 ], [ 83.1944, 19.1597 ], [ 83.1734, 19.1048 ], [ 83.1762, 19.1371 ], [ 83.1297, 19.1294 ], [ 83.123, 19.0862 ], [ 83.0965, 19.1045 ], [ 83.0558, 19.0368 ], [ 83.0152, 19.0569 ], [ 82.9717, 19.1665 ], [ 82.8968, 19.1517 ], [ 82.871, 19.1771 ], [ 82.8971, 19.2784 ], [ 82.9497, 19.3182 ], [ 82.9168, 19.4287 ], [ 82.984, 19.4408 ], [ 83.0313, 19.5462 ], [ 83.0974, 19.5361 ], [ 83.1753, 19.4174 ], [ 83.1804, 19.4571 ], [ 83.2105, 19.4286 ], [ 83.1976, 19.4568 ], [ 83.2405, 19.5015 ], [ 83.26, 19.5944 ], [ 83.3658, 19.5915 ], [ 83.3787, 19.6605 ], [ 83.4483, 19.7336 ], [ 83.3999, 19.9144 ], [ 83.4449, 19.9665 ], [ 83.5552, 19.9225 ], [ 83.5216, 19.8514 ], [ 83.6121, 19.8085 ], [ 83.6026, 19.7482 ], [ 83.6418, 19.6511 ], [ 83.6873, 19.6814 ], [ 83.7331, 19.6476 ], [ 83.7617, 19.7061 ], [ 83.8014, 19.71 ], [ 83.8666, 19.6671 ], [ 83.9254, 19.6698 ], [ 83.9271, 19.5642 ], [ 83.9698, 19.5229 ], [ 83.9396, 19.3899 ], [ 84.0226, 19.3376 ], [ 83.9755, 19.2009 ], [ 83.9771, 19.1533 ], [ 84.0248, 19.1227 ], [ 84.0226, 19.0455 ], [ 83.964, 19.0572 ], [ 83.9597, 18.9801 ], [ 83.9059, 19.009 ], [ 83.8553, 18.9709 ], [ 83.8002, 19.0229 ], [ 83.7396, 18.9784 ], [ 83.7675, 18.9024 ], [ 83.6285, 19.1497 ] ] ] } },
{ "type": "Feature", "properties": { "state": "Odisha", "district": "Sambalpur" }, "geometry": { "type": "Polygon", "coordinates": [ [ [ 84.7275, 21.1598 ], [ 84.679, 21.1441 ], [ 84.6767, 21.0591 ], [ 84.4784, 21.0777 ], [ 84.4039, 21.0259 ], [ 84.4292, 21.0093 ], [ 84.3949, 20.9689 ], [ 84.2684, 20.9189 ], [ 84.1541, 20.9709 ], [ 84.1411, 21.0309 ], [ 84.0132, 21.0507 ], [ 83.9791, 21.1304 ], [ 83.8885, 21.174 ], [ 83.9064, 21.2419 ], [ 83.8646, 21.3067 ], [ 83.8739, 21.3863 ], [ 83.8425, 21.4065 ], [ 83.8798, 21.4351 ], [ 83.7931, 21.563 ], [ 83.8164, 21.5908 ], [ 83.9667, 21.574 ], [ 83.9662, 21.7054 ], [ 83.9372, 21.7244 ], [ 84.008, 21.7829 ], [ 84.0317, 21.7558 ], [ 84.1083, 21.7857 ], [ 84.1833, 21.7508 ], [ 84.2842, 21.7626 ], [ 84.3865, 21.9891 ], [ 84.3508, 22.0334 ], [ 84.2628, 22.011 ], [ 84.2713, 22.1182 ], [ 84.4714, 22.1857 ], [ 84.5233, 22.0414 ], [ 84.4969, 21.967 ], [ 84.5223, 21.9703 ], [ 84.5235, 21.9242 ], [ 84.4891, 21.9042 ], [ 84.5247, 21.8786 ], [ 84.522, 21.8097 ], [ 84.5524, 21.7634 ], [ 84.6744, 21.7432 ], [ 84.6324, 21.7358 ], [ 84.6212, 21.6935 ], [ 84.4989, 21.6783 ], [ 84.4849, 21.6366 ], [ 84.5684, 21.571 ], [ 84.505, 21.558 ], [ 84.4786, 21.5097 ], [ 84.4759, 21.3914 ], [ 84.4937, 21.3613 ], [ 84.5425, 21.3702 ], [ 84.5644, 21.2492 ], [ 84.6854, 21.3184 ], [ 84.7561, 21.274 ], [ 84.7548, 21.2223 ], [ 84.7181, 21.2152 ], [ 84.7275, 21.1598 ] ] ] } },
{ "type": "Feature", "properties": { "state": "Odisha", "district": "Subarnapur" }, "geometry": { "type": "Polygon", "coordinates": [ [ [ 84.276, 20.9222 ], [ 84.2607, 20.8843 ], [ 84.211, 20.8967 ], [ 84.048, 20.8234 ], [ 83.9335, 20.8362 ], [ 83.7741, 20.7941 ], [ 83.7115, 20.6352 ], [ 83.7243, 20.6012 ], [ 83.6042, 20.5231 ], [ 83.5886, 20.5987 ], [ 83.6706, 20.7375 ], [ 83.5666, 20.8483 ], [ 83.6339, 20.978 ], [ 83.5022, 20.9787 ], [ 83.443, 21.0193 ], [ 83.4588, 21.056 ], [ 83.4918, 21.0376 ], [ 83.6066, 21.125 ], [ 83.711, 21.1169 ], [ 83.7752, 21.1504 ], [ 83.8378, 21.0931 ], [ 83.8885, 21.174 ], [ 83.9791, 21.1304 ], [ 84.0132, 21.0507 ], [ 84.1411, 21.0309 ], [ 84.1541, 20.9709 ], [ 84.276, 20.9222 ] ] ] } },
{ "type": "Feature", "properties": { "state": "Odisha", "district": "Sundargarh" }, "geometry": { "type": "Polygon", "coordinates": [ [ [ 85.2139, 22.0272 ], [ 85.2686, 21.9558 ], [ 85.366, 21.9334 ], [ 85.3541, 21.8479 ], [ 85.3112, 21.8146 ], [ 85.2247, 21.8181 ], [ 85.1807, 21.7038 ], [ 85.1852, 21.6196 ], [ 85.0456, 21.5846 ], [ 84.994, 21.6779 ], [ 84.8594, 21.6482 ], [ 84.7867, 21.6644 ], [ 84.7598, 21.619 ], [ 84.6651, 21.7555 ], [ 84.5524, 21.7634 ], [ 84.5219, 21.885 ], [ 84.4891, 21.9042 ], [ 84.5235, 21.9242 ], [ 84.5223, 21.9703 ], [ 84.4969, 21.967 ], [ 84.5233, 22.0414 ], [ 84.4714, 22.1857 ], [ 84.2713, 22.1182 ], [ 84.2354, 21.9764 ], [ 84.1144, 22.0081 ], [ 84.0659, 21.9867 ], [ 84.0718, 21.9342 ], [ 84.0223, 21.9499 ], [ 83.974, 21.9033 ], [ 83.9543, 21.9384 ], [ 83.8897, 21.9434 ], [ 83.7148, 21.7834 ], [ 83.6225, 21.8455 ], [ 83.5735, 21.8297 ], [ 83.6005, 21.9108 ], [ 83.5352, 21.9635 ], [ 83.5324, 22.034 ], [ 83.6003, 22.0655 ], [ 83.5573, 22.1 ], [ 83.6458, 22.2246 ], [ 83.7528, 22.2429 ], [ 83.861, 22.3438 ], [ 84.0042, 22.3677 ], [ 84.0416, 22.4641 ], [ 83.9761, 22.5022 ], [ 83.9943, 22.5288 ], [ 84.1349, 22.4709 ], [ 84.1525, 22.4009 ], [ 84.2892, 22.3373 ], [ 84.4261, 22.3488 ], [ 84.5266, 22.42 ], [ 84.7439, 22.4148 ], [ 84.7527, 22.442 ], [ 84.8078, 22.4469 ], [ 84.8938, 22.418 ], [ 85.0625, 22.4784 ], [ 85.0741, 22.3486 ], [ 85.1145, 22.2905 ], [ 85.0705, 22.2722 ], [ 85.0237, 22.112 ], [ 84.9798, 22.0847 ], [ 85.0695, 22.1071 ], [ 85.2139, 22.0272 ] ] ] } },
{ "type": "Feature", "properties": { "state": "Puducherry", "district": "Karaikal" }, "geometry": { "type": "MultiPolygon", "coordinates": [ [ [ [ 79.8454, 10.8257 ], [ 79.8401, 10.8238 ], [ 79.8412, 10.8251 ], [ 79.8454, 10.8257 ] ] ], [ [ [ 79.8529, 10.9621 ], [ 79.8521, 10.8276 ], [ 79.844, 10.8274 ], [ 79.8238, 10.8179 ], [ 79.8512, 10.8138 ], [ 79.8117, 10.8158 ], [ 79.809, 10.8674 ], [ 79.7042, 10.9189 ], [ 79.7037, 10.9519 ], [ 79.7455, 10.9433 ], [ 79.7372, 10.9891 ], [ 79.8529, 10.9621 ] ] ] ] } },
{ "type": "Feature", "properties": { "state": "Puducherry", "district": "Mahe" }, "geometry": { "type": "Polygon", "coordinates": [ [ [ 75.2307, 12.0241 ], [ 75.2231, 12.1048 ], [ 75.2745, 12.1003 ], [ 75.3252, 12.1449 ], [ 75.4025, 12.1368 ], [ 75.3091, 12.1027 ], [ 75.3015, 12.0246 ], [ 75.2676, 12.0254 ], [ 75.3021, 11.9485 ], [ 75.2307, 12.0241 ] ] ] } },
{ "type": "Feature", "properties": { "state": "Puducherry", "district": "Puducherry" }, "geometry": { "type": "Polygon", "coordinates": [ [ [ 79.8004, 11.8084 ], [ 79.7818, 11.8403 ], [ 79.7521, 11.8245 ], [ 79.7498, 11.8605 ], [ 79.7278, 11.8323 ], [ 79.6957, 11.8734 ], [ 79.6591, 11.8657 ], [ 79.6829, 11.9047 ], [ 79.6915, 11.8784 ], [ 79.7249, 11.8915 ], [ 79.6782, 11.9365 ], [ 79.6991, 11.9721 ], [ 79.6423, 11.9758 ], [ 79.679, 12.0193 ], [ 79.7058, 11.9774 ], [ 79.7496, 11.9861 ], [ 79.7157, 11.9675 ], [ 79.7369, 11.9072 ], [ 79.7997, 11.9643 ], [ 79.8376, 11.9405 ], [ 79.8238, 11.8818 ], [ 79.801, 11.8838 ], [ 79.7907, 11.8787 ], [ 79.8196, 11.8743 ], [ 79.8004, 11.8084 ] ] ] } },
{ "type": "Feature", "properties": { "state": "Puducherry", "district": "Yanam" }, "geometry": { "type": "MultiPolygon", "coordinates": [ [ [ [ 82.2852, 16.6975 ], [ 82.2588, 16.6901 ], [ 82.2579, 16.7018 ], [ 82.2852, 16.6975 ] ] ], [ [ [ 82.294, 16.7082 ], [ 82.2457, 16.7168 ], [ 82.2534, 16.6897 ], [ 82.1746, 16.7251 ], [ 82.2937, 16.743 ], [ 82.294, 16.7082 ] ] ] ] } },
{ "type": "Feature", "properties": { "state": "Punjab", "district": "Amritsar" }, "geometry": { "type": "Polygon", "coordinates": [ [ [ 74.9549, 31.8334 ], [ 75.1768, 31.741 ], [ 75.213, 31.6854 ], [ 75.2716, 31.6978 ], [ 75.2871, 31.652 ], [ 75.3611, 31.6242 ], [ 75.385, 31.5824 ], [ 75.2704, 31.4828 ], [ 75.1679, 31.5288 ], [ 75.1104, 31.495 ], [ 75.0346, 31.5433 ], [ 74.9387, 31.4977 ], [ 74.8824, 31.5531 ], [ 74.8311, 31.5294 ], [ 74.7795, 31.5694 ], [ 74.5662, 31.5008 ], [ 74.6009, 31.5678 ], [ 74.518, 31.7452 ], [ 74.5518, 31.7532 ], [ 74.5557, 31.8277 ], [ 74.5991, 31.8851 ], [ 74.7033, 31.9249 ], [ 74.7092, 31.9579 ], [ 74.8091, 31.9551 ], [ 74.8623, 32.0451 ], [ 74.898, 32.0496 ], [ 74.9235, 32.0073 ], [ 74.9011, 31.9761 ], [ 74.9592, 31.9607 ], [ 74.8745, 31.9317 ], [ 74.9549, 31.8334 ] ] ] } },
{ "type": "Feature", "properties": { "state": "Punjab", "district": "Barnala" }, "geometry": { "type": "Polygon", "coordinates": [ [ [ 75.3613, 30.2025 ], [ 75.3532, 30.2854 ], [ 75.3102, 30.3058 ], [ 75.3245, 30.3795 ], [ 75.2463, 30.4665 ], [ 75.3031, 30.5361 ], [ 75.3931, 30.5334 ], [ 75.3962, 30.5841 ], [ 75.6437, 30.6374 ], [ 75.6734, 30.6107 ], [ 75.6449, 30.5459 ], [ 75.6675, 30.4749 ], [ 75.639, 30.4424 ], [ 75.6753, 30.3538 ], [ 75.6425, 30.3296 ], [ 75.7135, 30.269 ], [ 75.6809, 30.2324 ], [ 75.5735, 30.2307 ], [ 75.5482, 30.1968 ], [ 75.5678, 30.1458 ], [ 75.539, 30.1398 ], [ 75.4532, 30.1986 ], [ 75.3613, 30.2025 ] ] ] } },
{ "type": "Feature", "properties": { "state": "Punjab", "district": "Bathinda" }, "geometry": { "type": "Polygon", "coordinates": [ [ [ 74.9286, 29.9292 ], [ 74.8012, 29.9926 ], [ 74.6974, 29.9711 ], [ 74.6735, 30.1119 ], [ 74.622, 30.1302 ], [ 74.7265, 30.1814 ], [ 74.7103, 30.2524 ], [ 74.7416, 30.2864 ], [ 74.7151, 30.3084 ], [ 74.7745, 30.3358 ], [ 74.6915, 30.3561 ], [ 74.7757, 30.3398 ], [ 74.8113, 30.3937 ], [ 74.9121, 30.3674 ], [ 74.962, 30.3961 ], [ 75.0356, 30.3801 ], [ 75.0096, 30.4401 ], [ 75.0418, 30.4596 ], [ 74.9969, 30.4891 ], [ 75.1185, 30.5235 ], [ 75.1115, 30.563 ], [ 75.1512, 30.5782 ], [ 75.1758, 30.5077 ], [ 75.2812, 30.5112 ], [ 75.247, 30.462 ], [ 75.3245, 30.3795 ], [ 75.3102, 30.3058 ], [ 75.3625, 30.2658 ], [ 75.3465, 30.1425 ], [ 75.25, 30.1007 ], [ 75.25, 30.0184 ], [ 75.2923, 30.0234 ], [ 75.2639, 29.972 ], [ 75.1737, 29.9702 ], [ 75.1592, 29.926 ], [ 75.2054, 29.8593 ], [ 75.1554, 29.8198 ], [ 75.1541, 29.781 ], [ 75.0902, 29.8067 ], [ 75.0848, 29.9151 ], [ 75.0655, 29.879 ], [ 74.9899, 29.8565 ], [ 74.9286, 29.9292 ] ] ] } },
{ "type": "Feature", "properties": { "state": "Punjab", "district": "Faridkot" }, "geometry": { "type": "Polygon", "coordinates": [ [ [ 75.045, 30.3895 ], [ 74.962, 30.3961 ], [ 74.9121, 30.3674 ], [ 74.7426, 30.3943 ], [ 74.7214, 30.4598 ], [ 74.7511, 30.4914 ], [ 74.6766, 30.5211 ], [ 74.6994, 30.5577 ], [ 74.5794, 30.6539 ], [ 74.4716, 30.6729 ], [ 74.4588, 30.7423 ], [ 74.6136, 30.8306 ], [ 74.7598, 30.8121 ], [ 74.8995, 30.7362 ], [ 74.9035, 30.6805 ], [ 74.9438, 30.6749 ], [ 74.944, 30.5935 ], [ 74.8923, 30.5497 ], [ 74.9345, 30.5705 ], [ 74.9805, 30.544 ], [ 74.9831, 30.4929 ], [ 75.0418, 30.4596 ], [ 75.0096, 30.4401 ], [ 75.045, 30.3895 ] ] ] } },
{ "type": "Feature", "properties": { "state": "Punjab", "district": "Fatehgarh Sahib" }, "geometry": { "type": "Polygon", "coordinates": [ [ [ 76.2398, 30.7809 ], [ 76.2758, 30.8692 ], [ 76.3356, 30.9153 ], [ 76.3611, 30.8784 ], [ 76.3155, 30.8526 ], [ 76.3792, 30.8338 ], [ 76.3973, 30.7617 ], [ 76.5275, 30.7616 ], [ 76.5025, 30.7151 ], [ 76.558, 30.6777 ], [ 76.5164, 30.6405 ], [ 76.5677, 30.651 ], [ 76.5812, 30.6159 ], [ 76.5469, 30.6089 ], [ 76.5575, 30.567 ], [ 76.4884, 30.5647 ], [ 76.4666, 30.4342 ], [ 76.3079, 30.4343 ], [ 76.3234, 30.5017 ], [ 76.2804, 30.5775 ], [ 76.0669, 30.5116 ], [ 76.0681, 30.5593 ], [ 76.1612, 30.6809 ], [ 76.3321, 30.6827 ], [ 76.3344, 30.7146 ], [ 76.2783, 30.7161 ], [ 76.2398, 30.7809 ] ] ] } },
{ "type": "Feature", "properties": { "state": "Punjab", "district": "Fazilka" }, "geometry": { "type": "Polygon", "coordinates": [ [ [ 74.2516, 30.2456 ], [ 74.3469, 30.2392 ], [ 74.3269, 30.1612 ], [ 74.4052, 30.0952 ], [ 74.3675, 30.1088 ], [ 74.3572, 30.0848 ], [ 74.3987, 30.0264 ], [ 74.4452, 30.0215 ], [ 74.4548, 30.0031 ], [ 74.4168, 29.9971 ], [ 74.442, 29.9471 ], [ 73.8912, 29.9701 ], [ 73.8819, 30.0112 ], [ 73.9667, 30.1212 ], [ 73.9681, 30.1843 ], [ 73.9578, 30.2617 ], [ 73.8732, 30.3834 ], [ 73.9885, 30.5046 ], [ 74.0776, 30.5294 ], [ 74.091, 30.6128 ], [ 74.1832, 30.6595 ], [ 74.3009, 30.5487 ], [ 74.39, 30.5357 ], [ 74.3266, 30.4504 ], [ 74.2414, 30.4228 ], [ 74.3471, 30.3971 ], [ 74.3015, 30.3765 ], [ 74.2883, 30.2628 ], [ 74.2516, 30.2456 ] ] ] } },
{ "type": "Feature", "properties": { "state": "Punjab", "district": "Firozpur" }, "geometry": { "type": "Polygon", "coordinates": [ [ [ 74.8902, 30.7393 ], [ 74.7598, 30.8121 ], [ 74.6136, 30.8306 ], [ 74.4588, 30.7423 ], [ 74.4915, 30.6673 ], [ 74.39, 30.5357 ], [ 74.3009, 30.5487 ], [ 74.1857, 30.6594 ], [ 74.2322, 30.7196 ], [ 74.2818, 30.7302 ], [ 74.2622, 30.768 ], [ 74.2974, 30.7827 ], [ 74.3161, 30.8476 ], [ 74.363, 30.8458 ], [ 74.3655, 30.8854 ], [ 74.5381, 30.9935 ], [ 74.5584, 31.0675 ], [ 74.6225, 31.047 ], [ 74.6782, 31.0668 ], [ 74.6906, 31.1145 ], [ 74.79, 31.1139 ], [ 74.9089, 31.1612 ], [ 74.9958, 31.12 ], [ 75.0379, 31.1596 ], [ 75.1154, 31.0842 ], [ 75.0612, 31.0223 ], [ 75.0312, 31.0313 ], [ 75.0561, 30.9553 ], [ 74.9432, 30.8916 ], [ 74.8902, 30.7393 ] ] ] } },
{ "type": "Feature", "properties": { "state": "Punjab", "district": "Gurdaspur" }, "geometry": { "type": "Polygon", "coordinates": [ [ [ 74.9534, 31.8453 ], [ 74.8745, 31.9317 ], [ 74.9592, 31.9607 ], [ 74.9011, 31.9761 ], [ 74.9235, 32.0073 ], [ 74.9069, 32.0625 ], [ 75.0049, 32.0288 ], [ 75.1163, 32.0828 ], [ 75.1645, 32.068 ], [ 75.1953, 32.1166 ], [ 75.2334, 32.0844 ], [ 75.3333, 32.2047 ], [ 75.57, 32.1385 ], [ 75.5842, 32.111 ], [ 75.5213, 32.0318 ], [ 75.5593, 31.7791 ], [ 75.5238, 31.7729 ], [ 75.4541, 31.6352 ], [ 75.3911, 31.5949 ], [ 75.2871, 31.652 ], [ 75.2716, 31.6978 ], [ 75.213, 31.6854 ], [ 75.1768, 31.741 ], [ 75.0918, 31.7554 ], [ 75.0629, 31.8055 ], [ 74.9534, 31.8453 ] ] ] } },
{ "type": "Feature", "properties": { "state": "Punjab", "district": "Hoshiarpur" }, "geometry": { "type": "Polygon", "coordinates": [ [ [ 76.1041, 31.5023 ], [ 76.1728, 31.3067 ], [ 76.2774, 31.3099 ], [ 76.3379, 31.2409 ], [ 76.295, 31.2147 ], [ 76.2282, 31.2473 ], [ 76.1813, 31.1357 ], [ 76.0896, 31.1807 ], [ 76.0757, 31.2268 ], [ 76.0362, 31.2167 ], [ 76.012, 31.2611 ], [ 75.8424, 31.2939 ], [ 75.8946, 31.3476 ], [ 75.7747, 31.3716 ], [ 75.8069, 31.427 ], [ 75.6906, 31.5299 ], [ 75.6569, 31.6085 ], [ 75.461, 31.652 ], [ 75.5238, 31.7729 ], [ 75.5606, 31.786 ], [ 75.5213, 32.0318 ], [ 75.5788, 32.0817 ], [ 75.6494, 32.0772 ], [ 75.8945, 31.9498 ], [ 75.9709, 31.8192 ], [ 75.9218, 31.8172 ], [ 75.9758, 31.6953 ], [ 76.1041, 31.5023 ] ] ] } },
{ "type": "Feature", "properties": { "state": "Punjab", "district": "Jalandhar" }, "geometry": { "type": "Polygon", "coordinates": [ [ [ 75.6991, 31.2241 ], [ 75.6936, 31.1679 ], [ 75.7584, 31.1626 ], [ 75.7746, 31.2003 ], [ 75.8737, 31.1685 ], [ 75.9394, 31.0119 ], [ 75.7469, 31.0169 ], [ 75.5899, 30.9706 ], [ 75.3971, 30.9807 ], [ 75.2944, 31.0017 ], [ 75.2704, 31.0431 ], [ 75.0604, 31.1277 ], [ 75.1906, 31.1857 ], [ 75.2574, 31.1492 ], [ 75.2638, 31.1881 ], [ 75.3334, 31.2332 ], [ 75.4491, 31.2392 ], [ 75.478, 31.2723 ], [ 75.4376, 31.316 ], [ 75.4762, 31.3241 ], [ 75.4893, 31.3685 ], [ 75.4625, 31.3753 ], [ 75.5006, 31.3912 ], [ 75.4335, 31.3976 ], [ 75.4597, 31.4512 ], [ 75.433, 31.5019 ], [ 75.5067, 31.4741 ], [ 75.5083, 31.5321 ], [ 75.5862, 31.5677 ], [ 75.5895, 31.6134 ], [ 75.6569, 31.6085 ], [ 75.6906, 31.5299 ], [ 75.8069, 31.427 ], [ 75.746, 31.3319 ], [ 75.6873, 31.3488 ], [ 75.7095, 31.324 ], [ 75.6621, 31.2891 ], [ 75.6588, 31.2397 ], [ 75.6991, 31.2241 ] ] ] } },
{ "type": "Feature", "properties": { "state": "Punjab", "district": "Kapurthala" }, "geometry": { "type": "MultiPolygon", "coordinates": [ [ [ [ 75.8829, 31.3421 ], [ 75.8407, 31.2975 ], [ 75.8972, 31.2644 ], [ 75.8619, 31.2456 ], [ 75.8286, 31.2855 ], [ 75.8442, 31.2368 ], [ 75.7717, 31.2064 ], [ 75.7657, 31.1674 ], [ 75.6897, 31.1704 ], [ 75.6923, 31.2418 ], [ 75.6581, 31.2421 ], [ 75.6654, 31.2957 ], [ 75.6893, 31.2901 ], [ 75.6728, 31.3208 ], [ 75.7095, 31.324 ], [ 75.6873, 31.3488 ], [ 75.7428, 31.3301 ], [ 75.7908, 31.3756 ], [ 75.8829, 31.3421 ] ] ], [ [ [ 75.1999, 31.1861 ], [ 75.0117, 31.1567 ], [ 74.9958, 31.12 ], [ 74.9367, 31.1499 ], [ 75.0381, 31.1921 ], [ 75.1819, 31.4359 ], [ 75.2142, 31.4243 ], [ 75.4159, 31.6304 ], [ 75.559, 31.6371 ], [ 75.5911, 31.5775 ], [ 75.5212, 31.5526 ], [ 75.5134, 31.4804 ], [ 75.433, 31.5019 ], [ 75.4597, 31.4512 ], [ 75.4335, 31.3976 ], [ 75.5006, 31.3912 ], [ 75.4625, 31.3753 ], [ 75.4893, 31.3685 ], [ 75.4762, 31.3241 ], [ 75.4376, 31.316 ], [ 75.478, 31.2723 ], [ 75.4491, 31.2392 ], [ 75.3334, 31.2332 ], [ 75.2638, 31.1881 ], [ 75.2574, 31.1492 ], [ 75.1999, 31.1861 ] ] ] ] } },
{ "type": "Feature", "properties": { "state": "Punjab", "district": "Ludhiana" }, "geometry": { "type": "Polygon", "coordinates": [ [ [ 76.237, 30.7751 ], [ 76.2783, 30.7161 ], [ 76.3344, 30.7146 ], [ 76.3321, 30.6827 ], [ 76.1612, 30.6809 ], [ 76.0886, 30.5629 ], [ 76.0156, 30.6176 ], [ 75.9254, 30.5716 ], [ 75.8636, 30.6325 ], [ 75.8826, 30.6625 ], [ 75.8238, 30.6902 ], [ 75.758, 30.6745 ], [ 75.7773, 30.6256 ], [ 75.7191, 30.618 ], [ 75.6581, 30.652 ], [ 75.6143, 30.6157 ], [ 75.5389, 30.6352 ], [ 75.535, 30.5977 ], [ 75.3962, 30.5841 ], [ 75.3591, 30.7073 ], [ 75.3849, 30.8053 ], [ 75.3617, 30.8579 ], [ 75.3947, 30.8952 ], [ 75.3429, 30.99 ], [ 75.5899, 30.9706 ], [ 75.7469, 31.0169 ], [ 75.7863, 30.996 ], [ 75.9043, 31.0214 ], [ 75.9869, 30.9913 ], [ 76.2973, 30.9927 ], [ 76.3102, 30.8742 ], [ 76.2758, 30.8692 ], [ 76.237, 30.7751 ] ] ] } },
{ "type": "Feature", "properties": { "state": "Punjab", "district": "Mansa" }, "geometry": { "type": "Polygon", "coordinates": [ [ [ 75.3485, 29.6591 ], [ 75.3177, 29.6707 ], [ 75.2806, 29.6101 ], [ 75.2906, 29.5618 ], [ 75.2235, 29.5462 ], [ 75.2212, 29.6066 ], [ 75.1578, 29.6627 ], [ 75.231, 29.7521 ], [ 75.1764, 29.8435 ], [ 75.2055, 29.8655 ], [ 75.1592, 29.926 ], [ 75.1737, 29.9702 ], [ 75.27, 29.9791 ], [ 75.2923, 30.0234 ], [ 75.25, 30.0184 ], [ 75.25, 30.1007 ], [ 75.335, 30.1317 ], [ 75.3793, 30.212 ], [ 75.4532, 30.1986 ], [ 75.5006, 30.1459 ], [ 75.6154, 30.1449 ], [ 75.6453, 30.1131 ], [ 75.6182, 30.0836 ], [ 75.6313, 30.0329 ], [ 75.6714, 30.0414 ], [ 75.6809, 30.017 ], [ 75.6301, 29.9378 ], [ 75.6627, 29.9114 ], [ 75.6979, 29.9365 ], [ 75.7557, 29.9212 ], [ 75.764, 29.8376 ], [ 75.7059, 29.8086 ], [ 75.6874, 29.7518 ], [ 75.6564, 29.7761 ], [ 75.5688, 29.7426 ], [ 75.4443, 29.8078 ], [ 75.3354, 29.6938 ], [ 75.3485, 29.6591 ] ] ] } },
{ "type": "Feature", "properties": { "state": "Punjab", "district": "Moga" }, "geometry": { "type": "Polygon", "coordinates": [ [ [ 75.3591, 30.7073 ], [ 75.4069, 30.5468 ], [ 75.3526, 30.5161 ], [ 75.3092, 30.537 ], [ 75.2741, 30.5088 ], [ 75.1758, 30.5077 ], [ 75.1342, 30.5819 ], [ 75.1185, 30.5235 ], [ 74.9969, 30.4891 ], [ 74.9499, 30.5621 ], [ 74.8923, 30.5497 ], [ 74.944, 30.5935 ], [ 74.9438, 30.6749 ], [ 74.8944, 30.7022 ], [ 74.9333, 30.8774 ], [ 75.0497, 30.9432 ], [ 75.0274, 31.0236 ], [ 75.0816, 31.0383 ], [ 75.1163, 31.0972 ], [ 75.2704, 31.0431 ], [ 75.3532, 30.9743 ], [ 75.3947, 30.8952 ], [ 75.3617, 30.8579 ], [ 75.3849, 30.8053 ], [ 75.3591, 30.7073 ] ] ] } },
{ "type": "Feature", "properties": { "state": "Punjab", "district": "Muktsar" }, "geometry": { "type": "Polygon", "coordinates": [ [ [ 74.6974, 29.9711 ], [ 74.6396, 29.9039 ], [ 74.5246, 29.9516 ], [ 74.442, 29.9471 ], [ 74.4168, 29.9971 ], [ 74.4548, 30.0031 ], [ 74.4452, 30.0215 ], [ 74.3987, 30.0264 ], [ 74.3572, 30.0848 ], [ 74.3675, 30.1088 ], [ 74.4052, 30.0952 ], [ 74.3269, 30.1612 ], [ 74.3469, 30.2392 ], [ 74.2516, 30.2456 ], [ 74.2883, 30.2628 ], [ 74.3066, 30.3868 ], [ 74.348, 30.3901 ], [ 74.2414, 30.4228 ], [ 74.3652, 30.483 ], [ 74.4774, 30.6654 ], [ 74.6077, 30.6374 ], [ 74.6994, 30.5577 ], [ 74.6766, 30.5211 ], [ 74.7485, 30.4966 ], [ 74.7214, 30.4598 ], [ 74.7426, 30.3943 ], [ 74.8113, 30.3937 ], [ 74.7757, 30.3398 ], [ 74.6915, 30.3561 ], [ 74.7745, 30.3358 ], [ 74.7151, 30.3084 ], [ 74.7416, 30.2864 ], [ 74.7103, 30.2524 ], [ 74.7265, 30.1814 ], [ 74.622, 30.1302 ], [ 74.6735, 30.1119 ], [ 74.6974, 29.9711 ] ] ] } },
{ "type": "Feature", "properties": { "state": "Punjab", "district": "Pathankot" }, "geometry": { "type": "Polygon", "coordinates": [ [ [ 75.8725, 32.5762 ], [ 75.851, 32.5079 ], [ 75.9322, 32.4168 ], [ 75.8439, 32.3793 ], [ 75.7364, 32.2738 ], [ 75.6225, 32.2347 ], [ 75.6202, 32.1852 ], [ 75.6618, 32.1647 ], [ 75.6106, 32.0996 ], [ 75.5788, 32.0817 ], [ 75.57, 32.1385 ], [ 75.4383, 32.1556 ], [ 75.3136, 32.2124 ], [ 75.3593, 32.227 ], [ 75.367, 32.2687 ], [ 75.3253, 32.3428 ], [ 75.4722, 32.34 ], [ 75.5012, 32.2761 ], [ 75.5292, 32.3489 ], [ 75.685, 32.4006 ], [ 75.8725, 32.5762 ] ] ] } },
{ "type": "Feature", "properties": { "state": "Punjab", "district": "Patiala" }, "geometry": { "type": "Polygon", "coordinates": [ [ [ 76.242, 29.869 ], [ 76.1164, 29.7964 ], [ 76.0906, 29.8108 ], [ 76.1148, 29.8579 ], [ 76.0569, 29.8462 ], [ 75.9716, 29.9102 ], [ 76.0203, 29.9678 ], [ 76.0024, 30.0252 ], [ 76.0463, 30.0771 ], [ 76.0793, 30.0671 ], [ 76.096, 30.1156 ], [ 76.051, 30.1461 ], [ 76.0518, 30.2162 ], [ 76.1555, 30.2432 ], [ 76.1915, 30.2875 ], [ 76.1553, 30.3224 ], [ 76.0707, 30.313 ], [ 75.9731, 30.3637 ], [ 76.0774, 30.4588 ], [ 76.051, 30.4854 ], [ 76.0669, 30.5116 ], [ 76.2804, 30.5775 ], [ 76.3234, 30.5017 ], [ 76.3079, 30.4343 ], [ 76.4666, 30.4342 ], [ 76.4884, 30.5647 ], [ 76.5689, 30.5748 ], [ 76.5446, 30.6008 ], [ 76.5794, 30.6078 ], [ 76.5646, 30.6675 ], [ 76.6218, 30.6814 ], [ 76.6504, 30.5868 ], [ 76.7055, 30.5927 ], [ 76.8049, 30.4779 ], [ 76.7001, 30.3936 ], [ 76.7385, 30.3596 ], [ 76.7152, 30.3329 ], [ 76.5476, 30.2649 ], [ 76.5325, 30.2271 ], [ 76.584, 30.2565 ], [ 76.6389, 30.2059 ], [ 76.6252, 30.1018 ], [ 76.5011, 30.0766 ], [ 76.4491, 30.1048 ], [ 76.4102, 30.2023 ], [ 76.381, 30.1832 ], [ 76.39, 30.1275 ], [ 76.3259, 30.1492 ], [ 76.3489, 30.1277 ], [ 76.3229, 30.1082 ], [ 76.2039, 30.1589 ], [ 76.1906, 30.135 ], [ 76.255, 30.1046 ], [ 76.1909, 30.0164 ], [ 76.2039, 29.9441 ], [ 76.1663, 29.9287 ], [ 76.1846, 29.8886 ], [ 76.242, 29.869 ] ] ] } },
{ "type": "Feature", "properties": { "state": "Punjab", "district": "Rupnagar" }, "geometry": { "type": "Polygon", "coordinates": [ [ [ 76.6354, 31.213 ], [ 76.5893, 31.1277 ], [ 76.6257, 31.1102 ], [ 76.6101, 31.0042 ], [ 76.7255, 30.9425 ], [ 76.5211, 30.8537 ], [ 76.5465, 30.7905 ], [ 76.4945, 30.7529 ], [ 76.3973, 30.7617 ], [ 76.3792, 30.8338 ], [ 76.3155, 30.8526 ], [ 76.3617, 30.881 ], [ 76.3356, 30.9153 ], [ 76.3084, 30.8812 ], [ 76.295, 30.9945 ], [ 76.4284, 30.9745 ], [ 76.5066, 30.9982 ], [ 76.278, 31.3024 ], [ 76.3367, 31.353 ], [ 76.3158, 31.4024 ], [ 76.3631, 31.4414 ], [ 76.4483, 31.306 ], [ 76.4311, 31.2828 ], [ 76.4667, 31.3102 ], [ 76.5181, 31.2623 ], [ 76.5372, 31.284 ], [ 76.535, 31.2554 ], [ 76.5705, 31.2801 ], [ 76.6016, 31.2509 ], [ 76.5806, 31.2164 ], [ 76.6354, 31.213 ] ] ] } },
{ "type": "Feature", "properties": { "state": "Punjab", "district": "Sahibzada Ajit Singh Nagar" }, "geometry": { "type": "Polygon", "coordinates": [ [ [ 76.7263, 30.6959 ], [ 76.8348, 30.6558 ], [ 76.8622, 30.6793 ], [ 76.8586, 30.6406 ], [ 76.9134, 30.5997 ], [ 76.8888, 30.4411 ], [ 76.9314, 30.3971 ], [ 76.8923, 30.3597 ], [ 76.8325, 30.4339 ], [ 76.7643, 30.425 ], [ 76.8049, 30.4779 ], [ 76.7904, 30.5063 ], [ 76.7055, 30.5927 ], [ 76.6504, 30.5868 ], [ 76.6218, 30.6814 ], [ 76.5164, 30.6405 ], [ 76.558, 30.6777 ], [ 76.5025, 30.7151 ], [ 76.5483, 30.8037 ], [ 76.5211, 30.8537 ], [ 76.6856, 30.9342 ], [ 76.7486, 30.9292 ], [ 76.8468, 30.7925 ], [ 76.8015, 30.7628 ], [ 76.7509, 30.7968 ], [ 76.6907, 30.7467 ], [ 76.7263, 30.6959 ] ] ] } },
{ "type": "Feature", "properties": { "state": "Punjab", "district": "Sangrur" }, "geometry": { "type": "Polygon", "coordinates": [ [ [ 76.0415, 29.7488 ], [ 75.8638, 29.7523 ], [ 75.829, 29.8123 ], [ 75.726, 29.8115 ], [ 75.764, 29.8376 ], [ 75.7557, 29.9212 ], [ 75.6979, 29.9365 ], [ 75.6627, 29.9114 ], [ 75.6301, 29.9378 ], [ 75.6791, 30.0261 ], [ 75.6313, 30.0329 ], [ 75.6182, 30.0836 ], [ 75.6453, 30.1131 ], [ 75.5481, 30.1814 ], [ 75.5735, 30.2307 ], [ 75.6809, 30.2324 ], [ 75.7135, 30.269 ], [ 75.6425, 30.3296 ], [ 75.6753, 30.3538 ], [ 75.639, 30.4424 ], [ 75.6675, 30.4749 ], [ 75.6449, 30.5459 ], [ 75.6734, 30.6107 ], [ 75.6437, 30.6374 ], [ 75.7773, 30.6256 ], [ 75.758, 30.6745 ], [ 75.8238, 30.6902 ], [ 75.8826, 30.6625 ], [ 75.8636, 30.6325 ], [ 75.9254, 30.5716 ], [ 76.0156, 30.6176 ], [ 76.0712, 30.5647 ], [ 76.051, 30.4854 ], [ 76.0774, 30.4588 ], [ 75.9785, 30.3408 ], [ 76.1553, 30.3224 ], [ 76.1915, 30.2875 ], [ 76.1555, 30.2432 ], [ 76.0518, 30.2162 ], [ 76.051, 30.1461 ], [ 76.096, 30.1156 ], [ 76.0793, 30.0671 ], [ 76.0463, 30.0771 ], [ 76.0027, 30.0257 ], [ 76.0203, 29.9678 ], [ 75.9743, 29.9382 ], [ 76.0164, 29.8712 ], [ 76.1112, 29.8395 ], [ 76.0415, 29.7488 ] ] ] } },
{ "type": "Feature", "properties": { "state": "Punjab", "district": "Shahid Bhagat Singh Nagar" }, "geometry": { "type": "Polygon", "coordinates": [ [ [ 76.1933, 31.1403 ], [ 76.184, 31.1903 ], [ 76.2282, 31.2473 ], [ 76.325, 31.2284 ], [ 76.5009, 30.9852 ], [ 76.3491, 30.9736 ], [ 76.2004, 31.0091 ], [ 75.9869, 30.9913 ], [ 75.9399, 31.0235 ], [ 75.8864, 31.1573 ], [ 75.7717, 31.2064 ], [ 75.8442, 31.2368 ], [ 75.8286, 31.2855 ], [ 75.8619, 31.2456 ], [ 75.9064, 31.2804 ], [ 76.012, 31.2611 ], [ 76.1283, 31.151 ], [ 76.1933, 31.1403 ] ] ] } },
{ "type": "Feature", "properties": { "state": "Punjab", "district": "Tarn Taran" }, "geometry": { "type": "Polygon", "coordinates": [ [ [ 75.0381, 31.1921 ], [ 74.7004, 31.1042 ], [ 74.595, 31.135 ], [ 74.5965, 31.0909 ], [ 74.5658, 31.0843 ], [ 74.5054, 31.1365 ], [ 74.5111, 31.2723 ], [ 74.6421, 31.46 ], [ 74.5957, 31.4998 ], [ 74.7795, 31.5694 ], [ 74.8311, 31.5294 ], [ 74.8824, 31.5531 ], [ 74.9387, 31.4977 ], [ 75.0346, 31.5433 ], [ 75.1104, 31.495 ], [ 75.1679, 31.5288 ], [ 75.2663, 31.4834 ], [ 75.2142, 31.4243 ], [ 75.1788, 31.4321 ], [ 75.0381, 31.1921 ] ] ] } },
{ "type": "Feature", "properties": { "state": "Rajasthan", "district": "Ajmer" }, "geometry": { "type": "MultiPolygon", "coordinates": [ [ [ [ 73.9056, 25.6868 ], [ 73.9501, 25.8425 ], [ 74.0047, 25.8665 ], [ 74.0945, 25.7857 ], [ 73.9794, 25.7181 ], [ 74.0111, 25.7 ], [ 73.9484, 25.6523 ], [ 73.9056, 25.6868 ] ] ], [ [ [ 74.6775, 25.9207 ], [ 74.5568, 25.9165 ], [ 74.5644, 25.8782 ], [ 74.5261, 25.8678 ], [ 74.5203, 25.9129 ], [ 74.3869, 25.9647 ], [ 74.3271, 25.9377 ], [ 74.3394, 25.9018 ], [ 74.2232, 25.8457 ], [ 74.1124, 25.8727 ], [ 74.1561, 25.9193 ], [ 74.1538, 25.9597 ], [ 74.1241, 25.9626 ], [ 74.1715, 26.0124 ], [ 74.1607, 26.0683 ], [ 74.1812, 26.0313 ], [ 74.2408, 26.0522 ], [ 74.3021, 26.1377 ], [ 74.271, 26.176 ], [ 74.3669, 26.1925 ], [ 74.3993, 26.2693 ], [ 74.362, 26.2938 ], [ 74.3021, 26.2542 ], [ 74.2512, 26.2884 ], [ 74.303, 26.3337 ], [ 74.2881, 26.4511 ], [ 74.3343, 26.445 ], [ 74.3724, 26.4911 ], [ 74.4697, 26.493 ], [ 74.5897, 26.6317 ], [ 74.6152, 26.5686 ], [ 74.6703, 26.5968 ], [ 74.718, 26.6785 ], [ 74.7197, 26.7047 ], [ 74.6616, 26.7141 ], [ 74.6938, 26.7739 ], [ 74.7749, 26.7931 ], [ 74.7699, 26.8516 ], [ 74.8115, 26.8714 ], [ 74.8475, 26.978 ], [ 74.9067, 26.979 ], [ 74.9787, 26.9444 ], [ 74.9533, 26.8519 ], [ 74.9123, 26.84 ], [ 74.9383, 26.7487 ], [ 75.0042, 26.7434 ], [ 74.9401, 26.7243 ], [ 74.97, 26.6762 ], [ 75.0091, 26.6903 ], [ 75.0633, 26.6539 ], [ 75.058, 26.5593 ], [ 75.1192, 26.5503 ], [ 75.1726, 26.4477 ], [ 75.1257, 26.4004 ], [ 75.1329, 26.3094 ], [ 75.1095, 26.2884 ], [ 75.1843, 26.1671 ], [ 75.1844, 26.1135 ], [ 75.2422, 26.082 ], [ 75.2787, 26.1426 ], [ 75.3359, 26.1345 ], [ 75.3031, 26.0733 ], [ 75.351, 26.0182 ], [ 75.2428, 25.9129 ], [ 75.2601, 25.8567 ], [ 75.3513, 25.8337 ], [ 75.2514, 25.6846 ], [ 75.1576, 25.7231 ], [ 75.1059, 25.697 ], [ 75.0716, 25.7798 ], [ 75.0072, 25.8107 ], [ 75.0372, 25.8454 ], [ 75.0137, 25.8595 ], [ 74.7992, 25.8735 ], [ 74.6775, 25.9207 ] ] ] ] } },
{ "type": "Feature", "properties": { "state": "Rajasthan", "district": "Alwar" }, "geometry": { "type": "Polygon", "coordinates": [ [ [ 76.4261, 27.1381 ], [ 76.3575, 27.061 ], [ 76.2866, 27.0686 ], [ 76.2706, 27.1882 ], [ 76.1967, 27.1237 ], [ 76.1543, 27.2237 ], [ 76.1215, 27.2013 ], [ 76.1206, 27.2558 ], [ 76.2262, 27.4172 ], [ 76.2404, 27.5081 ], [ 76.1951, 27.6267 ], [ 76.2424, 27.6349 ], [ 76.2385, 27.766 ], [ 76.2827, 27.8051 ], [ 76.2494, 27.8498 ], [ 76.2059, 27.848 ], [ 76.1665, 27.9151 ], [ 76.1795, 27.9728 ], [ 76.1549, 27.999 ], [ 76.2138, 28.0317 ], [ 76.1773, 28.0593 ], [ 76.2649, 28.0687 ], [ 76.2972, 28.026 ], [ 76.3368, 28.0297 ], [ 76.3546, 28.0742 ], [ 76.2974, 28.101 ], [ 76.3556, 28.1285 ], [ 76.2889, 28.1827 ], [ 76.3768, 28.1381 ], [ 76.471, 28.1547 ], [ 76.4978, 28.1066 ], [ 76.4486, 28.0932 ], [ 76.4977, 28.0647 ], [ 76.4537, 28.0497 ], [ 76.5385, 28.0391 ], [ 76.5466, 27.9714 ], [ 76.6601, 28.0191 ], [ 76.6512, 28.0968 ], [ 76.7915, 28.1572 ], [ 76.8058, 28.2159 ], [ 76.8636, 28.2246 ], [ 76.9618, 28.144 ], [ 76.9186, 27.9976 ], [ 76.9382, 27.896 ], [ 76.8833, 27.7244 ], [ 76.9146, 27.7008 ], [ 76.8809, 27.6994 ], [ 76.9054, 27.656 ], [ 76.9705, 27.6571 ], [ 76.9754, 27.6192 ], [ 76.9281, 27.6178 ], [ 76.9535, 27.5427 ], [ 77.0147, 27.5434 ], [ 76.9974, 27.5715 ], [ 77.0589, 27.5375 ], [ 77.0128, 27.5136 ], [ 77.0471, 27.4808 ], [ 77.0405, 27.4392 ], [ 77.0336, 27.4657 ], [ 76.9348, 27.4882 ], [ 76.8994, 27.5222 ], [ 76.9188, 27.5366 ], [ 76.8732, 27.5143 ], [ 76.9166, 27.4957 ], [ 76.8929, 27.4606 ], [ 77.0377, 27.3825 ], [ 77.2007, 27.3413 ], [ 77.1392, 27.3168 ], [ 77.1155, 27.2577 ], [ 77.0393, 27.2298 ], [ 77.0839, 27.1656 ], [ 76.9661, 27.185 ], [ 76.9573, 27.1515 ], [ 76.9196, 27.146 ], [ 76.8917, 27.1726 ], [ 76.8989, 27.2355 ], [ 76.8645, 27.2366 ], [ 76.8237, 27.1684 ], [ 76.8285, 27.0818 ], [ 76.7898, 27.1419 ], [ 76.7801, 27.118 ], [ 76.6365, 27.0999 ], [ 76.6191, 27.1338 ], [ 76.6464, 27.1712 ], [ 76.614, 27.1823 ], [ 76.5553, 27.18 ], [ 76.5491, 27.1333 ], [ 76.4659, 27.084 ], [ 76.4261, 27.1381 ] ] ] } },
{ "type": "Feature", "properties": { "state": "Rajasthan", "district": "Banswara" }, "geometry": { "type": "Polygon", "coordinates": [ [ [ 74.3155, 23.0721 ], [ 74.246, 23.1883 ], [ 74.2075, 23.1921 ], [ 74.183, 23.1522 ], [ 74.127, 23.1789 ], [ 74.1338, 23.2695 ], [ 74.0445, 23.2961 ], [ 73.9625, 23.3814 ], [ 74.0152, 23.443 ], [ 74.0349, 23.5461 ], [ 74.0735, 23.6009 ], [ 74.1207, 23.6118 ], [ 74.1496, 23.7834 ], [ 74.3613, 23.9008 ], [ 74.4807, 23.9267 ], [ 74.5271, 23.8853 ], [ 74.5184, 23.8331 ], [ 74.5605, 23.8117 ], [ 74.5205, 23.6372 ], [ 74.552, 23.6192 ], [ 74.6678, 23.6671 ], [ 74.7736, 23.5916 ], [ 74.7639, 23.5247 ], [ 74.6134, 23.4614 ], [ 74.5192, 23.3219 ], [ 74.5535, 23.2825 ], [ 74.7011, 23.2721 ], [ 74.7222, 23.2425 ], [ 74.6996, 23.2203 ], [ 74.7508, 23.2304 ], [ 74.5457, 23.1321 ], [ 74.5123, 23.0888 ], [ 74.3912, 23.112 ], [ 74.3155, 23.0721 ] ] ] } },
{ "type": "Feature", "properties": { "state": "Rajasthan", "district": "Baran" }, "geometry": { "type": "Polygon", "coordinates": [ [ [ 76.8144, 24.5296 ], [ 76.8412, 24.4428 ], [ 76.7597, 24.4565 ], [ 76.7072, 24.4093 ], [ 76.6715, 24.4435 ], [ 76.6154, 24.4263 ], [ 76.5371, 24.5107 ], [ 76.5273, 24.6669 ], [ 76.475, 24.6689 ], [ 76.4391, 24.7876 ], [ 76.4924, 24.8299 ], [ 76.5609, 24.8121 ], [ 76.5717, 24.8625 ], [ 76.4824, 24.925 ], [ 76.4575, 24.9127 ], [ 76.4173, 24.9817 ], [ 76.3477, 24.9934 ], [ 76.3103, 24.9644 ], [ 76.214, 25.0887 ], [ 76.2496, 25.2423 ], [ 76.2895, 25.2565 ], [ 76.326, 25.3835 ], [ 76.4363, 25.3841 ], [ 76.5041, 25.4276 ], [ 76.5783, 25.4067 ], [ 76.583, 25.4357 ], [ 76.6025, 25.389 ], [ 76.6811, 25.3455 ], [ 76.7404, 25.3478 ], [ 76.7701, 25.3122 ], [ 76.8932, 25.3224 ], [ 76.9418, 25.2754 ], [ 77.0755, 25.3397 ], [ 77.2051, 25.3114 ], [ 77.2203, 25.3734 ], [ 77.283, 25.4236 ], [ 77.3543, 25.424 ], [ 77.3364, 25.3256 ], [ 77.3718, 25.3202 ], [ 77.3497, 25.2718 ], [ 77.418, 25.193 ], [ 77.3907, 25.1882 ], [ 77.3985, 25.1133 ], [ 77.3029, 25.0839 ], [ 77.2623, 25.1193 ], [ 77.1696, 25.1137 ], [ 77.1145, 25.0691 ], [ 76.9937, 25.08 ], [ 76.8543, 25.0103 ], [ 76.8912, 24.9197 ], [ 76.9489, 24.8729 ], [ 76.8016, 24.8198 ], [ 76.8473, 24.7504 ], [ 76.9517, 24.7655 ], [ 77.0267, 24.7109 ], [ 77.0643, 24.5641 ], [ 76.9653, 24.4609 ], [ 76.9146, 24.4877 ], [ 76.9129, 24.5436 ], [ 76.8144, 24.5296 ] ] ] } },
{ "type": "Feature", "properties": { "state": "Rajasthan", "district": "Barmer" }, "geometry": { "type": "Polygon", "coordinates": [ [ [ 71.1971, 24.6429 ], [ 71.0729, 24.712 ], [ 70.9455, 24.9345 ], [ 70.8943, 25.1441 ], [ 70.6742, 25.3893 ], [ 70.666, 25.6972 ], [ 70.3997, 25.6638 ], [ 70.2759, 25.7034 ], [ 70.1084, 25.924 ], [ 70.0951, 26.0762 ], [ 70.1436, 26.141 ], [ 70.2324, 26.1118 ], [ 70.2731, 26.1546 ], [ 70.3742, 26.1378 ], [ 70.4176, 26.1903 ], [ 70.5096, 26.1669 ], [ 70.7226, 26.2033 ], [ 70.7491, 26.136 ], [ 70.8832, 26.1201 ], [ 70.9673, 26.0144 ], [ 70.9489, 26.0746 ], [ 71.0568, 26.1351 ], [ 71.0155, 26.2171 ], [ 70.9488, 26.2167 ], [ 70.9594, 26.2413 ], [ 71.0686, 26.283 ], [ 71.0823, 26.3179 ], [ 71.1438, 26.3017 ], [ 71.2258, 26.4396 ], [ 71.2928, 26.4599 ], [ 71.3313, 26.4133 ], [ 71.4511, 26.5078 ], [ 71.494, 26.4511 ], [ 71.5939, 26.4964 ], [ 71.6417, 26.399 ], [ 71.8143, 26.3278 ], [ 71.8452, 26.3694 ], [ 71.8976, 26.296 ], [ 72.0616, 26.3491 ], [ 72.1074, 26.3117 ], [ 72.143, 26.3229 ], [ 72.2707, 26.195 ], [ 72.3423, 26.2418 ], [ 72.4111, 26.2365 ], [ 72.4684, 26.2987 ], [ 72.5532, 26.2624 ], [ 72.5973, 26.278 ], [ 72.6855, 26.1909 ], [ 72.6994, 26.1199 ], [ 72.6955, 26.035 ], [ 72.6118, 25.9991 ], [ 72.6283, 25.9557 ], [ 72.8501, 25.8408 ], [ 72.7289, 25.7739 ], [ 72.7618, 25.7238 ], [ 72.6887, 25.6686 ], [ 72.7227, 25.6078 ], [ 72.5886, 25.6005 ], [ 72.5517, 25.5593 ], [ 72.5648, 25.5298 ], [ 72.4663, 25.4525 ], [ 72.3461, 25.4442 ], [ 72.3207, 25.3851 ], [ 72.1646, 25.4315 ], [ 72.1119, 25.4192 ], [ 72.0932, 25.4624 ], [ 72.0379, 25.473 ], [ 71.9277, 25.3517 ], [ 71.955, 25.318 ], [ 71.9397, 25.281 ], [ 71.8551, 25.2035 ], [ 71.8009, 25.0495 ], [ 71.7431, 25.0653 ], [ 71.6891, 24.9818 ], [ 71.6351, 25.0302 ], [ 71.5374, 24.9693 ], [ 71.5153, 25.004 ], [ 71.3962, 24.9733 ], [ 71.3144, 24.8855 ], [ 71.3336, 24.8387 ], [ 71.2521, 24.7997 ], [ 71.2702, 24.7396 ], [ 71.1971, 24.6429 ] ] ] } },
{ "type": "Feature", "properties": { "state": "Rajasthan", "district": "Bharatpur" }, "geometry": { "type": "Polygon", "coordinates": [ [ [ 77.7477, 26.9985 ], [ 77.4175, 26.8428 ], [ 77.4286, 26.7701 ], [ 77.4643, 26.7696 ], [ 77.363, 26.7128 ], [ 77.3416, 26.717 ], [ 77.3441, 26.8099 ], [ 77.2867, 26.7851 ], [ 77.2516, 26.8241 ], [ 77.1979, 26.7866 ], [ 77.203, 26.8152 ], [ 77.098, 26.8792 ], [ 77.0708, 26.8647 ], [ 77.0523, 26.9181 ], [ 77.0102, 26.9338 ], [ 76.9637, 27.1845 ], [ 77.0897, 27.1691 ], [ 77.0393, 27.2298 ], [ 77.1155, 27.2577 ], [ 77.1392, 27.3168 ], [ 77.2016, 27.3502 ], [ 77.0057, 27.396 ], [ 76.9856, 27.4321 ], [ 76.8929, 27.4606 ], [ 76.9166, 27.4957 ], [ 76.8732, 27.5143 ], [ 76.9188, 27.5366 ], [ 76.8994, 27.5222 ], [ 76.9658, 27.4647 ], [ 77.0524, 27.4472 ], [ 77.0121, 27.508 ], [ 77.0576, 27.5417 ], [ 76.9974, 27.5715 ], [ 77.0147, 27.5434 ], [ 76.9535, 27.5427 ], [ 76.9279, 27.6032 ], [ 76.9754, 27.6192 ], [ 76.9935, 27.7417 ], [ 77.0792, 27.7384 ], [ 77.0207, 27.7781 ], [ 77.0383, 27.82 ], [ 77.1265, 27.7765 ], [ 77.1938, 27.8219 ], [ 77.2317, 27.7858 ], [ 77.2625, 27.8161 ], [ 77.2979, 27.7979 ], [ 77.2976, 27.7187 ], [ 77.3339, 27.7079 ], [ 77.3428, 27.6572 ], [ 77.3112, 27.6117 ], [ 77.3501, 27.5934 ], [ 77.3351, 27.53 ], [ 77.4296, 27.462 ], [ 77.4319, 27.3992 ], [ 77.5745, 27.3267 ], [ 77.6141, 27.3434 ], [ 77.5917, 27.3006 ], [ 77.672, 27.1951 ], [ 77.6051, 27.1685 ], [ 77.5908, 27.1231 ], [ 77.4984, 27.0952 ], [ 77.5214, 27.0672 ], [ 77.5657, 27.078 ], [ 77.5574, 27.0369 ], [ 77.6274, 27.0155 ], [ 77.6733, 27.0516 ], [ 77.7036, 27.0003 ], [ 77.7355, 27.0337 ], [ 77.7477, 26.9985 ] ] ] } },
{ "type": "Feature", "properties": { "state": "Rajasthan", "district": "Bhilwara" }, "geometry": { "type": "Polygon", "coordinates": [ [ [ 74.4141, 25.2051 ], [ 74.3791, 25.1566 ], [ 74.2835, 25.105 ], [ 74.2726, 25.0693 ], [ 74.1943, 25.0556 ], [ 74.1646, 25.1296 ], [ 74.0565, 25.1496 ], [ 74.1236, 25.2443 ], [ 74.0461, 25.2386 ], [ 74.0187, 25.3124 ], [ 74.0836, 25.3188 ], [ 74.0338, 25.3334 ], [ 74.0122, 25.3836 ], [ 74.0756, 25.4097 ], [ 74.058, 25.4414 ], [ 74.0158, 25.4369 ], [ 74.0523, 25.4654 ], [ 74.0394, 25.496 ], [ 74.1021, 25.5159 ], [ 74.056, 25.5713 ], [ 74.1186, 25.6078 ], [ 74.1258, 25.65 ], [ 74.0756, 25.6793 ], [ 74.086, 25.7061 ], [ 74.1946, 25.7414 ], [ 74.2141, 25.808 ], [ 74.1689, 25.8159 ], [ 74.1821, 25.8505 ], [ 74.3394, 25.9018 ], [ 74.3329, 25.9426 ], [ 74.3869, 25.9647 ], [ 74.4333, 25.9268 ], [ 74.4825, 25.9307 ], [ 74.5271, 25.9041 ], [ 74.5261, 25.8678 ], [ 74.5644, 25.8782 ], [ 74.5568, 25.9165 ], [ 74.7024, 25.9223 ], [ 74.7992, 25.8735 ], [ 75.0137, 25.8595 ], [ 75.0372, 25.8454 ], [ 75.0072, 25.8107 ], [ 75.0716, 25.7798 ], [ 75.1059, 25.697 ], [ 75.1576, 25.7231 ], [ 75.2514, 25.6846 ], [ 75.3157, 25.7676 ], [ 75.3999, 25.7783 ], [ 75.4608, 25.7224 ], [ 75.42, 25.69 ], [ 75.4318, 25.6249 ], [ 75.3574, 25.5382 ], [ 75.3597, 25.4805 ], [ 75.3046, 25.4235 ], [ 75.2619, 25.4216 ], [ 75.3417, 25.3267 ], [ 75.4455, 25.2652 ], [ 75.4499, 25.1596 ], [ 75.4056, 25.108 ], [ 75.4501, 25.0296 ], [ 75.2006, 25.0345 ], [ 75.2028, 25.0931 ], [ 75.1232, 25.1262 ], [ 75.0221, 25.1396 ], [ 74.9724, 25.1082 ], [ 74.9366, 25.1551 ], [ 74.9274, 25.1303 ], [ 74.8895, 25.1455 ], [ 74.9015, 25.1852 ], [ 74.8021, 25.154 ], [ 74.7489, 25.2203 ], [ 74.7261, 25.173 ], [ 74.7124, 25.2084 ], [ 74.5635, 25.1362 ], [ 74.511, 25.2057 ], [ 74.4578, 25.1699 ], [ 74.4141, 25.2051 ] ] ] } },
{ "type": "Feature", "properties": { "state": "Rajasthan", "district": "Bikaner" }, "geometry": { "type": "Polygon", "coordinates": [ [ [ 73.6846, 27.9244 ], [ 73.7312, 27.9568 ], [ 73.7931, 27.91 ], [ 73.8375, 27.7912 ], [ 73.8253, 27.6683 ], [ 73.8633, 27.6147 ], [ 73.8544, 27.5613 ], [ 73.777, 27.5093 ], [ 73.7381, 27.5431 ], [ 73.6879, 27.5254 ], [ 73.644, 27.5672 ], [ 73.6021, 27.5386 ], [ 73.5997, 27.4895 ], [ 73.5364, 27.494 ], [ 73.5012, 27.3333 ], [ 73.3726, 27.2601 ], [ 73.351, 27.1862 ], [ 73.2472, 27.3251 ], [ 73.206, 27.277 ], [ 73.1608, 27.2939 ], [ 73.1182, 27.407 ], [ 72.9855, 27.3823 ], [ 72.9375, 27.4459 ], [ 72.9001, 27.4134 ], [ 72.8928, 27.4489 ], [ 72.8578, 27.4412 ], [ 72.8805, 27.475 ], [ 72.8202, 27.4858 ], [ 72.8319, 27.5814 ], [ 72.7717, 27.5609 ], [ 72.7642, 27.5207 ], [ 72.694, 27.6018 ], [ 72.6588, 27.5297 ], [ 72.5584, 27.6154 ], [ 72.4479, 27.5824 ], [ 72.3667, 27.5241 ], [ 72.36, 27.4863 ], [ 72.3258, 27.5099 ], [ 72.2601, 27.4538 ], [ 72.2509, 27.5033 ], [ 72.2951, 27.539 ], [ 72.2621, 27.5538 ], [ 72.3416, 27.688 ], [ 72.2984, 27.7036 ], [ 72.2253, 27.6529 ], [ 72.1793, 27.6949 ], [ 72.1078, 27.7004 ], [ 72.0925, 27.7313 ], [ 72.1542, 27.7751 ], [ 72.144, 27.8679 ], [ 72.0308, 27.944 ], [ 71.9509, 27.9064 ], [ 71.8963, 27.9568 ], [ 71.9333, 28.1269 ], [ 72.1844, 28.358 ], [ 72.3263, 28.6989 ], [ 72.4027, 28.7779 ], [ 72.6435, 28.8991 ], [ 72.742, 28.7791 ], [ 72.7605, 28.7962 ], [ 73.0061, 28.7112 ], [ 73.1446, 28.7817 ], [ 73.2202, 28.8506 ], [ 73.1916, 28.8819 ], [ 73.2219, 28.9275 ], [ 73.3392, 29.004 ], [ 73.562, 28.995 ], [ 73.6224, 29.0366 ], [ 73.7356, 29.0068 ], [ 73.7774, 29.0499 ], [ 73.84, 28.9376 ], [ 73.9619, 28.9762 ], [ 73.9682, 28.9037 ], [ 74.0193, 28.9334 ], [ 74.0353, 29.0124 ], [ 74.1232, 28.8757 ], [ 74.0525, 28.7777 ], [ 74.129, 28.7961 ], [ 74.1556, 28.7646 ], [ 74.1311, 28.7418 ], [ 74.1876, 28.7122 ], [ 74.0756, 28.6696 ], [ 74.102, 28.5958 ], [ 74.0528, 28.5243 ], [ 74.0728, 28.426 ], [ 74.0237, 28.3852 ], [ 74.0609, 28.3302 ], [ 73.9108, 28.2914 ], [ 73.8197, 28.3296 ], [ 73.7414, 28.2688 ], [ 73.6982, 28.1437 ], [ 73.6332, 28.1154 ], [ 73.6923, 28.061 ], [ 73.6637, 27.9563 ], [ 73.6846, 27.9244 ] ] ] } },
{ "type": "Feature", "properties": { "state": "Rajasthan", "district": "Bundi" }, "geometry": { "type": "Polygon", "coordinates": [ [ [ 75.4534, 25.0257 ], [ 75.4056, 25.108 ], [ 75.4499, 25.1596 ], [ 75.4455, 25.2652 ], [ 75.3417, 25.3267 ], [ 75.2619, 25.4216 ], [ 75.3046, 25.4235 ], [ 75.3597, 25.4805 ], [ 75.3574, 25.5382 ], [ 75.4318, 25.6249 ], [ 75.42, 25.69 ], [ 75.4736, 25.7388 ], [ 75.519, 25.7513 ], [ 75.5417, 25.7082 ], [ 75.593, 25.715 ], [ 75.6187, 25.6811 ], [ 75.6771, 25.7587 ], [ 75.7573, 25.7606 ], [ 75.769, 25.8268 ], [ 75.8179, 25.8012 ], [ 75.8375, 25.8515 ], [ 75.8895, 25.8732 ], [ 75.901, 25.8189 ], [ 75.9428, 25.8206 ], [ 75.9527, 25.8691 ], [ 76.008, 25.8864 ], [ 76.056, 25.8669 ], [ 76.0559, 25.8129 ], [ 76.1458, 25.7851 ], [ 76.1779, 25.7153 ], [ 76.2562, 25.6738 ], [ 76.2977, 25.6987 ], [ 76.3205, 25.655 ], [ 76.2822, 25.5347 ], [ 76.1805, 25.4971 ], [ 76.1338, 25.4105 ], [ 76.148, 25.3403 ], [ 76.0701, 25.3539 ], [ 75.9779, 25.2352 ], [ 75.9456, 25.2799 ], [ 75.8757, 25.2293 ], [ 75.7904, 25.2622 ], [ 75.7854, 25.2154 ], [ 75.7328, 25.1698 ], [ 75.7239, 25.1231 ], [ 75.7584, 25.1109 ], [ 75.7399, 25.0763 ], [ 75.6336, 25.0036 ], [ 75.4534, 25.0257 ] ] ] } },
{ "type": "Feature", "properties": { "state": "Rajasthan", "district": "Chittaurgarh" }, "geometry": { "type": "MultiPolygon", "coordinates": [ [ [ [ 74.5639, 24.4772 ], [ 74.5035, 24.3726 ], [ 74.5106, 24.2792 ], [ 74.4696, 24.255 ], [ 74.4374, 24.3196 ], [ 74.3864, 24.3135 ], [ 74.3755, 24.3759 ], [ 74.3466, 24.3751 ], [ 74.3788, 24.4004 ], [ 74.3544, 24.4441 ], [ 74.3237, 24.4352 ], [ 74.3535, 24.5077 ], [ 74.2934, 24.5042 ], [ 74.2447, 24.4554 ], [ 74.2162, 24.4716 ], [ 74.2539, 24.5211 ], [ 74.2908, 24.5112 ], [ 74.2591, 24.5316 ], [ 74.2786, 24.5952 ], [ 74.2233, 24.6097 ], [ 74.2513, 24.6555 ], [ 74.2069, 24.632 ], [ 74.205, 24.6719 ], [ 74.1569, 24.6791 ], [ 74.1731, 24.7183 ], [ 74.1086, 24.7753 ], [ 74.1317, 24.848 ], [ 74.1072, 24.864 ], [ 74.1376, 24.8643 ], [ 74.2028, 24.9884 ], [ 74.3069, 24.9975 ], [ 74.3194, 25.0345 ], [ 74.2592, 25.0674 ], [ 74.3791, 25.1566 ], [ 74.3725, 25.1988 ], [ 74.4578, 25.1699 ], [ 74.511, 25.2057 ], [ 74.5635, 25.1362 ], [ 74.7124, 25.2084 ], [ 74.7261, 25.173 ], [ 74.7489, 25.2203 ], [ 74.8021, 25.154 ], [ 74.8873, 25.1881 ], [ 74.8895, 25.1455 ], [ 74.9274, 25.1303 ], [ 74.9366, 25.1551 ], [ 74.9724, 25.1082 ], [ 75.033, 25.1401 ], [ 75.2028, 25.0931 ], [ 75.1944, 25.0377 ], [ 75.1591, 25.0455 ], [ 75.1644, 24.9917 ], [ 75.1191, 24.9748 ], [ 75.1189, 24.889 ], [ 75.0434, 24.8592 ], [ 74.9448, 24.8779 ], [ 74.9005, 24.9397 ], [ 74.8327, 24.9675 ], [ 74.859, 24.829 ], [ 74.8375, 24.8085 ], [ 75.0129, 24.7938 ], [ 74.9999, 24.7085 ], [ 74.8929, 24.6553 ], [ 74.7993, 24.7956 ], [ 74.7753, 24.6877 ], [ 74.8171, 24.6717 ], [ 74.7901, 24.6108 ], [ 74.748, 24.5968 ], [ 74.7477, 24.5362 ], [ 74.6914, 24.4921 ], [ 74.5639, 24.4772 ] ] ], [ [ [ 75.7862, 24.7655 ], [ 75.6133, 24.6884 ], [ 75.5819, 24.7227 ], [ 75.4519, 24.6932 ], [ 75.2169, 24.7224 ], [ 75.1855, 24.7681 ], [ 75.2519, 24.8372 ], [ 75.2277, 24.8478 ], [ 75.2013, 24.8842 ], [ 75.2082, 24.91 ], [ 75.2499, 24.8957 ], [ 75.2274, 24.8591 ], [ 75.313, 24.8135 ], [ 75.4242, 24.8928 ], [ 75.3113, 24.8695 ], [ 75.2615, 24.8897 ], [ 75.2931, 24.9232 ], [ 75.2759, 24.9767 ], [ 75.3175, 24.9072 ], [ 75.3225, 25.0134 ], [ 75.6114, 25.0213 ], [ 75.6833, 24.9317 ], [ 75.8187, 24.8711 ], [ 75.7862, 24.7655 ] ] ] ] } },
{ "type": "Feature", "properties": { "state": "Rajasthan", "district": "Churu" }, "geometry": { "type": "Polygon", "coordinates": [ [ [ 73.8544, 27.5613 ], [ 73.8633, 27.6147 ], [ 73.8253, 27.6683 ], [ 73.8375, 27.7912 ], [ 73.7952, 27.9048 ], [ 73.7312, 27.9568 ], [ 73.6752, 27.9216 ], [ 73.6923, 28.061 ], [ 73.6332, 28.1154 ], [ 73.6982, 28.1437 ], [ 73.7414, 28.2688 ], [ 73.8197, 28.3296 ], [ 73.9108, 28.2914 ], [ 74.0609, 28.3302 ], [ 74.0237, 28.3852 ], [ 74.0728, 28.426 ], [ 74.0528, 28.5243 ], [ 74.102, 28.5958 ], [ 74.0756, 28.6696 ], [ 74.1876, 28.7122 ], [ 74.1311, 28.7418 ], [ 74.1643, 28.7942 ], [ 74.2709, 28.8011 ], [ 74.4085, 28.8871 ], [ 74.463, 28.8213 ], [ 74.6258, 28.8162 ], [ 74.7339, 28.8567 ], [ 74.7701, 28.8278 ], [ 74.7938, 28.8361 ], [ 74.775, 28.9154 ], [ 74.8542, 28.9469 ], [ 74.9282, 28.8961 ], [ 75.0317, 28.9386 ], [ 75.0196, 28.8527 ], [ 75.1124, 28.8769 ], [ 75.1617, 28.8472 ], [ 75.2401, 28.8865 ], [ 75.2389, 28.9344 ], [ 75.2863, 28.9206 ], [ 75.2905, 28.9884 ], [ 75.3477, 28.9715 ], [ 75.3251, 28.9195 ], [ 75.3487, 28.9134 ], [ 75.4147, 29.0016 ], [ 75.4399, 28.9918 ], [ 75.5134, 28.8366 ], [ 75.4985, 28.7877 ], [ 75.5557, 28.6146 ], [ 75.618, 28.6022 ], [ 75.6291, 28.546 ], [ 75.6655, 28.5333 ], [ 75.6058, 28.5058 ], [ 75.5825, 28.4477 ], [ 75.6073, 28.4099 ], [ 75.5637, 28.4107 ], [ 75.5638, 28.3814 ], [ 75.5277, 28.3842 ], [ 75.494, 28.3404 ], [ 75.4302, 28.3678 ], [ 75.3754, 28.3412 ], [ 75.2462, 28.4628 ], [ 75.2109, 28.3934 ], [ 75.1241, 28.4045 ], [ 75.1574, 28.3477 ], [ 75.1416, 28.2946 ], [ 75.0431, 28.2559 ], [ 75.0226, 28.201 ], [ 74.8858, 28.1944 ], [ 74.85, 28.1361 ], [ 74.7874, 28.1154 ], [ 74.7971, 28.0333 ], [ 74.7551, 27.9901 ], [ 74.8229, 27.913 ], [ 74.7323, 27.8916 ], [ 74.7236, 27.8649 ], [ 74.8113, 27.8023 ], [ 74.7355, 27.7669 ], [ 74.7254, 27.6785 ], [ 74.6229, 27.6506 ], [ 74.6054, 27.7082 ], [ 74.5431, 27.6641 ], [ 74.3964, 27.6997 ], [ 74.3387, 27.6811 ], [ 74.1919, 27.497 ], [ 74.2003, 27.4254 ], [ 74.1499, 27.412 ], [ 74.133, 27.462 ], [ 74.026, 27.536 ], [ 73.8982, 27.4971 ], [ 73.8544, 27.5613 ] ] ] } },
{ "type": "Feature", "properties": { "state": "Rajasthan", "district": "Dausa" }, "geometry": { "type": "Polygon", "coordinates": [ [ [ 76.5089, 26.7593 ], [ 76.4007, 26.5576 ], [ 76.4523, 26.553 ], [ 76.4755, 26.5036 ], [ 76.4006, 26.3817 ], [ 76.3365, 26.4153 ], [ 76.3252, 26.4561 ], [ 76.2447, 26.4456 ], [ 76.1566, 26.5092 ], [ 76.1858, 26.6189 ], [ 76.1526, 26.6972 ], [ 76.2124, 26.7224 ], [ 76.1867, 26.7614 ], [ 76.2171, 26.8057 ], [ 76.2553, 26.8055 ], [ 76.2676, 26.8717 ], [ 76.1783, 26.8795 ], [ 76.2238, 27.0109 ], [ 76.2866, 27.0686 ], [ 76.3575, 27.061 ], [ 76.4138, 27.1356 ], [ 76.4659, 27.084 ], [ 76.5491, 27.1333 ], [ 76.5688, 27.1823 ], [ 76.6464, 27.1712 ], [ 76.6191, 27.1338 ], [ 76.6365, 27.0999 ], [ 76.7801, 27.118 ], [ 76.7898, 27.1419 ], [ 76.8285, 27.0818 ], [ 76.836, 27.2124 ], [ 76.8989, 27.2355 ], [ 76.8934, 27.1681 ], [ 76.9881, 27.1125 ], [ 76.9673, 27.0799 ], [ 77.0021, 27.0328 ], [ 76.9787, 27.029 ], [ 77.0102, 26.9338 ], [ 77.0523, 26.9181 ], [ 77.0708, 26.8647 ], [ 76.993, 26.8034 ], [ 76.9154, 26.9131 ], [ 76.793, 26.9603 ], [ 76.7513, 26.8754 ], [ 76.6035, 26.7756 ], [ 76.5089, 26.7593 ] ] ] } },
{ "type": "Feature", "properties": { "state": "Rajasthan", "district": "Dhaulpur" }, "geometry": { "type": "Polygon", "coordinates": [ [ [ 77.8177, 26.5602 ], [ 77.5229, 26.4149 ], [ 77.4277, 26.4069 ], [ 77.4368, 26.3681 ], [ 77.3859, 26.3624 ], [ 77.3239, 26.4371 ], [ 77.252, 26.4358 ], [ 77.2201, 26.5364 ], [ 77.3801, 26.6184 ], [ 77.3401, 26.6458 ], [ 77.3644, 26.6606 ], [ 77.3416, 26.717 ], [ 77.4804, 26.7539 ], [ 77.498, 26.8479 ], [ 77.5207, 26.822 ], [ 77.6045, 26.8328 ], [ 77.7158, 26.8813 ], [ 77.7534, 26.9377 ], [ 77.8901, 26.8895 ], [ 77.8999, 26.9245 ], [ 78.0067, 26.9107 ], [ 78.022, 26.8609 ], [ 78.0422, 26.9154 ], [ 78.1015, 26.905 ], [ 78.1149, 26.9549 ], [ 78.2612, 26.9318 ], [ 78.2266, 26.8826 ], [ 78.1911, 26.8886 ], [ 78.214, 26.8485 ], [ 78.1609, 26.827 ], [ 78.1798, 26.7936 ], [ 78.0998, 26.797 ], [ 78.1161, 26.7546 ], [ 78.0857, 26.6831 ], [ 77.9922, 26.7026 ], [ 77.8946, 26.6622 ], [ 77.8794, 26.6203 ], [ 77.8204, 26.5998 ], [ 77.8177, 26.5602 ] ] ] } },
{ "type": "Feature", "properties": { "state": "Rajasthan", "district": "Dungarpur" }, "geometry": { "type": "Polygon", "coordinates": [ [ [ 74.0152, 23.443 ], [ 73.9389, 23.3414 ], [ 73.8943, 23.3371 ], [ 73.8321, 23.4468 ], [ 73.7831, 23.4346 ], [ 73.7647, 23.4586 ], [ 73.7261, 23.4127 ], [ 73.7042, 23.4558 ], [ 73.6328, 23.4524 ], [ 73.6607, 23.6229 ], [ 73.5773, 23.6554 ], [ 73.5135, 23.6168 ], [ 73.5085, 23.7033 ], [ 73.4205, 23.7793 ], [ 73.3759, 23.7667 ], [ 73.3704, 23.8144 ], [ 73.4681, 23.844 ], [ 73.5213, 23.9319 ], [ 73.5955, 23.9667 ], [ 73.8443, 23.9351 ], [ 73.9201, 23.9849 ], [ 74.0824, 23.9702 ], [ 74.146, 24.0214 ], [ 74.2283, 23.9116 ], [ 74.2828, 23.96 ], [ 74.368, 23.936 ], [ 74.3852, 23.9083 ], [ 74.3189, 23.8593 ], [ 74.1448, 23.777 ], [ 74.1207, 23.6118 ], [ 74.0735, 23.6009 ], [ 74.0152, 23.443 ] ] ] } },
{ "type": "Feature", "properties": { "state": "Rajasthan", "district": "Ganganagar" }, "geometry": { "type": "Polygon", "coordinates": [ [ [ 73.2202, 28.8506 ], [ 73.0061, 28.7112 ], [ 72.9194, 28.7279 ], [ 72.7605, 28.7962 ], [ 72.742, 28.7791 ], [ 72.6435, 28.8991 ], [ 72.9438, 29.0299 ], [ 73.2713, 29.557 ], [ 73.3914, 29.9379 ], [ 73.7872, 30.0664 ], [ 73.9663, 30.195 ], [ 73.9667, 30.1212 ], [ 73.8948, 30.0469 ], [ 73.8912, 29.9701 ], [ 74.279, 29.9551 ], [ 74.3202, 29.8095 ], [ 74.2552, 29.6632 ], [ 74.117, 29.6816 ], [ 74.1403, 29.628 ], [ 74.1092, 29.6219 ], [ 73.9915, 29.6588 ], [ 73.964, 29.6 ], [ 73.9824, 29.5001 ], [ 74.2233, 29.1926 ], [ 74.136, 29.1898 ], [ 74.1773, 29.1343 ], [ 74.1044, 29.0965 ], [ 74.1267, 28.9575 ], [ 74.0623, 28.9366 ], [ 74.0275, 29.0111 ], [ 74.0193, 28.9334 ], [ 73.9682, 28.9037 ], [ 73.9619, 28.9762 ], [ 73.84, 28.9376 ], [ 73.7654, 29.051 ], [ 73.7356, 29.0068 ], [ 73.6224, 29.0366 ], [ 73.562, 28.995 ], [ 73.3392, 29.004 ], [ 73.2219, 28.9275 ], [ 73.1916, 28.8819 ], [ 73.2202, 28.8506 ] ] ] } },
{ "type": "Feature", "properties": { "state": "Rajasthan", "district": "Hanumangarh" }, "geometry": { "type": "Polygon", "coordinates": [ [ [ 75.5111, 29.0108 ], [ 75.4636, 28.9376 ], [ 75.4147, 29.0016 ], [ 75.3487, 28.9134 ], [ 75.3251, 28.9195 ], [ 75.3477, 28.9715 ], [ 75.2905, 28.9884 ], [ 75.2863, 28.9206 ], [ 75.2389, 28.9344 ], [ 75.2401, 28.8865 ], [ 75.1617, 28.8472 ], [ 75.1124, 28.8769 ], [ 75.0196, 28.8527 ], [ 75.0317, 28.9386 ], [ 74.9282, 28.8961 ], [ 74.8542, 28.9469 ], [ 74.775, 28.9154 ], [ 74.7938, 28.8361 ], [ 74.7701, 28.8278 ], [ 74.7339, 28.8567 ], [ 74.6258, 28.8162 ], [ 74.463, 28.8213 ], [ 74.4085, 28.8871 ], [ 74.2709, 28.8011 ], [ 74.0525, 28.7777 ], [ 74.1191, 28.8395 ], [ 74.105, 28.9405 ], [ 74.1363, 28.9852 ], [ 74.1044, 29.0965 ], [ 74.1773, 29.1343 ], [ 74.136, 29.1898 ], [ 74.2233, 29.1926 ], [ 73.9824, 29.5001 ], [ 73.9717, 29.6296 ], [ 73.9915, 29.6588 ], [ 74.139, 29.6252 ], [ 74.117, 29.6816 ], [ 74.2552, 29.6632 ], [ 74.3202, 29.8095 ], [ 74.279, 29.9551 ], [ 74.5191, 29.9433 ], [ 74.505, 29.9078 ], [ 74.5536, 29.8656 ], [ 74.4653, 29.7875 ], [ 74.472, 29.744 ], [ 74.6054, 29.7529 ], [ 74.5665, 29.5635 ], [ 74.6144, 29.5271 ], [ 74.5789, 29.4586 ], [ 74.5291, 29.4495 ], [ 74.5958, 29.3283 ], [ 74.6418, 29.3312 ], [ 74.6502, 29.3724 ], [ 74.7566, 29.356 ], [ 74.8411, 29.4041 ], [ 74.9271, 29.3646 ], [ 74.9531, 29.2819 ], [ 75.0399, 29.2871 ], [ 75.0781, 29.2325 ], [ 75.18, 29.2686 ], [ 75.2235, 29.235 ], [ 75.3193, 29.2934 ], [ 75.3149, 29.236 ], [ 75.3987, 29.255 ], [ 75.4007, 29.1889 ], [ 75.3612, 29.1426 ], [ 75.3962, 29.1284 ], [ 75.3807, 29.0703 ], [ 75.4303, 29.0647 ], [ 75.4347, 29.0165 ], [ 75.5111, 29.0108 ] ] ] } },
{ "type": "Feature", "properties": { "state": "Rajasthan", "district": "Jaipur" }, "geometry": { "type": "Polygon", "coordinates": [ [ [ 75.7764, 26.5482 ], [ 75.7392, 26.4512 ], [ 75.6501, 26.4702 ], [ 75.6124, 26.4435 ], [ 75.548, 26.4903 ], [ 75.5224, 26.4672 ], [ 75.3679, 26.49 ], [ 75.3263, 26.5619 ], [ 75.2822, 26.5677 ], [ 75.1584, 26.4621 ], [ 75.1192, 26.5503 ], [ 75.058, 26.5593 ], [ 75.0633, 26.6539 ], [ 74.9613, 26.6866 ], [ 74.9412, 26.7355 ], [ 75.004, 26.7478 ], [ 74.9383, 26.7487 ], [ 74.9123, 26.84 ], [ 75.0096, 26.8982 ], [ 75.0089, 26.9485 ], [ 75.1606, 26.9363 ], [ 75.1547, 26.9733 ], [ 75.1988, 26.9771 ], [ 75.1992, 27.0105 ], [ 75.254, 27.0378 ], [ 75.2158, 27.0863 ], [ 75.3628, 27.0913 ], [ 75.3105, 27.1848 ], [ 75.3231, 27.2175 ], [ 75.3861, 27.2342 ], [ 75.3748, 27.2934 ], [ 75.4706, 27.2931 ], [ 75.5247, 27.3478 ], [ 75.5929, 27.3125 ], [ 75.659, 27.3699 ], [ 75.7185, 27.3734 ], [ 75.7331, 27.4084 ], [ 75.8712, 27.3936 ], [ 75.8887, 27.4609 ], [ 75.9787, 27.4823 ], [ 75.9311, 27.5008 ], [ 75.9599, 27.5987 ], [ 75.9349, 27.6261 ], [ 76.0634, 27.7792 ], [ 76.0881, 27.8684 ], [ 76.1729, 27.8075 ], [ 76.2416, 27.854 ], [ 76.2827, 27.8051 ], [ 76.2385, 27.766 ], [ 76.2424, 27.6349 ], [ 76.1951, 27.6267 ], [ 76.2404, 27.5081 ], [ 76.2262, 27.4172 ], [ 76.1179, 27.2428 ], [ 76.1215, 27.2013 ], [ 76.1511, 27.2266 ], [ 76.1521, 27.1893 ], [ 76.1783, 27.1893 ], [ 76.1878, 27.126 ], [ 76.274, 27.1847 ], [ 76.2866, 27.0686 ], [ 76.1964, 26.965 ], [ 76.184, 26.8684 ], [ 76.2676, 26.8717 ], [ 76.2553, 26.8055 ], [ 76.2171, 26.8057 ], [ 76.1867, 26.7614 ], [ 76.2124, 26.7224 ], [ 76.1526, 26.6972 ], [ 76.1858, 26.6189 ], [ 76.1548, 26.5194 ], [ 76.1073, 26.54 ], [ 75.9576, 26.4875 ], [ 75.7764, 26.5482 ] ] ] } },
{ "type": "Feature", "properties": { "state": "Rajasthan", "district": "Jaisalmer" }, "geometry": { "type": "Polygon", "coordinates": [ [ [ 71.4511, 26.5078 ], [ 71.3313, 26.4133 ], [ 71.2928, 26.4599 ], [ 71.2258, 26.4396 ], [ 71.1438, 26.3017 ], [ 71.0823, 26.3179 ], [ 71.0686, 26.283 ], [ 70.9594, 26.2413 ], [ 70.9488, 26.2167 ], [ 71.0155, 26.2171 ], [ 71.0568, 26.1351 ], [ 70.9489, 26.0746 ], [ 70.9673, 26.0144 ], [ 70.8832, 26.1201 ], [ 70.7491, 26.136 ], [ 70.7226, 26.2033 ], [ 70.5096, 26.1669 ], [ 70.4176, 26.1903 ], [ 70.3742, 26.1378 ], [ 70.2731, 26.1546 ], [ 70.2324, 26.1118 ], [ 70.1443, 26.1418 ], [ 70.0945, 26.05 ], [ 70.1084, 25.924 ], [ 70.1539, 25.8603 ], [ 70.145, 25.8685 ], [ 70.1067, 25.9242 ], [ 70.0961, 25.9443 ], [ 70.0805, 26.0582 ], [ 70.1727, 26.2451 ], [ 70.1677, 26.5507 ], [ 70.0662, 26.5993 ], [ 69.8154, 26.5922 ], [ 69.5154, 26.7401 ], [ 69.4837, 26.8062 ], [ 69.5132, 27.0169 ], [ 69.5867, 27.178 ], [ 70.0163, 27.556 ], [ 70.157, 27.834 ], [ 70.3662, 28.0082 ], [ 70.5626, 28.0198 ], [ 70.6721, 27.9143 ], [ 70.6784, 27.8391 ], [ 70.7577, 27.7172 ], [ 70.8842, 27.6984 ], [ 71.273, 27.8419 ], [ 71.6583, 27.8689 ], [ 71.8963, 27.9568 ], [ 71.9509, 27.9064 ], [ 72.0362, 27.9419 ], [ 72.1534, 27.8551 ], [ 72.1542, 27.7751 ], [ 72.0925, 27.7313 ], [ 72.1078, 27.7004 ], [ 72.1793, 27.6949 ], [ 72.2253, 27.6529 ], [ 72.2984, 27.7036 ], [ 72.3416, 27.688 ], [ 72.2482, 27.4832 ], [ 72.1749, 27.4576 ], [ 72.1057, 27.5518 ], [ 72.1283, 27.5759 ], [ 72.0492, 27.6096 ], [ 71.9661, 27.5446 ], [ 71.9305, 27.5539 ], [ 71.8994, 27.4685 ], [ 71.8383, 27.473 ], [ 71.8147, 27.4361 ], [ 71.83, 27.3153 ], [ 71.7912, 27.2399 ], [ 71.9112, 27.2131 ], [ 71.9684, 27.1349 ], [ 72.0878, 27.1006 ], [ 72.0409, 26.9316 ], [ 72.1046, 26.8829 ], [ 72.1003, 26.8262 ], [ 72.0467, 26.785 ], [ 72.0904, 26.7155 ], [ 72.0413, 26.6714 ], [ 72.1002, 26.5966 ], [ 72.0291, 26.4948 ], [ 72.0841, 26.4393 ], [ 72.0777, 26.3507 ], [ 71.8976, 26.296 ], [ 71.8452, 26.3694 ], [ 71.8143, 26.3278 ], [ 71.6417, 26.399 ], [ 71.5808, 26.5026 ], [ 71.494, 26.4511 ], [ 71.4511, 26.5078 ] ] ] } },
{ "type": "Feature", "properties": { "state": "Rajasthan", "district": "Jalor" }, "geometry": { "type": "Polygon", "coordinates": [ [ [ 72.3237, 24.6089 ], [ 72.1617, 24.6158 ], [ 72.0849, 24.6528 ], [ 72.0853, 24.697 ], [ 72.0525, 24.7058 ], [ 71.9442, 24.6268 ], [ 71.8765, 24.6752 ], [ 71.8584, 24.6042 ], [ 71.8118, 24.6218 ], [ 71.799, 24.6705 ], [ 71.6616, 24.6333 ], [ 71.6166, 24.6707 ], [ 71.4883, 24.6739 ], [ 71.3831, 24.6217 ], [ 71.351, 24.6532 ], [ 71.2977, 24.6076 ], [ 71.1971, 24.6429 ], [ 71.2715, 24.743 ], [ 71.2521, 24.7997 ], [ 71.3336, 24.8387 ], [ 71.3144, 24.8855 ], [ 71.3962, 24.9733 ], [ 71.5153, 25.004 ], [ 71.5374, 24.9693 ], [ 71.6351, 25.0302 ], [ 71.6891, 24.9818 ], [ 71.7431, 25.0653 ], [ 71.8009, 25.0495 ], [ 71.8551, 25.2035 ], [ 71.9397, 25.281 ], [ 71.955, 25.318 ], [ 71.9277, 25.3517 ], [ 72.0379, 25.473 ], [ 72.0932, 25.4624 ], [ 72.1119, 25.4192 ], [ 72.1646, 25.4315 ], [ 72.3207, 25.3851 ], [ 72.3461, 25.4442 ], [ 72.4663, 25.4525 ], [ 72.5648, 25.5298 ], [ 72.5517, 25.5593 ], [ 72.5886, 25.6005 ], [ 72.7227, 25.6078 ], [ 72.6887, 25.6686 ], [ 72.7618, 25.7238 ], [ 72.7248, 25.7611 ], [ 72.7795, 25.8004 ], [ 72.8726, 25.7495 ], [ 72.8911, 25.6942 ], [ 72.9352, 25.6845 ], [ 72.9368, 25.6382 ], [ 73.0579, 25.56 ], [ 73.0985, 25.468 ], [ 73.0434, 25.3909 ], [ 72.9953, 25.3763 ], [ 73.0086, 25.3529 ], [ 72.9387, 25.3598 ], [ 73.0001, 25.2885 ], [ 72.9811, 25.2472 ], [ 72.8887, 25.2469 ], [ 72.8303, 25.2864 ], [ 72.691, 25.0455 ], [ 72.5817, 24.9375 ], [ 72.5085, 24.9186 ], [ 72.5007, 24.7577 ], [ 72.378, 24.7595 ], [ 72.3186, 24.6699 ], [ 72.3237, 24.6089 ] ] ] } },
{ "type": "Feature", "properties": { "state": "Rajasthan", "district": "Jhalawar" }, "geometry": { "type": "Polygon", "coordinates": [ [ [ 75.9758, 23.9329 ], [ 75.7771, 23.8539 ], [ 75.7023, 23.9041 ], [ 75.7291, 23.8582 ], [ 75.7178, 23.819 ], [ 75.6874, 23.8193 ], [ 75.6845, 23.7606 ], [ 75.6518, 23.8019 ], [ 75.5825, 23.8004 ], [ 75.5625, 23.8581 ], [ 75.4559, 23.9254 ], [ 75.5144, 24.0487 ], [ 75.5838, 23.9919 ], [ 75.6692, 24.0335 ], [ 75.7004, 23.9691 ], [ 75.762, 23.998 ], [ 75.7796, 24.0621 ], [ 75.8338, 24.0754 ], [ 75.8358, 24.1114 ], [ 75.7435, 24.1396 ], [ 75.7735, 24.2209 ], [ 75.8269, 24.2464 ], [ 75.8112, 24.3034 ], [ 75.7379, 24.348 ], [ 75.7283, 24.4075 ], [ 75.7911, 24.4752 ], [ 75.829, 24.4225 ], [ 75.8986, 24.4416 ], [ 75.8926, 24.5215 ], [ 75.9234, 24.5546 ], [ 76.0785, 24.5809 ], [ 76.0639, 24.6722 ], [ 76.1001, 24.7003 ], [ 76.1897, 24.6275 ], [ 76.2236, 24.8365 ], [ 76.2664, 24.8495 ], [ 76.2804, 24.8124 ], [ 76.3614, 24.8756 ], [ 76.4407, 24.8352 ], [ 76.475, 24.6689 ], [ 76.5273, 24.6669 ], [ 76.5371, 24.5107 ], [ 76.632, 24.4186 ], [ 76.6715, 24.4435 ], [ 76.7072, 24.4093 ], [ 76.7597, 24.4565 ], [ 76.8507, 24.4374 ], [ 76.8402, 24.3387 ], [ 76.9439, 24.1989 ], [ 76.8999, 24.1311 ], [ 76.8011, 24.1203 ], [ 76.7689, 24.1647 ], [ 76.6742, 24.1934 ], [ 76.693, 24.285 ], [ 76.588, 24.2496 ], [ 76.5797, 24.1807 ], [ 76.5314, 24.1635 ], [ 76.4699, 24.2314 ], [ 76.4144, 24.2074 ], [ 76.3269, 24.2536 ], [ 76.2828, 24.2157 ], [ 76.2156, 24.2168 ], [ 76.1855, 24.3315 ], [ 76.1213, 24.1964 ], [ 76.1347, 24.0953 ], [ 75.9602, 24.0254 ], [ 75.9758, 23.9329 ] ] ] } },
{ "type": "Feature", "properties": { "state": "Rajasthan", "district": "Jhunjhunun" }, "geometry": { "type": "Polygon", "coordinates": [ [ [ 75.7183, 27.7765 ], [ 75.6821, 27.6776 ], [ 75.6421, 27.7213 ], [ 75.5297, 27.7129 ], [ 75.4276, 27.6475 ], [ 75.3711, 27.6467 ], [ 75.3737, 27.6846 ], [ 75.2828, 27.7194 ], [ 75.258, 27.7675 ], [ 75.2838, 27.8157 ], [ 75.2353, 27.8138 ], [ 75.1905, 27.9669 ], [ 75.1684, 27.9607 ], [ 75.0959, 28.0673 ], [ 75.1217, 28.1378 ], [ 75.0485, 28.1589 ], [ 75.0786, 28.1895 ], [ 75.0205, 28.2037 ], [ 75.0431, 28.2559 ], [ 75.1416, 28.2946 ], [ 75.1574, 28.3477 ], [ 75.1241, 28.4045 ], [ 75.2109, 28.3934 ], [ 75.2462, 28.4628 ], [ 75.3754, 28.3412 ], [ 75.4302, 28.3678 ], [ 75.494, 28.3404 ], [ 75.5277, 28.3842 ], [ 75.5638, 28.3814 ], [ 75.5637, 28.4107 ], [ 75.6073, 28.4099 ], [ 75.5825, 28.4477 ], [ 75.6058, 28.5058 ], [ 75.6639, 28.5209 ], [ 75.7852, 28.4507 ], [ 75.7703, 28.4076 ], [ 75.8969, 28.39 ], [ 76.0187, 28.281 ], [ 76.0112, 28.2418 ], [ 76.053, 28.2242 ], [ 76.0918, 28.1464 ], [ 76.0277, 28.1727 ], [ 75.9425, 28.1056 ], [ 75.9774, 28.0522 ], [ 76.0156, 28.0889 ], [ 76.0356, 28.074 ], [ 75.97, 28.0309 ], [ 75.9905, 28.0102 ], [ 75.9564, 28.001 ], [ 75.9869, 27.9846 ], [ 75.9632, 27.937 ], [ 75.9385, 27.9511 ], [ 75.7974, 27.8623 ], [ 75.7183, 27.7765 ] ] ] } },
{ "type": "Feature", "properties": { "state": "Rajasthan", "district": "Jodhpur" }, "geometry": { "type": "Polygon", "coordinates": [ [ [ 72.8077, 25.8518 ], [ 72.6283, 25.9557 ], [ 72.6118, 25.9991 ], [ 72.6955, 26.035 ], [ 72.6994, 26.1199 ], [ 72.6855, 26.1909 ], [ 72.5973, 26.278 ], [ 72.5532, 26.2624 ], [ 72.4684, 26.2987 ], [ 72.4111, 26.2365 ], [ 72.3423, 26.2418 ], [ 72.2707, 26.195 ], [ 72.143, 26.3229 ], [ 72.1074, 26.3117 ], [ 72.075, 26.3458 ], [ 72.0841, 26.4393 ], [ 72.0291, 26.4948 ], [ 72.1002, 26.5966 ], [ 72.0413, 26.6714 ], [ 72.0904, 26.7155 ], [ 72.0467, 26.785 ], [ 72.1003, 26.8262 ], [ 72.1046, 26.8829 ], [ 72.0409, 26.9316 ], [ 72.0878, 27.1006 ], [ 71.9684, 27.1349 ], [ 71.9112, 27.2131 ], [ 71.7894, 27.2504 ], [ 71.83, 27.3153 ], [ 71.8246, 27.4548 ], [ 71.8994, 27.4685 ], [ 71.9305, 27.5539 ], [ 71.9661, 27.5446 ], [ 72.0492, 27.6096 ], [ 72.1283, 27.5759 ], [ 72.1057, 27.5518 ], [ 72.1749, 27.4576 ], [ 72.2482, 27.4832 ], [ 72.2446, 27.4936 ], [ 72.2506, 27.5293 ], [ 72.283, 27.5448 ], [ 72.2544, 27.457 ], [ 72.3258, 27.5099 ], [ 72.3578, 27.4852 ], [ 72.4479, 27.5824 ], [ 72.5584, 27.6154 ], [ 72.6588, 27.5297 ], [ 72.694, 27.6018 ], [ 72.7642, 27.5207 ], [ 72.7717, 27.5609 ], [ 72.8319, 27.5814 ], [ 72.8288, 27.4641 ], [ 72.8805, 27.475 ], [ 72.8563, 27.4429 ], [ 72.8928, 27.4489 ], [ 72.9001, 27.4134 ], [ 72.9375, 27.4459 ], [ 72.9697, 27.3865 ], [ 73.1304, 27.4005 ], [ 73.1608, 27.2939 ], [ 73.1299, 27.2342 ], [ 73.1901, 27.0557 ], [ 73.1168, 26.9413 ], [ 73.1728, 26.9312 ], [ 73.2116, 26.868 ], [ 73.3308, 26.8558 ], [ 73.4965, 26.8871 ], [ 73.6243, 26.8448 ], [ 73.6752, 26.7565 ], [ 73.6576, 26.6487 ], [ 73.7196, 26.5399 ], [ 73.7684, 26.539 ], [ 73.8712, 26.4318 ], [ 73.7893, 26.3205 ], [ 73.8119, 26.2927 ], [ 73.7845, 26.1587 ], [ 73.8025, 26.0986 ], [ 73.733, 26.1144 ], [ 73.685, 26.0635 ], [ 73.6494, 26.079 ], [ 73.6278, 26.1479 ], [ 73.5221, 26.1036 ], [ 73.5289, 26.0643 ], [ 73.4091, 26.1262 ], [ 73.3934, 26.1634 ], [ 73.3407, 26.1174 ], [ 73.3631, 26.0809 ], [ 73.3214, 26.0053 ], [ 73.2412, 26.0849 ], [ 73.1928, 26.0856 ], [ 73.187, 26.0329 ], [ 73.0503, 26.0132 ], [ 73.0507, 25.9672 ], [ 72.9592, 25.901 ], [ 72.8566, 25.8976 ], [ 72.8077, 25.8518 ] ] ] } },
{ "type": "Feature", "properties": { "state": "Rajasthan", "district": "Karauli" }, "geometry": { "type": "Polygon", "coordinates": [ [ [ 77.2031, 26.2374 ], [ 77.124, 26.238 ], [ 76.8381, 26.0364 ], [ 76.7023, 26.1712 ], [ 76.577, 26.2125 ], [ 76.586, 26.2772 ], [ 76.6756, 26.3984 ], [ 76.8959, 26.53 ], [ 76.9043, 26.5629 ], [ 76.9554, 26.5505 ], [ 76.924, 26.5814 ], [ 76.9653, 26.6087 ], [ 76.9388, 26.6574 ], [ 76.6918, 26.5137 ], [ 76.6514, 26.5693 ], [ 76.4463, 26.6448 ], [ 76.4976, 26.7487 ], [ 76.6035, 26.7756 ], [ 76.7513, 26.8754 ], [ 76.8127, 26.9663 ], [ 76.9154, 26.9131 ], [ 76.993, 26.8034 ], [ 77.098, 26.8792 ], [ 77.203, 26.8152 ], [ 77.1979, 26.7866 ], [ 77.2516, 26.8241 ], [ 77.2867, 26.7851 ], [ 77.3441, 26.8099 ], [ 77.3644, 26.6606 ], [ 77.3401, 26.6458 ], [ 77.3831, 26.6221 ], [ 77.2201, 26.5364 ], [ 77.252, 26.4358 ], [ 77.3239, 26.4371 ], [ 77.3662, 26.3715 ], [ 77.2031, 26.2374 ] ] ] } },
{ "type": "Feature", "properties": { "state": "Rajasthan", "district": "Kota" }, "geometry": { "type": "Polygon", "coordinates": [ [ [ 75.907, 24.5505 ], [ 75.8741, 24.6071 ], [ 75.8281, 24.6133 ], [ 75.8388, 24.7299 ], [ 75.7862, 24.7655 ], [ 75.8187, 24.8711 ], [ 75.7581, 24.8805 ], [ 75.6211, 25.0003 ], [ 75.7399, 25.0763 ], [ 75.7584, 25.1109 ], [ 75.7239, 25.1231 ], [ 75.7328, 25.1698 ], [ 75.7854, 25.2154 ], [ 75.7904, 25.2622 ], [ 75.8757, 25.2293 ], [ 75.9456, 25.2799 ], [ 75.9779, 25.2352 ], [ 76.0701, 25.3539 ], [ 76.148, 25.3403 ], [ 76.1338, 25.4105 ], [ 76.1805, 25.4971 ], [ 76.2702, 25.5156 ], [ 76.3205, 25.655 ], [ 76.2977, 25.6987 ], [ 76.2562, 25.6738 ], [ 76.1413, 25.7499 ], [ 76.1958, 25.8467 ], [ 76.2452, 25.7989 ], [ 76.3169, 25.8138 ], [ 76.3593, 25.7432 ], [ 76.4481, 25.7792 ], [ 76.4868, 25.8461 ], [ 76.5668, 25.8397 ], [ 76.5293, 25.798 ], [ 76.5306, 25.734 ], [ 76.4778, 25.6951 ], [ 76.5108, 25.6728 ], [ 76.5203, 25.5299 ], [ 76.5783, 25.4067 ], [ 76.5041, 25.4276 ], [ 76.4363, 25.3841 ], [ 76.326, 25.3835 ], [ 76.2895, 25.2565 ], [ 76.2496, 25.2423 ], [ 76.214, 25.0887 ], [ 76.3103, 24.9644 ], [ 76.3477, 24.9934 ], [ 76.4173, 24.9817 ], [ 76.4575, 24.9127 ], [ 76.4824, 24.925 ], [ 76.5717, 24.8625 ], [ 76.569, 24.8214 ], [ 76.4924, 24.8299 ], [ 76.4391, 24.7876 ], [ 76.4407, 24.8352 ], [ 76.3614, 24.8756 ], [ 76.2804, 24.8124 ], [ 76.2541, 24.8513 ], [ 76.2008, 24.7641 ], [ 76.1897, 24.6275 ], [ 76.1001, 24.7003 ], [ 76.0639, 24.6722 ], [ 76.0785, 24.5809 ], [ 75.907, 24.5505 ] ] ] } },
{ "type": "Feature", "properties": { "state": "Rajasthan", "district": "Nagaur" }, "geometry": { "type": "Polygon", "coordinates": [ [ [ 74.4781, 26.4999 ], [ 74.3724, 26.4911 ], [ 74.3343, 26.445 ], [ 74.2355, 26.4633 ], [ 74.1569, 26.4132 ], [ 74.121, 26.4581 ], [ 74.1018, 26.4185 ], [ 74.039, 26.4106 ], [ 73.8712, 26.4318 ], [ 73.7684, 26.539 ], [ 73.7196, 26.5399 ], [ 73.6576, 26.6487 ], [ 73.6752, 26.7565 ], [ 73.6243, 26.8448 ], [ 73.4965, 26.8871 ], [ 73.3308, 26.8558 ], [ 73.2116, 26.868 ], [ 73.1728, 26.9312 ], [ 73.1168, 26.9413 ], [ 73.1901, 27.0557 ], [ 73.1299, 27.2342 ], [ 73.1608, 27.2939 ], [ 73.206, 27.277 ], [ 73.2472, 27.3251 ], [ 73.351, 27.1862 ], [ 73.3726, 27.2601 ], [ 73.5012, 27.3333 ], [ 73.5265, 27.4849 ], [ 73.6042, 27.4926 ], [ 73.6021, 27.5386 ], [ 73.644, 27.5672 ], [ 73.6879, 27.5254 ], [ 73.7381, 27.5431 ], [ 73.777, 27.5093 ], [ 73.8476, 27.5518 ], [ 73.8982, 27.4971 ], [ 74.026, 27.536 ], [ 74.133, 27.462 ], [ 74.1499, 27.412 ], [ 74.2003, 27.4254 ], [ 74.1919, 27.497 ], [ 74.3387, 27.6811 ], [ 74.3964, 27.6997 ], [ 74.5431, 27.6641 ], [ 74.6054, 27.7082 ], [ 74.6229, 27.6506 ], [ 74.6755, 27.6696 ], [ 74.7005, 27.5951 ], [ 74.7556, 27.5831 ], [ 74.711, 27.54 ], [ 74.7178, 27.5037 ], [ 74.8518, 27.4531 ], [ 74.8679, 27.4148 ], [ 74.8397, 27.3815 ], [ 74.8685, 27.3749 ], [ 74.8741, 27.3136 ], [ 75.0519, 27.3846 ], [ 75.1125, 27.3798 ], [ 75.1028, 27.3416 ], [ 75.1623, 27.3197 ], [ 75.1541, 27.2843 ], [ 75.0666, 27.2226 ], [ 75.1199, 27.2144 ], [ 75.1128, 27.1873 ], [ 75.1957, 27.1321 ], [ 75.2768, 27.1267 ], [ 75.3106, 27.1628 ], [ 75.3628, 27.0913 ], [ 75.2158, 27.0863 ], [ 75.254, 27.0378 ], [ 75.1992, 27.0105 ], [ 75.1988, 26.9771 ], [ 75.1547, 26.9733 ], [ 75.1606, 26.9363 ], [ 75.0089, 26.9485 ], [ 74.9883, 26.8916 ], [ 74.9563, 26.9634 ], [ 74.8475, 26.978 ], [ 74.8115, 26.8714 ], [ 74.7699, 26.8516 ], [ 74.7749, 26.7931 ], [ 74.6938, 26.7739 ], [ 74.6616, 26.7141 ], [ 74.7197, 26.7047 ], [ 74.6703, 26.5968 ], [ 74.6152, 26.5686 ], [ 74.5897, 26.6317 ], [ 74.4781, 26.4999 ] ] ] } },
{ "type": "Feature", "properties": { "state": "Rajasthan", "district": "Pali" }, "geometry": { "type": "Polygon", "coordinates": [ [ [ 72.9426, 25.2433 ], [ 73.0001, 25.2885 ], [ 72.9387, 25.3598 ], [ 73.0086, 25.3529 ], [ 72.9953, 25.3763 ], [ 73.0434, 25.3909 ], [ 73.0985, 25.468 ], [ 73.0579, 25.56 ], [ 72.9368, 25.6382 ], [ 72.9352, 25.6845 ], [ 72.8911, 25.6942 ], [ 72.8726, 25.7495 ], [ 72.7795, 25.8004 ], [ 72.8049, 25.8307 ], [ 72.8439, 25.8192 ], [ 72.8435, 25.8897 ], [ 72.9592, 25.901 ], [ 73.0507, 25.9672 ], [ 73.0503, 26.0132 ], [ 73.187, 26.0329 ], [ 73.1928, 26.0856 ], [ 73.2412, 26.0849 ], [ 73.3214, 26.0053 ], [ 73.3631, 26.0809 ], [ 73.3407, 26.1174 ], [ 73.3934, 26.1634 ], [ 73.4091, 26.1262 ], [ 73.5289, 26.0643 ], [ 73.5221, 26.1036 ], [ 73.6278, 26.1479 ], [ 73.6494, 26.079 ], [ 73.685, 26.0635 ], [ 73.733, 26.1144 ], [ 73.8025, 26.0986 ], [ 73.7845, 26.1587 ], [ 73.8119, 26.2927 ], [ 73.7893, 26.3205 ], [ 73.8712, 26.4318 ], [ 74.039, 26.4106 ], [ 74.1018, 26.4185 ], [ 74.121, 26.4581 ], [ 74.1569, 26.4132 ], [ 74.2355, 26.4633 ], [ 74.2881, 26.4511 ], [ 74.303, 26.3337 ], [ 74.2512, 26.2884 ], [ 74.3021, 26.2542 ], [ 74.3871, 26.2815 ], [ 74.3669, 26.1925 ], [ 74.271, 26.176 ], [ 74.3021, 26.1377 ], [ 74.2408, 26.0522 ], [ 74.1812, 26.0313 ], [ 74.1607, 26.0683 ], [ 74.1715, 26.0124 ], [ 74.1241, 25.9626 ], [ 74.1538, 25.9597 ], [ 74.1561, 25.9193 ], [ 74.1063, 25.8545 ], [ 74.0529, 25.8289 ], [ 74.0047, 25.8665 ], [ 73.9501, 25.8425 ], [ 73.9129, 25.6994 ], [ 73.7406, 25.3924 ], [ 73.6244, 25.3038 ], [ 73.5949, 25.1939 ], [ 73.3558, 25.0244 ], [ 73.3323, 24.9128 ], [ 73.2738, 24.8778 ], [ 73.2336, 24.7939 ], [ 73.1467, 24.7573 ], [ 73.1664, 24.7935 ], [ 73.1457, 24.8432 ], [ 73.0741, 24.8575 ], [ 73.003, 24.9269 ], [ 73.1425, 25.1015 ], [ 73.0473, 25.1621 ], [ 73.0524, 25.1041 ], [ 73.0039, 25.1008 ], [ 72.9968, 25.148 ], [ 72.9555, 25.1432 ], [ 72.9487, 25.1876 ], [ 72.9794, 25.2167 ], [ 72.9426, 25.2433 ] ] ] } },
{ "type": "Feature", "properties": { "state": "Rajasthan", "district": "Pratapgarh" }, "geometry": { "type": "Polygon", "coordinates": [ [ [ 74.9213, 23.9357 ], [ 74.9103, 23.8008 ], [ 74.9406, 23.7349 ], [ 74.9076, 23.6828 ], [ 74.9397, 23.6304 ], [ 74.8515, 23.5574 ], [ 74.7741, 23.5433 ], [ 74.7617, 23.6056 ], [ 74.6678, 23.6671 ], [ 74.552, 23.6192 ], [ 74.5205, 23.6372 ], [ 74.5605, 23.8117 ], [ 74.5142, 23.8397 ], [ 74.5271, 23.8853 ], [ 74.4807, 23.9267 ], [ 74.4014, 23.9044 ], [ 74.3274, 23.9388 ], [ 74.3371, 24.0083 ], [ 74.2963, 24.043 ], [ 74.3599, 24.0916 ], [ 74.3796, 24.0669 ], [ 74.4371, 24.085 ], [ 74.3599, 24.1929 ], [ 74.3979, 24.3035 ], [ 74.4167, 24.2449 ], [ 74.4682, 24.2218 ], [ 74.5106, 24.2792 ], [ 74.5035, 24.3726 ], [ 74.5455, 24.4182 ], [ 74.5427, 24.4786 ], [ 74.7272, 24.5108 ], [ 74.8581, 24.4673 ], [ 74.7528, 24.2827 ], [ 74.8697, 24.2807 ], [ 74.9054, 24.2453 ], [ 74.8811, 24.2135 ], [ 74.993, 24.0297 ], [ 74.9213, 23.9357 ] ] ] } },
{ "type": "Feature", "properties": { "state": "Rajasthan", "district": "Rajsam and" }, "geometry": { "type": "Polygon", "coordinates": [ [ [ 74.0981, 24.8657 ], [ 73.96, 24.9055 ], [ 73.949, 24.855 ], [ 73.9198, 24.8999 ], [ 73.904, 24.8805 ], [ 73.8442, 24.9133 ], [ 73.8036, 24.8711 ], [ 73.8309, 24.8352 ], [ 73.7841, 24.7875 ], [ 73.8192, 24.7605 ], [ 73.7495, 24.7383 ], [ 73.7769, 24.7074 ], [ 73.7589, 24.6683 ], [ 73.7083, 24.7452 ], [ 73.6553, 24.7086 ], [ 73.6553, 24.7851 ], [ 73.5106, 24.9801 ], [ 73.5319, 25.0106 ], [ 73.4747, 25.0264 ], [ 73.4941, 25.1179 ], [ 73.6023, 25.2045 ], [ 73.6244, 25.3038 ], [ 73.749, 25.4054 ], [ 73.8642, 25.6524 ], [ 73.9056, 25.6868 ], [ 73.9484, 25.6523 ], [ 73.9868, 25.6706 ], [ 74.0119, 25.7055 ], [ 73.9794, 25.7181 ], [ 74.0922, 25.769 ], [ 74.0551, 25.8308 ], [ 74.1157, 25.8681 ], [ 74.2141, 25.808 ], [ 74.1946, 25.7414 ], [ 74.086, 25.7061 ], [ 74.0756, 25.6793 ], [ 74.1258, 25.65 ], [ 74.1186, 25.6078 ], [ 74.056, 25.5713 ], [ 74.1021, 25.5159 ], [ 74.0442, 25.5009 ], [ 74.0523, 25.4654 ], [ 74.0157, 25.4398 ], [ 74.0764, 25.414 ], [ 74.0122, 25.3836 ], [ 74.0338, 25.3334 ], [ 74.0836, 25.3188 ], [ 74.0187, 25.3124 ], [ 74.0461, 25.2386 ], [ 74.1236, 25.2443 ], [ 74.0565, 25.1496 ], [ 74.1646, 25.1296 ], [ 74.1943, 25.0556 ], [ 74.2518, 25.0716 ], [ 74.3218, 25.0285 ], [ 74.3028, 24.9951 ], [ 74.2028, 24.9884 ], [ 74.1882, 24.932 ], [ 74.0981, 24.8657 ] ] ] } },
{ "type": "Feature", "properties": { "state": "Rajasthan", "district": "Sawai Madhopur" }, "geometry": { "type": "Polygon", "coordinates": [ [ [ 76.5016, 25.8474 ], [ 76.4481, 25.7792 ], [ 76.354, 25.7468 ], [ 76.3194, 25.8269 ], [ 76.2173, 25.8669 ], [ 76.2139, 25.9167 ], [ 76.2477, 25.9211 ], [ 76.2451, 26.0241 ], [ 76.1881, 26.0182 ], [ 76.1388, 25.9696 ], [ 76.1071, 26.0044 ], [ 76.0649, 25.9997 ], [ 76.1088, 26.0478 ], [ 76.0937, 26.1044 ], [ 76.0612, 26.138 ], [ 75.9894, 26.1201 ], [ 75.979, 26.215 ], [ 76.0257, 26.2268 ], [ 76.0248, 26.2564 ], [ 76.118, 26.2558 ], [ 76.1516, 26.4325 ], [ 76.1338, 26.4629 ], [ 76.1748, 26.4904 ], [ 76.2447, 26.4456 ], [ 76.3252, 26.4561 ], [ 76.3365, 26.4153 ], [ 76.4006, 26.3817 ], [ 76.4755, 26.5036 ], [ 76.4523, 26.553 ], [ 76.4007, 26.5576 ], [ 76.4463, 26.6448 ], [ 76.6514, 26.5693 ], [ 76.6918, 26.5137 ], [ 76.9388, 26.6574 ], [ 76.9653, 26.6087 ], [ 76.924, 26.5814 ], [ 76.9554, 26.5505 ], [ 76.9043, 26.5629 ], [ 76.8959, 26.53 ], [ 76.6756, 26.3984 ], [ 76.5683, 26.2216 ], [ 76.7307, 26.149 ], [ 76.827, 26.0549 ], [ 76.8371, 26.002 ], [ 76.7333, 25.9025 ], [ 76.6461, 25.9089 ], [ 76.5668, 25.8397 ], [ 76.5016, 25.8474 ] ] ] } },
{ "type": "Feature", "properties": { "state": "Rajasthan", "district": "Sikar" }, "geometry": { "type": "Polygon", "coordinates": [ [ [ 75.9311, 27.5008 ], [ 75.9787, 27.4823 ], [ 75.8782, 27.4513 ], [ 75.8712, 27.3936 ], [ 75.7331, 27.4084 ], [ 75.7185, 27.3734 ], [ 75.659, 27.3699 ], [ 75.5929, 27.3125 ], [ 75.5247, 27.3478 ], [ 75.4706, 27.2931 ], [ 75.3748, 27.2934 ], [ 75.3861, 27.2342 ], [ 75.3169, 27.2119 ], [ 75.2956, 27.1327 ], [ 75.1957, 27.1321 ], [ 75.1128, 27.1873 ], [ 75.1199, 27.2144 ], [ 75.0666, 27.2226 ], [ 75.1541, 27.2843 ], [ 75.1623, 27.3197 ], [ 75.1028, 27.3416 ], [ 75.1125, 27.3798 ], [ 75.0519, 27.3846 ], [ 74.8741, 27.3136 ], [ 74.8685, 27.3749 ], [ 74.8397, 27.3815 ], [ 74.8679, 27.4148 ], [ 74.8518, 27.4531 ], [ 74.7178, 27.5037 ], [ 74.711, 27.54 ], [ 74.7556, 27.5831 ], [ 74.7005, 27.5951 ], [ 74.6755, 27.6696 ], [ 74.739, 27.6877 ], [ 74.7355, 27.7669 ], [ 74.8113, 27.8023 ], [ 74.7236, 27.8695 ], [ 74.8247, 27.9222 ], [ 74.7551, 27.9901 ], [ 74.7971, 28.0333 ], [ 74.783, 28.1072 ], [ 74.85, 28.1361 ], [ 74.8858, 28.1944 ], [ 75.0741, 28.1934 ], [ 75.0485, 28.1589 ], [ 75.1217, 28.1378 ], [ 75.0959, 28.0673 ], [ 75.1684, 27.9607 ], [ 75.1905, 27.9669 ], [ 75.2353, 27.8138 ], [ 75.2838, 27.8157 ], [ 75.258, 27.7675 ], [ 75.2828, 27.7194 ], [ 75.3737, 27.6846 ], [ 75.3711, 27.6467 ], [ 75.4276, 27.6475 ], [ 75.5297, 27.7129 ], [ 75.6421, 27.7213 ], [ 75.6821, 27.6776 ], [ 75.7626, 27.8376 ], [ 75.9236, 27.9331 ], [ 75.9675, 27.9154 ], [ 75.9631, 27.8647 ], [ 76.0898, 27.8348 ], [ 75.9349, 27.6261 ], [ 75.9599, 27.5987 ], [ 75.9311, 27.5008 ] ] ] } },
{ "type": "Feature", "properties": { "state": "Rajasthan", "district": "Sirohi" }, "geometry": { "type": "Polygon", "coordinates": [ [ [ 72.946, 24.3393 ], [ 72.7325, 24.3613 ], [ 72.6973, 24.4572 ], [ 72.5446, 24.5069 ], [ 72.5006, 24.4503 ], [ 72.5077, 24.4099 ], [ 72.4647, 24.4071 ], [ 72.4425, 24.5042 ], [ 72.3905, 24.4988 ], [ 72.3579, 24.5525 ], [ 72.2951, 24.5384 ], [ 72.251, 24.5802 ], [ 72.3492, 24.6023 ], [ 72.3165, 24.6607 ], [ 72.378, 24.7595 ], [ 72.5007, 24.7577 ], [ 72.5085, 24.9186 ], [ 72.5817, 24.9375 ], [ 72.691, 25.0455 ], [ 72.8303, 25.2864 ], [ 72.978, 25.223 ], [ 72.9501, 25.165 ], [ 73.0014, 25.1437 ], [ 73.0039, 25.1008 ], [ 73.0524, 25.1041 ], [ 73.0473, 25.1621 ], [ 73.1425, 25.1015 ], [ 73.003, 24.9269 ], [ 73.0741, 24.8575 ], [ 73.1457, 24.8432 ], [ 73.1656, 24.7815 ], [ 73.1411, 24.6879 ], [ 72.981, 24.451 ], [ 72.9633, 24.3837 ], [ 72.9915, 24.364 ], [ 72.946, 24.3393 ] ] ] } },
{ "type": "Feature", "properties": { "state": "Rajasthan", "district": "Tonk" }, "geometry": { "type": "Polygon", "coordinates": [ [ [ 75.3157, 25.7676 ], [ 75.3513, 25.8337 ], [ 75.2601, 25.8567 ], [ 75.2428, 25.9129 ], [ 75.351, 26.0182 ], [ 75.3031, 26.0733 ], [ 75.3359, 26.1345 ], [ 75.2787, 26.1426 ], [ 75.2422, 26.082 ], [ 75.1844, 26.1135 ], [ 75.1813, 26.1737 ], [ 75.1136, 26.2555 ], [ 75.1257, 26.4004 ], [ 75.1626, 26.4182 ], [ 75.2012, 26.5192 ], [ 75.3162, 26.5644 ], [ 75.3679, 26.49 ], [ 75.5224, 26.4672 ], [ 75.548, 26.4903 ], [ 75.6124, 26.4435 ], [ 75.6501, 26.4702 ], [ 75.7392, 26.4512 ], [ 75.793, 26.5542 ], [ 75.8117, 26.5224 ], [ 75.9576, 26.4875 ], [ 76.1457, 26.5301 ], [ 76.1748, 26.4904 ], [ 76.1338, 26.4629 ], [ 76.1389, 26.3027 ], [ 76.0984, 26.2437 ], [ 76.0248, 26.2564 ], [ 76.0257, 26.2268 ], [ 75.979, 26.215 ], [ 75.9894, 26.1201 ], [ 76.0873, 26.1182 ], [ 76.1088, 26.0478 ], [ 76.0649, 25.9997 ], [ 76.1071, 26.0044 ], [ 76.1388, 25.9696 ], [ 76.1881, 26.0182 ], [ 76.2451, 26.0241 ], [ 76.2477, 25.9211 ], [ 76.2139, 25.9167 ], [ 76.2147, 25.8752 ], [ 76.3194, 25.8269 ], [ 76.2949, 25.7906 ], [ 76.1958, 25.8467 ], [ 76.1609, 25.764 ], [ 76.0522, 25.8159 ], [ 76.056, 25.8669 ], [ 76.0111, 25.8862 ], [ 75.9527, 25.8691 ], [ 75.9428, 25.8206 ], [ 75.901, 25.8189 ], [ 75.8895, 25.8732 ], [ 75.8375, 25.8515 ], [ 75.8179, 25.8012 ], [ 75.769, 25.8268 ], [ 75.7573, 25.7606 ], [ 75.6771, 25.7587 ], [ 75.6187, 25.6811 ], [ 75.593, 25.715 ], [ 75.5417, 25.7082 ], [ 75.519, 25.7513 ], [ 75.4608, 25.7224 ], [ 75.3999, 25.7783 ], [ 75.3157, 25.7676 ] ] ] } },
{ "type": "Feature", "properties": { "state": "Rajasthan", "district": "Udaipur" }, "geometry": { "type": "Polygon", "coordinates": [ [ [ 74.3274, 23.9388 ], [ 74.2283, 23.9116 ], [ 74.146, 24.0214 ], [ 74.0824, 23.9702 ], [ 73.9201, 23.9849 ], [ 73.8443, 23.9351 ], [ 73.5955, 23.9667 ], [ 73.5213, 23.9319 ], [ 73.4681, 23.844 ], [ 73.3704, 23.8144 ], [ 73.3621, 23.8619 ], [ 73.4247, 23.9311 ], [ 73.3735, 24.1281 ], [ 73.3352, 24.1151 ], [ 73.291, 24.0274 ], [ 73.2458, 24.0107 ], [ 73.2006, 24.0452 ], [ 73.2238, 24.0982 ], [ 73.1142, 24.1386 ], [ 73.0813, 24.1919 ], [ 73.145, 24.3079 ], [ 73.1806, 24.3015 ], [ 73.2315, 24.3647 ], [ 73.1274, 24.3688 ], [ 73.085, 24.3945 ], [ 73.0989, 24.4915 ], [ 73.0332, 24.4637 ], [ 73.0096, 24.4909 ], [ 73.1411, 24.6879 ], [ 73.1432, 24.7528 ], [ 73.2336, 24.7939 ], [ 73.2738, 24.8778 ], [ 73.3298, 24.9092 ], [ 73.3464, 25.0108 ], [ 73.4116, 25.0857 ], [ 73.4921, 25.1084 ], [ 73.4752, 25.0212 ], [ 73.5319, 25.0106 ], [ 73.5106, 24.9801 ], [ 73.6553, 24.7851 ], [ 73.6553, 24.7086 ], [ 73.7083, 24.7452 ], [ 73.7589, 24.6683 ], [ 73.7769, 24.7074 ], [ 73.7495, 24.7383 ], [ 73.8192, 24.7605 ], [ 73.7841, 24.7875 ], [ 73.8309, 24.8352 ], [ 73.8036, 24.8711 ], [ 73.8442, 24.9133 ], [ 73.904, 24.8805 ], [ 73.9198, 24.8999 ], [ 73.949, 24.855 ], [ 73.96, 24.9055 ], [ 74.0013, 24.9186 ], [ 74.0907, 24.8647 ], [ 74.147, 24.8883 ], [ 74.1072, 24.864 ], [ 74.1317, 24.848 ], [ 74.1194, 24.7415 ], [ 74.1731, 24.7183 ], [ 74.1569, 24.6791 ], [ 74.205, 24.6719 ], [ 74.2069, 24.632 ], [ 74.2513, 24.6555 ], [ 74.2249, 24.6077 ], [ 74.2786, 24.5952 ], [ 74.2591, 24.5316 ], [ 74.2908, 24.5112 ], [ 74.2539, 24.5211 ], [ 74.2162, 24.4716 ], [ 74.2447, 24.4554 ], [ 74.2934, 24.5042 ], [ 74.3535, 24.5077 ], [ 74.3237, 24.4352 ], [ 74.3544, 24.4441 ], [ 74.3788, 24.4004 ], [ 74.3466, 24.3751 ], [ 74.3755, 24.3759 ], [ 74.3864, 24.3135 ], [ 74.4374, 24.3196 ], [ 74.478, 24.2532 ], [ 74.4682, 24.2218 ], [ 74.4167, 24.2449 ], [ 74.3979, 24.3035 ], [ 74.3591, 24.1805 ], [ 74.4371, 24.085 ], [ 74.3796, 24.0669 ], [ 74.3599, 24.0916 ], [ 74.328, 24.048 ], [ 74.3044, 24.071 ], [ 74.2972, 24.0367 ], [ 74.3371, 24.0083 ], [ 74.3274, 23.9388 ] ] ] } },
{ "type": "Feature", "properties": { "state": "Sikkim", "district": "East Sikkim" }, "geometry": { "type": "Polygon", "coordinates": [ [ [ 88.9195, 27.3277 ], [ 88.9079, 27.2767 ], [ 88.8032, 27.248 ], [ 88.7868, 27.182 ], [ 88.7325, 27.1374 ], [ 88.6844, 27.1802 ], [ 88.499, 27.1851 ], [ 88.4859, 27.2395 ], [ 88.4367, 27.274 ], [ 88.481, 27.3784 ], [ 88.5182, 27.3971 ], [ 88.6219, 27.3873 ], [ 88.7774, 27.4229 ], [ 88.9195, 27.3277 ] ] ] } },
{ "type": "Feature", "properties": { "state": "Sikkim", "district": "North Sikkim" }, "geometry": { "type": "Polygon", "coordinates": [ [ [ 88.13, 27.8815 ], [ 88.1347, 27.963 ], [ 88.1887, 27.9437 ], [ 88.2098, 27.9678 ], [ 88.2439, 27.9485 ], [ 88.3378, 27.988 ], [ 88.3898, 27.9781 ], [ 88.4831, 28.0456 ], [ 88.5389, 28.0389 ], [ 88.6118, 28.1296 ], [ 88.6668, 28.0741 ], [ 88.7536, 28.0719 ], [ 88.8329, 28.0115 ], [ 88.8363, 27.932 ], [ 88.8857, 27.8613 ], [ 88.8543, 27.8165 ], [ 88.8466, 27.6689 ], [ 88.7673, 27.5668 ], [ 88.806, 27.4142 ], [ 88.481, 27.3784 ], [ 88.4315, 27.3999 ], [ 88.3504, 27.5214 ], [ 88.2763, 27.513 ], [ 88.1169, 27.614 ], [ 88.1999, 27.7905 ], [ 88.1757, 27.8202 ], [ 88.2039, 27.8373 ], [ 88.13, 27.8815 ] ] ] } },
{ "type": "Feature", "properties": { "state": "Sikkim", "district": "South Sikkim" }, "geometry": { "type": "Polygon", "coordinates": [ [ [ 88.481, 27.3784 ], [ 88.4367, 27.274 ], [ 88.5299, 27.1502 ], [ 88.4319, 27.0816 ], [ 88.2781, 27.1308 ], [ 88.3295, 27.1946 ], [ 88.2741, 27.2864 ], [ 88.3532, 27.39 ], [ 88.3428, 27.4142 ], [ 88.274, 27.4059 ], [ 88.2661, 27.5037 ], [ 88.3504, 27.5214 ], [ 88.4315, 27.3999 ], [ 88.481, 27.3784 ] ] ] } },
{ "type": "Feature", "properties": { "state": "Sikkim", "district": "West Sikkim" }, "geometry": { "type": "Polygon", "coordinates": [ [ [ 88.1169, 27.614 ], [ 88.2763, 27.513 ], [ 88.274, 27.4059 ], [ 88.3525, 27.3994 ], [ 88.2741, 27.2864 ], [ 88.3295, 27.1946 ], [ 88.2781, 27.1308 ], [ 88.1366, 27.1169 ], [ 88.0858, 27.1415 ], [ 88.075, 27.2008 ], [ 88.017, 27.2189 ], [ 88.0692, 27.3356 ], [ 88.0494, 27.4052 ], [ 88.0826, 27.4264 ], [ 88.0463, 27.4958 ], [ 88.1169, 27.614 ] ] ] } },
{ "type": "Feature", "properties": { "state": "Tamil Nadu", "district": "Ariyalur" }, "geometry": { "type": "Polygon", "coordinates": [ [ [ 79.3911, 11.0588 ], [ 79.0188, 10.8695 ], [ 78.9231, 10.9451 ], [ 78.9618, 10.9526 ], [ 78.9988, 10.995 ], [ 78.9947, 11.0464 ], [ 79.0537, 11.0925 ], [ 79.0522, 11.1909 ], [ 79.0805, 11.185 ], [ 79.1081, 11.2348 ], [ 79.1371, 11.3507 ], [ 79.3544, 11.4053 ], [ 79.3792, 11.3406 ], [ 79.4108, 11.351 ], [ 79.4843, 11.2981 ], [ 79.4976, 11.2118 ], [ 79.3911, 11.0588 ] ] ] } },
{ "type": "Feature", "properties": { "state": "Tamil Nadu", "district": "Chennai" }, "geometry": { "type": "Polygon", "coordinates": [ [ [ 80.2624, 12.9545 ], [ 80.1922, 12.9643 ], [ 80.1979, 13.0117 ], [ 80.1729, 13.0186 ], [ 80.1801, 13.0904 ], [ 80.24, 13.1335 ], [ 80.2979, 13.1265 ], [ 80.2624, 12.9545 ] ] ] } },
{ "type": "Feature", "properties": { "state": "Tamil Nadu", "district": "Coimbatore" }, "geometry": { "type": "Polygon", "coordinates": [ [ [ 77.0734, 10.2958 ], [ 76.9708, 10.2087 ], [ 76.8197, 10.2952 ], [ 76.8297, 10.5851 ], [ 76.805, 10.6263 ], [ 76.8726, 10.6294 ], [ 76.8555, 10.6753 ], [ 76.8975, 10.7708 ], [ 76.8176, 10.8618 ], [ 76.6474, 10.929 ], [ 76.7065, 11.0314 ], [ 76.7818, 11.029 ], [ 76.7934, 11.047 ], [ 76.7371, 11.0475 ], [ 76.7387, 11.1213 ], [ 76.686, 11.1577 ], [ 76.7265, 11.2065 ], [ 76.6917, 11.2472 ], [ 76.8457, 11.2838 ], [ 76.8411, 11.3305 ], [ 76.882, 11.3565 ], [ 77.0051, 11.359 ], [ 77.0981, 11.3968 ], [ 77.1289, 11.3266 ], [ 77.0359, 11.3128 ], [ 76.9942, 11.1786 ], [ 77.089, 11.0942 ], [ 77.0499, 11.0667 ], [ 77.0259, 10.9731 ], [ 77.0585, 10.9185 ], [ 77.0291, 10.8671 ], [ 77.1091, 10.8771 ], [ 77.1589, 10.8006 ], [ 77.1208, 10.7433 ], [ 77.1327, 10.6515 ], [ 77.169, 10.6345 ], [ 77.1548, 10.5825 ], [ 77.0754, 10.5747 ], [ 77.0628, 10.452 ], [ 77.0299, 10.4136 ], [ 77.0761, 10.3621 ], [ 77.0734, 10.2958 ] ] ] } },
{ "type": "Feature", "properties": { "state": "Tamil Nadu", "district": "Cuddalore" }, "geometry": { "type": "Polygon", "coordinates": [ [ [ 79.4494, 11.1489 ], [ 79.4976, 11.2118 ], [ 79.4851, 11.2966 ], [ 79.4108, 11.351 ], [ 79.3792, 11.3406 ], [ 79.3544, 11.4053 ], [ 79.2792, 11.3983 ], [ 79.2832, 11.367 ], [ 79.2292, 11.3559 ], [ 79.2185, 11.3783 ], [ 79.1614, 11.3599 ], [ 78.95, 11.3881 ], [ 78.861, 11.4924 ], [ 78.8903, 11.4896 ], [ 78.9088, 11.5519 ], [ 79.0637, 11.5843 ], [ 79.0556, 11.6164 ], [ 79.1699, 11.5724 ], [ 79.2349, 11.6366 ], [ 79.2956, 11.6195 ], [ 79.3678, 11.665 ], [ 79.4298, 11.6501 ], [ 79.4141, 11.7164 ], [ 79.451, 11.753 ], [ 79.4166, 11.7621 ], [ 79.4283, 11.794 ], [ 79.4695, 11.7931 ], [ 79.4409, 11.8562 ], [ 79.6317, 11.7833 ], [ 79.6876, 11.8168 ], [ 79.6732, 11.87 ], [ 79.7278, 11.8323 ], [ 79.7498, 11.8605 ], [ 79.7521, 11.8245 ], [ 79.7818, 11.8403 ], [ 79.8007, 11.8076 ], [ 79.7571, 11.5638 ], [ 79.814, 11.4191 ], [ 79.7805, 11.3586 ], [ 79.7493, 11.3653 ], [ 79.7443, 11.3363 ], [ 79.6363, 11.2849 ], [ 79.6328, 11.235 ], [ 79.4494, 11.1489 ] ] ] } },
{ "type": "Feature", "properties": { "state": "Tamil Nadu", "district": "Dharmapuri" }, "geometry": { "type": "Polygon", "coordinates": [ [ [ 78.2689, 12.2538 ], [ 78.3915, 12.2111 ], [ 78.3638, 12.1824 ], [ 78.4322, 12.1788 ], [ 78.4797, 12.1286 ], [ 78.5612, 12.1814 ], [ 78.5727, 12.1515 ], [ 78.6067, 12.171 ], [ 78.6364, 12.15 ], [ 78.6201, 12.1178 ], [ 78.6508, 12.0907 ], [ 78.7274, 12.1221 ], [ 78.6851, 11.9765 ], [ 78.6928, 11.8785 ], [ 78.6229, 11.872 ], [ 78.5825, 11.8068 ], [ 78.529, 11.7888 ], [ 78.4409, 11.8125 ], [ 78.393, 11.8613 ], [ 78.3161, 11.7608 ], [ 78.3474, 11.8926 ], [ 78.2977, 11.8654 ], [ 78.3147, 11.914 ], [ 78.2694, 11.8838 ], [ 78.2801, 11.9162 ], [ 78.2264, 11.9015 ], [ 78.2228, 11.9642 ], [ 77.9617, 11.8823 ], [ 77.8547, 11.9031 ], [ 77.8351, 11.883 ], [ 77.6647, 11.9397 ], [ 77.7684, 12.1056 ], [ 77.7391, 12.1479 ], [ 77.7854, 12.1366 ], [ 77.805, 12.2231 ], [ 77.8574, 12.2549 ], [ 77.8593, 12.3175 ], [ 77.9415, 12.3259 ], [ 77.9617, 12.4013 ], [ 77.8966, 12.5006 ], [ 77.9292, 12.5072 ], [ 77.9463, 12.472 ], [ 78.0057, 12.4934 ], [ 78.022, 12.4362 ], [ 78.0378, 12.4639 ], [ 78.1049, 12.4393 ], [ 78.1656, 12.3212 ], [ 78.2284, 12.3319 ], [ 78.2149, 12.3062 ], [ 78.2689, 12.2538 ] ] ] } },
{ "type": "Feature", "properties": { "state": "Tamil Nadu", "district": "Dindigul" }, "geometry": { "type": "Polygon", "coordinates": [ [ [ 77.9316, 10.1226 ], [ 77.9041, 10.0634 ], [ 77.7483, 10.045 ], [ 77.7053, 10.0076 ], [ 77.685, 10.0925 ], [ 77.6515, 10.1114 ], [ 77.6581, 10.1341 ], [ 77.7139, 10.1211 ], [ 77.6876, 10.2036 ], [ 77.6498, 10.1785 ], [ 77.6077, 10.2052 ], [ 77.5535, 10.1696 ], [ 77.5327, 10.1931 ], [ 77.4498, 10.1179 ], [ 77.3799, 10.1493 ], [ 77.2602, 10.1078 ], [ 77.2829, 10.2417 ], [ 77.3363, 10.2665 ], [ 77.2999, 10.3528 ], [ 77.311, 10.4404 ], [ 77.3711, 10.4399 ], [ 77.3914, 10.5127 ], [ 77.3542, 10.5339 ], [ 77.404, 10.6157 ], [ 77.468, 10.6394 ], [ 77.526, 10.597 ], [ 77.5714, 10.6723 ], [ 77.6419, 10.6635 ], [ 77.6756, 10.7233 ], [ 77.7095, 10.6198 ], [ 77.7747, 10.674 ], [ 77.8164, 10.6211 ], [ 77.9647, 10.6269 ], [ 77.9568, 10.6588 ], [ 77.9926, 10.6629 ], [ 78.0016, 10.7069 ], [ 77.9177, 10.724 ], [ 77.9251, 10.7548 ], [ 78.0832, 10.7534 ], [ 78.0916, 10.7938 ], [ 78.1708, 10.8199 ], [ 78.1323, 10.6711 ], [ 78.1506, 10.6024 ], [ 78.1183, 10.5618 ], [ 78.1824, 10.5352 ], [ 78.1561, 10.4904 ], [ 78.1921, 10.4605 ], [ 78.2988, 10.4265 ], [ 78.2619, 10.3692 ], [ 78.3212, 10.3138 ], [ 78.3122, 10.2139 ], [ 78.2409, 10.1547 ], [ 78.2673, 10.1364 ], [ 78.2428, 10.0738 ], [ 78.1952, 10.0529 ], [ 78.1052, 10.1776 ], [ 77.9316, 10.1226 ] ] ] } },
{ "type": "Feature", "properties": { "state": "Tamil Nadu", "district": "Erode" }, "geometry": { "type": "Polygon", "coordinates": [ [ [ 77.6314, 11.1049 ], [ 77.3767, 11.1115 ], [ 77.3929, 11.189 ], [ 77.3613, 11.2128 ], [ 77.3528, 11.3064 ], [ 77.3204, 11.3051 ], [ 77.3199, 11.2456 ], [ 77.2739, 11.2795 ], [ 77.2723, 11.3308 ], [ 77.23, 11.2923 ], [ 77.1886, 11.2923 ], [ 77.2228, 11.3047 ], [ 77.2135, 11.341 ], [ 77.155, 11.3047 ], [ 77.0981, 11.3968 ], [ 77.0051, 11.359 ], [ 76.9539, 11.3744 ], [ 76.974, 11.4295 ], [ 77.0036, 11.4284 ], [ 76.9972, 11.5353 ], [ 76.8373, 11.5745 ], [ 76.8285, 11.6441 ], [ 76.8934, 11.7773 ], [ 76.9596, 11.7652 ], [ 77.0044, 11.803 ], [ 77.1093, 11.7128 ], [ 77.1028, 11.7631 ], [ 77.2417, 11.8025 ], [ 77.4193, 11.7507 ], [ 77.4844, 11.9324 ], [ 77.6647, 11.9397 ], [ 77.6737, 11.8648 ], [ 77.6384, 11.8046 ], [ 77.7109, 11.7823 ], [ 77.68, 11.6353 ], [ 77.7644, 11.6832 ], [ 77.6722, 11.4038 ], [ 77.7954, 11.2545 ], [ 77.8491, 11.2341 ], [ 77.8755, 11.0715 ], [ 77.9185, 11.0568 ], [ 77.8527, 11.011 ], [ 77.8004, 11.0572 ], [ 77.7629, 11.0441 ], [ 77.6314, 11.1049 ] ] ] } },
{ "type": "Feature", "properties": { "state": "Tamil Nadu", "district": "Kancheepuram" }, "geometry": { "type": "MultiPolygon", "coordinates": [ [ [ [ 79.9624, 12.2223 ], [ 79.9621, 12.2226 ], [ 79.9629, 12.2226 ], [ 79.9624, 12.2223 ] ] ], [ [ [ 79.9635, 12.2235 ], [ 79.9641, 12.2234 ], [ 79.9635, 12.2229 ], [ 79.9635, 12.2235 ] ] ], [ [ [ 79.964, 12.2238 ], [ 79.9643, 12.2237 ], [ 79.9641, 12.2234 ], [ 79.964, 12.2238 ] ] ], [ [ [ 79.9646, 12.2243 ], [ 79.9644, 12.2238 ], [ 79.9643, 12.2243 ], [ 79.9646, 12.2243 ] ] ], [ [ [ 79.9657, 12.2254 ], [ 79.966, 12.2254 ], [ 79.9657, 12.2251 ], [ 79.9657, 12.2254 ] ] ], [ [ [ 79.9661, 12.2256 ], [ 79.966, 12.2254 ], [ 79.9663, 12.2257 ], [ 79.9661, 12.2256 ] ] ], [ [ [ 79.9874, 12.2501 ], [ 79.9918, 12.2507 ], [ 79.9851, 12.2451 ], [ 79.9874, 12.2501 ] ] ], [ [ [ 79.9949, 12.2493 ], [ 79.9949, 12.2499 ], [ 79.995, 12.2499 ], [ 79.9949, 12.2493 ] ] ], [ [ [ 80.0507, 12.326 ], [ 80.064, 12.3499 ], [ 80.0582, 12.3674 ], [ 80.0104, 12.3282 ], [ 80.0632, 12.3513 ], [ 80.0093, 12.2565 ], [ 80.0115, 12.2726 ], [ 79.9463, 12.2191 ], [ 79.8896, 12.2143 ], [ 79.7849, 12.3222 ], [ 79.6372, 12.3204 ], [ 79.6766, 12.4039 ], [ 79.7255, 12.4194 ], [ 79.7102, 12.4811 ], [ 79.7428, 12.5044 ], [ 79.6935, 12.5576 ], [ 79.712, 12.5741 ], [ 79.6365, 12.5878 ], [ 79.623, 12.6312 ], [ 79.7316, 12.6801 ], [ 79.7021, 12.7133 ], [ 79.733, 12.7294 ], [ 79.6653, 12.7777 ], [ 79.6432, 12.7506 ], [ 79.6267, 12.8032 ], [ 79.5466, 12.8608 ], [ 79.7853, 13.0134 ], [ 79.8107, 12.95 ], [ 79.8812, 12.933 ], [ 79.9025, 12.9635 ], [ 79.8832, 12.9813 ], [ 79.9299, 12.9895 ], [ 79.8909, 13.0015 ], [ 79.8899, 13.0374 ], [ 79.932, 13.0199 ], [ 79.975, 13.0434 ], [ 79.9774, 13.0178 ], [ 80.0004, 13.118 ], [ 80.0655, 13.1289 ], [ 80.1052, 13.1106 ], [ 80.1338, 13.0163 ], [ 80.1979, 13.0117 ], [ 80.2035, 12.9542 ], [ 80.2624, 12.9545 ], [ 80.2479, 12.8052 ], [ 80.2326, 12.8463 ], [ 80.254, 12.779 ], [ 80.1854, 12.5776 ], [ 80.1815, 12.6099 ], [ 80.1649, 12.6037 ], [ 80.1846, 12.5746 ], [ 80.1574, 12.4712 ], [ 80.0507, 12.326 ] ] ] ] } },
{ "type": "Feature", "properties": { "state": "Tamil Nadu", "district": "Kanniyakumari" }, "geometry": { "type": "MultiPolygon", "coordinates": [ [ [ [ 77.5563, 8.0788 ], [ 77.5532, 8.0774 ], [ 77.5535, 8.0788 ], [ 77.5563, 8.0788 ] ] ], [ [ [ 77.5254, 8.2341 ], [ 77.5195, 8.1581 ], [ 77.5751, 8.1343 ], [ 77.551, 8.0765 ], [ 77.316, 8.121 ], [ 77.0907, 8.2974 ], [ 77.1597, 8.3125 ], [ 77.1348, 8.3785 ], [ 77.2095, 8.4377 ], [ 77.1865, 8.4934 ], [ 77.2475, 8.5014 ], [ 77.2515, 8.571 ], [ 77.4228, 8.4949 ], [ 77.4583, 8.3869 ], [ 77.5193, 8.3786 ], [ 77.512, 8.3095 ], [ 77.5569, 8.2398 ], [ 77.5254, 8.2341 ] ] ] ] } },
{ "type": "Feature", "properties": { "state": "Tamil Nadu", "district": "Karur" }, "geometry": { "type": "Polygon", "coordinates": [ [ [ 78.2426, 10.5626 ], [ 78.1183, 10.5618 ], [ 78.1506, 10.6024 ], [ 78.1313, 10.6597 ], [ 78.1619, 10.8224 ], [ 78.0916, 10.7938 ], [ 78.0832, 10.7534 ], [ 77.9251, 10.7548 ], [ 77.9177, 10.724 ], [ 78.0016, 10.7069 ], [ 77.9926, 10.6629 ], [ 77.9568, 10.6588 ], [ 77.9647, 10.6269 ], [ 77.7992, 10.6369 ], [ 77.8103, 10.7399 ], [ 77.7545, 10.7552 ], [ 77.7623, 10.7787 ], [ 77.8768, 10.7712 ], [ 77.8547, 10.8288 ], [ 77.8158, 10.824 ], [ 77.7466, 10.8893 ], [ 77.766, 11.05 ], [ 77.8046, 11.0554 ], [ 77.8527, 11.011 ], [ 77.9863, 11.0824 ], [ 78.0756, 11.0656 ], [ 78.1844, 10.9478 ], [ 78.3673, 10.9528 ], [ 78.4621, 10.896 ], [ 78.4538, 10.8732 ], [ 78.5616, 10.8381 ], [ 78.5609, 10.7959 ], [ 78.5302, 10.785 ], [ 78.5514, 10.7244 ], [ 78.4981, 10.68 ], [ 78.4004, 10.6605 ], [ 78.3621, 10.7133 ], [ 78.2787, 10.6907 ], [ 78.2675, 10.7327 ], [ 78.2426, 10.5626 ] ] ] } },
{ "type": "Feature", "properties": { "state": "Tamil Nadu", "district": "Krishnagiri" }, "geometry": { "type": "Polygon", "coordinates": [ [ [ 78.612, 12.1695 ], [ 78.5039, 12.1652 ], [ 78.4849, 12.1285 ], [ 78.4322, 12.1788 ], [ 78.3796, 12.1733 ], [ 78.3915, 12.2111 ], [ 78.3436, 12.2134 ], [ 78.3187, 12.2533 ], [ 78.2573, 12.2496 ], [ 78.2149, 12.3062 ], [ 78.2284, 12.3319 ], [ 78.1656, 12.3212 ], [ 78.1049, 12.4393 ], [ 78.0378, 12.4639 ], [ 78.022, 12.4362 ], [ 78.0057, 12.4934 ], [ 77.9463, 12.472 ], [ 77.9292, 12.5072 ], [ 77.8815, 12.491 ], [ 77.9617, 12.4013 ], [ 77.9415, 12.3259 ], [ 77.8593, 12.3175 ], [ 77.8574, 12.2549 ], [ 77.805, 12.2231 ], [ 77.7854, 12.1366 ], [ 77.6554, 12.1877 ], [ 77.4825, 12.1901 ], [ 77.4635, 12.244 ], [ 77.6063, 12.3603 ], [ 77.6252, 12.4773 ], [ 77.5754, 12.4684 ], [ 77.6064, 12.4998 ], [ 77.5701, 12.5579 ], [ 77.5903, 12.6575 ], [ 77.7314, 12.664 ], [ 77.7995, 12.7869 ], [ 77.7849, 12.8338 ], [ 77.9177, 12.8784 ], [ 77.9105, 12.8197 ], [ 77.9456, 12.8493 ], [ 78.0015, 12.7954 ], [ 78.0149, 12.8459 ], [ 78.0467, 12.8424 ], [ 78.1207, 12.77 ], [ 78.2206, 12.7526 ], [ 78.2272, 12.7152 ], [ 78.1898, 12.6813 ], [ 78.2644, 12.6918 ], [ 78.2905, 12.6529 ], [ 78.3975, 12.6136 ], [ 78.4053, 12.4752 ], [ 78.4428, 12.4181 ], [ 78.4243, 12.3822 ], [ 78.5037, 12.3934 ], [ 78.6055, 12.3347 ], [ 78.5771, 12.3007 ], [ 78.5922, 12.2549 ], [ 78.6307, 12.2705 ], [ 78.6595, 12.2123 ], [ 78.612, 12.1695 ] ] ] } },
{ "type": "Feature", "properties": { "state": "Tamil Nadu", "district": "Madurai" }, "geometry": { "type": "Polygon", "coordinates": [ [ [ 78.092, 9.7736 ], [ 78.0661, 9.6509 ], [ 78.0235, 9.6653 ], [ 77.9979, 9.6282 ], [ 77.7592, 9.63 ], [ 77.746, 9.6733 ], [ 77.6944, 9.6936 ], [ 77.6527, 9.6666 ], [ 77.6142, 9.6965 ], [ 77.5112, 9.6382 ], [ 77.4777, 9.5626 ], [ 77.448, 9.5693 ], [ 77.6024, 9.797 ], [ 77.6824, 10.0027 ], [ 77.7483, 10.045 ], [ 77.9041, 10.0634 ], [ 77.9367, 10.1293 ], [ 78.1052, 10.1776 ], [ 78.1952, 10.0529 ], [ 78.2428, 10.0738 ], [ 78.2673, 10.1364 ], [ 78.2393, 10.151 ], [ 78.3122, 10.2139 ], [ 78.3175, 10.288 ], [ 78.364, 10.2971 ], [ 78.3696, 10.2576 ], [ 78.407, 10.2562 ], [ 78.3782, 10.2296 ], [ 78.3868, 10.1248 ], [ 78.4544, 10.1027 ], [ 78.4118, 10.0399 ], [ 78.4405, 9.9556 ], [ 78.3601, 9.9506 ], [ 78.3558, 9.9206 ], [ 78.302, 9.9111 ], [ 78.2958, 9.8532 ], [ 78.2361, 9.8606 ], [ 78.2423, 9.8223 ], [ 78.1382, 9.8615 ], [ 78.1149, 9.8015 ], [ 78.1639, 9.8102 ], [ 78.1618, 9.7616 ], [ 78.1259, 9.7945 ], [ 78.1227, 9.7494 ], [ 78.092, 9.7736 ] ] ] } },
{ "type": "Feature", "properties": { "state": "Tamil Nadu", "district": "Nagappattinam" }, "geometry": { "type": "MultiPolygon", "coordinates": [ [ [ [ 79.8512, 10.8138 ], [ 79.8671, 10.2863 ], [ 79.8357, 10.2754 ], [ 79.7443, 10.2749 ], [ 79.7868, 10.2835 ], [ 79.7571, 10.3121 ], [ 79.7699, 10.3032 ], [ 79.7785, 10.3024 ], [ 79.7613, 10.3132 ], [ 79.7301, 10.311 ], [ 79.7104, 10.3252 ], [ 79.637, 10.3182 ], [ 79.6486, 10.442 ], [ 79.7194, 10.5173 ], [ 79.6841, 10.6161 ], [ 79.7469, 10.6334 ], [ 79.7155, 10.6566 ], [ 79.7515, 10.6744 ], [ 79.7408, 10.7633 ], [ 79.7965, 10.793 ], [ 79.7528, 10.8187 ], [ 79.7161, 10.7862 ], [ 79.7104, 10.8123 ], [ 79.6629, 10.8001 ], [ 79.6419, 10.8227 ], [ 79.6774, 10.9046 ], [ 79.7732, 10.8896 ], [ 79.8114, 10.8644 ], [ 79.7896, 10.8618 ], [ 79.8133, 10.8141 ], [ 79.8512, 10.8138 ] ] ], [ [ [ 79.8549, 10.976 ], [ 79.7834, 10.9673 ], [ 79.6336, 10.9981 ], [ 79.6167, 10.9625 ], [ 79.5105, 10.9428 ], [ 79.4931, 10.9689 ], [ 79.532, 10.9857 ], [ 79.4987, 11.0254 ], [ 79.5574, 11.1304 ], [ 79.5071, 11.1663 ], [ 79.6328, 11.235 ], [ 79.6363, 11.2849 ], [ 79.7443, 11.3363 ], [ 79.7493, 11.3653 ], [ 79.7805, 11.3586 ], [ 79.814, 11.4191 ], [ 79.8468, 11.2451 ], [ 79.8046, 11.2363 ], [ 79.8401, 11.229 ], [ 79.8476, 11.2429 ], [ 79.859, 11.1399 ], [ 79.8549, 10.976 ] ] ], [ [ [ 79.8373, 11.2332 ], [ 79.8399, 11.236 ], [ 79.8421, 11.234 ], [ 79.8373, 11.2332 ] ] ], [ [ [ 79.8279, 11.2357 ], [ 79.8246, 11.2368 ], [ 79.8282, 11.2368 ], [ 79.8279, 11.2357 ] ] ] ] } },
{ "type": "Feature", "properties": { "state": "Tamil Nadu", "district": "Namakkal" }, "geometry": { "type": "Polygon", "coordinates": [ [ [ 78.0756, 11.0656 ], [ 77.8755, 11.0715 ], [ 77.8491, 11.2341 ], [ 77.7954, 11.2545 ], [ 77.6722, 11.4038 ], [ 77.6839, 11.4484 ], [ 77.8176, 11.4543 ], [ 77.811, 11.4298 ], [ 77.8607, 11.3984 ], [ 77.9593, 11.4551 ], [ 77.9689, 11.5158 ], [ 78.0449, 11.5009 ], [ 78.0707, 11.5408 ], [ 78.1461, 11.5243 ], [ 78.2919, 11.574 ], [ 78.3179, 11.5188 ], [ 78.3615, 11.5728 ], [ 78.4384, 11.5817 ], [ 78.4582, 11.5038 ], [ 78.4125, 11.4575 ], [ 78.4433, 11.4247 ], [ 78.4139, 11.3719 ], [ 78.4725, 11.388 ], [ 78.4065, 11.1986 ], [ 78.3114, 11.086 ], [ 78.3479, 11.0509 ], [ 78.33, 11.0128 ], [ 78.226, 11.0809 ], [ 78.2134, 11.0409 ], [ 78.1557, 11.0421 ], [ 78.1842, 11.0157 ], [ 78.154, 10.9997 ], [ 78.0756, 11.0656 ] ] ] } },
{ "type": "Feature", "properties": { "state": "Tamil Nadu", "district": "Perambalur" }, "geometry": { "type": "Polygon", "coordinates": [ [ [ 79.1545, 11.364 ], [ 79.0805, 11.185 ], [ 79.0522, 11.1909 ], [ 79.0537, 11.0925 ], [ 79.0054, 11.0476 ], [ 78.8736, 11.0886 ], [ 78.7933, 11.0669 ], [ 78.7954, 11.0991 ], [ 78.7467, 11.1089 ], [ 78.697, 11.041 ], [ 78.638, 11.1546 ], [ 78.6863, 11.18 ], [ 78.7364, 11.2719 ], [ 78.7179, 11.3086 ], [ 78.6181, 11.3194 ], [ 78.6744, 11.3638 ], [ 78.6453, 11.3654 ], [ 78.6371, 11.4074 ], [ 78.7018, 11.4413 ], [ 78.7838, 11.3707 ], [ 78.8074, 11.4126 ], [ 78.7852, 11.467 ], [ 78.8442, 11.5064 ], [ 78.95, 11.3881 ], [ 79.1545, 11.364 ] ] ] } },
{ "type": "Feature", "properties": { "state": "Tamil Nadu", "district": "Pudukkottai" }, "geometry": { "type": "Polygon", "coordinates": [ [ [ 78.9952, 9.9692 ], [ 78.9054, 10.0307 ], [ 78.9317, 10.0749 ], [ 78.9683, 10.0746 ], [ 78.954, 10.1069 ], [ 78.9103, 10.1008 ], [ 78.8834, 10.1412 ], [ 78.8288, 10.1116 ], [ 78.7931, 10.1982 ], [ 78.7537, 10.1847 ], [ 78.7502, 10.1511 ], [ 78.6906, 10.1607 ], [ 78.6652, 10.1337 ], [ 78.6297, 10.2452 ], [ 78.5639, 10.2721 ], [ 78.5031, 10.2211 ], [ 78.4999, 10.1775 ], [ 78.4555, 10.1911 ], [ 78.4691, 10.2394 ], [ 78.4344, 10.2411 ], [ 78.4978, 10.2528 ], [ 78.4803, 10.3488 ], [ 78.5101, 10.3685 ], [ 78.5047, 10.4176 ], [ 78.5474, 10.4143 ], [ 78.5728, 10.452 ], [ 78.5659, 10.5082 ], [ 78.5229, 10.5169 ], [ 78.4881, 10.4703 ], [ 78.4485, 10.53 ], [ 78.4348, 10.5929 ], [ 78.4681, 10.6252 ], [ 78.5123, 10.615 ], [ 78.5097, 10.6609 ], [ 78.5795, 10.6441 ], [ 78.6211, 10.6942 ], [ 78.647, 10.6411 ], [ 78.6789, 10.7195 ], [ 78.7262, 10.6951 ], [ 78.7325, 10.628 ], [ 78.8549, 10.6928 ], [ 78.9494, 10.6393 ], [ 78.9832, 10.7089 ], [ 79.0162, 10.6827 ], [ 79.0013, 10.6609 ], [ 79.0528, 10.6586 ], [ 79.0539, 10.6225 ], [ 79.0882, 10.6003 ], [ 79.1109, 10.6195 ], [ 79.1263, 10.572 ], [ 79.1741, 10.5637 ], [ 79.1129, 10.4802 ], [ 79.1778, 10.4478 ], [ 79.1115, 10.4187 ], [ 79.1373, 10.3849 ], [ 79.0992, 10.2228 ], [ 79.1701, 10.1911 ], [ 79.1347, 10.183 ], [ 79.1352, 10.1477 ], [ 79.2371, 10.1287 ], [ 79.2674, 10.0379 ], [ 79.0962, 9.8313 ], [ 79.0273, 9.846 ], [ 78.9719, 9.9316 ], [ 78.9952, 9.9692 ] ] ] } },
{ "type": "Feature", "properties": { "state": "Tamil Nadu", "district": "Ramanathapuram" }, "geometry": { "type": "MultiPolygon", "coordinates": [ [ [ [ 78.3632, 9.0853 ], [ 78.3629, 9.0854 ], [ 78.3632, 9.0854 ], [ 78.3632, 9.0853 ] ] ], [ [ [ 78.4879, 9.0901 ], [ 78.4951, 9.0907 ], [ 78.4932, 9.0857 ], [ 78.4879, 9.0901 ] ] ], [ [ [ 78.5382, 9.1029 ], [ 78.5349, 9.1024 ], [ 78.5382, 9.106 ], [ 78.5382, 9.1029 ] ] ], [ [ [ 78.5801, 9.1035 ], [ 78.579, 9.1124 ], [ 78.5865, 9.1093 ], [ 78.5801, 9.1035 ] ] ], [ [ [ 78.4879, 9.1349 ], [ 78.4865, 9.1307 ], [ 78.4846, 9.1313 ], [ 78.4879, 9.1349 ] ] ], [ [ [ 78.6937, 9.151 ], [ 78.6963, 9.1551 ], [ 78.6965, 9.1513 ], [ 78.6937, 9.151 ] ] ], [ [ [ 78.7299, 9.1563 ], [ 78.7318, 9.1513 ], [ 78.729, 9.1521 ], [ 78.7299, 9.1563 ] ] ], [ [ [ 78.8149, 9.1579 ], [ 78.8254, 9.1662 ], [ 78.8274, 9.1713 ], [ 78.8149, 9.1579 ] ] ], [ [ [ 78.9315, 9.1815 ], [ 78.9049, 9.1835 ], [ 78.9415, 9.1854 ], [ 78.9315, 9.1815 ] ] ], [ [ [ 78.9654, 9.1887 ], [ 78.971, 9.1857 ], [ 78.9674, 9.184 ], [ 78.9654, 9.1887 ] ] ], [ [ [ 79.0701, 9.2082 ], [ 79.0851, 9.1918 ], [ 79.0582, 9.1971 ], [ 79.0701, 9.2082 ] ] ], [ [ [ 79.121, 9.216 ], [ 79.1243, 9.2179 ], [ 79.136, 9.2149 ], [ 79.121, 9.216 ] ] ], [ [ [ 78.6663, 9.1951 ], [ 78.6574, 9.1576 ], [ 78.5782, 9.1313 ], [ 78.484, 9.1279 ], [ 78.489, 9.1329 ], [ 78.4887, 9.1501 ], [ 78.3406, 9.0861 ], [ 78.2566, 9.1294 ], [ 78.2797, 9.1916 ], [ 78.2532, 9.1903 ], [ 78.2539, 9.2204 ], [ 78.2636, 9.2634 ], [ 78.3587, 9.2647 ], [ 78.3574, 9.3061 ], [ 78.2777, 9.3769 ], [ 78.2261, 9.3653 ], [ 78.2013, 9.4326 ], [ 78.337, 9.4484 ], [ 78.3084, 9.5063 ], [ 78.3655, 9.504 ], [ 78.35, 9.5596 ], [ 78.4233, 9.6046 ], [ 78.6424, 9.5057 ], [ 78.6596, 9.5853 ], [ 78.801, 9.58 ], [ 78.7664, 9.6376 ], [ 78.7785, 9.6923 ], [ 78.7058, 9.6963 ], [ 78.6824, 9.7347 ], [ 78.7172, 9.7551 ], [ 78.6896, 9.8655 ], [ 78.8023, 9.8643 ], [ 78.793, 9.7926 ], [ 78.8287, 9.7826 ], [ 78.8108, 9.7082 ], [ 78.8817, 9.7701 ], [ 78.8643, 9.868 ], [ 78.9719, 9.9316 ], [ 79.0273, 9.846 ], [ 79.0962, 9.8313 ], [ 78.9349, 9.6082 ], [ 78.9001, 9.4704 ], [ 79.0474, 9.3096 ], [ 79.1907, 9.2818 ], [ 78.8349, 9.2451 ], [ 78.8301, 9.2543 ], [ 78.8346, 9.2643 ], [ 78.8326, 9.2688 ], [ 78.8288, 9.2549 ], [ 78.8324, 9.2432 ], [ 78.7185, 9.1901 ], [ 78.6663, 9.1951 ] ] ], [ [ [ 79.1407, 9.2149 ], [ 79.1415, 9.2132 ], [ 79.1385, 9.2124 ], [ 79.1407, 9.2149 ] ] ], [ [ [ 79.1804, 9.2485 ], [ 79.2012, 9.2407 ], [ 79.2015, 9.234 ], [ 79.1821, 9.2393 ], [ 79.1787, 9.2435 ], [ 79.1804, 9.2485 ] ] ], [ [ [ 79.2346, 9.2396 ], [ 79.2382, 9.2443 ], [ 79.2393, 9.241 ], [ 79.2346, 9.2396 ] ] ], [ [ [ 79.3101, 9.3285 ], [ 79.326, 9.2618 ], [ 79.4399, 9.1582 ], [ 79.2043, 9.2774 ], [ 79.3101, 9.3285 ] ] ], [ [ [ 79.201, 9.2413 ], [ 79.2149, 9.251 ], [ 79.2221, 9.2471 ], [ 79.201, 9.2413 ] ] ], [ [ [ 79.5293, 9.384 ], [ 79.5292, 9.3841 ], [ 79.5293, 9.3842 ], [ 79.5293, 9.384 ] ] ], [ [ [ 79.53, 9.3857 ], [ 79.5301, 9.386 ], [ 79.5301, 9.3857 ], [ 79.53, 9.3857 ] ] ], [ [ [ 79.5301, 9.3866 ], [ 79.5304, 9.386 ], [ 79.5301, 9.386 ], [ 79.5301, 9.3866 ] ] ], [ [ [ 79.5299, 9.3888 ], [ 79.5301, 9.3888 ], [ 79.5301, 9.3883 ], [ 79.5299, 9.3888 ] ] ], [ [ [ 79.5299, 9.3888 ], [ 79.5297, 9.389 ], [ 79.5297, 9.3891 ], [ 79.5299, 9.3888 ] ] ], [ [ [ 79.5293, 9.3893 ], [ 79.5296, 9.3893 ], [ 79.5296, 9.3892 ], [ 79.5293, 9.3893 ] ] ], [ [ [ 79.5286, 9.3899 ], [ 79.5293, 9.3899 ], [ 79.5293, 9.3893 ], [ 79.5286, 9.3899 ] ] ], [ [ [ 79.5287, 9.3901 ], [ 79.5286, 9.3899 ], [ 79.5284, 9.3901 ], [ 79.5287, 9.3901 ] ] ] ] } },
{ "type": "Feature", "properties": { "state": "Tamil Nadu", "district": "Salem" }, "geometry": { "type": "Polygon", "coordinates": [ [ [ 78.478, 11.8026 ], [ 78.5747, 11.8036 ], [ 78.6134, 11.8518 ], [ 78.6811, 11.8336 ], [ 78.6765, 11.7866 ], [ 78.6272, 11.748 ], [ 78.6333, 11.6437 ], [ 78.6648, 11.6276 ], [ 78.676, 11.6709 ], [ 78.7901, 11.6726 ], [ 78.765, 11.5912 ], [ 78.8141, 11.5638 ], [ 78.8014, 11.5332 ], [ 78.8303, 11.507 ], [ 78.7831, 11.4612 ], [ 78.8074, 11.4126 ], [ 78.7838, 11.3707 ], [ 78.7018, 11.4413 ], [ 78.6371, 11.4074 ], [ 78.6286, 11.3302 ], [ 78.5637, 11.3025 ], [ 78.4723, 11.397 ], [ 78.4139, 11.3719 ], [ 78.4433, 11.4247 ], [ 78.4125, 11.4575 ], [ 78.4582, 11.5038 ], [ 78.4384, 11.5817 ], [ 78.3615, 11.5728 ], [ 78.3179, 11.5188 ], [ 78.2919, 11.574 ], [ 78.1461, 11.5243 ], [ 78.0707, 11.5408 ], [ 78.0449, 11.5009 ], [ 77.9689, 11.5158 ], [ 77.9593, 11.4551 ], [ 77.8607, 11.3984 ], [ 77.811, 11.4298 ], [ 77.8176, 11.4543 ], [ 77.6839, 11.4484 ], [ 77.7644, 11.6832 ], [ 77.68, 11.6353 ], [ 77.7109, 11.7823 ], [ 77.6384, 11.8046 ], [ 77.6737, 11.8648 ], [ 77.6647, 11.9397 ], [ 77.8351, 11.883 ], [ 77.8547, 11.9031 ], [ 77.9617, 11.8823 ], [ 78.2228, 11.9642 ], [ 78.2264, 11.9015 ], [ 78.2801, 11.9162 ], [ 78.2694, 11.8838 ], [ 78.3147, 11.914 ], [ 78.2977, 11.8654 ], [ 78.3474, 11.8926 ], [ 78.3009, 11.7681 ], [ 78.4038, 11.8644 ], [ 78.478, 11.8026 ] ] ] } },
{ "type": "Feature", "properties": { "state": "Tamil Nadu", "district": "Sivaganga" }, "geometry": { "type": "Polygon", "coordinates": [ [ [ 78.7672, 9.5705 ], [ 78.6596, 9.5853 ], [ 78.6424, 9.5057 ], [ 78.4457, 9.6092 ], [ 78.4, 9.5838 ], [ 78.3747, 9.637 ], [ 78.3207, 9.6508 ], [ 78.3209, 9.6904 ], [ 78.2709, 9.7066 ], [ 78.2793, 9.7487 ], [ 78.15, 9.7367 ], [ 78.1259, 9.7945 ], [ 78.1593, 9.7592 ], [ 78.1757, 9.7953 ], [ 78.1149, 9.8015 ], [ 78.1382, 9.8615 ], [ 78.2423, 9.8223 ], [ 78.2361, 9.8606 ], [ 78.2958, 9.8532 ], [ 78.302, 9.9111 ], [ 78.3558, 9.9206 ], [ 78.3601, 9.9506 ], [ 78.4405, 9.9556 ], [ 78.4118, 10.0399 ], [ 78.4544, 10.1027 ], [ 78.3868, 10.1248 ], [ 78.3782, 10.2296 ], [ 78.407, 10.2562 ], [ 78.3644, 10.2792 ], [ 78.3765, 10.342 ], [ 78.4328, 10.362 ], [ 78.4299, 10.3948 ], [ 78.4909, 10.3743 ], [ 78.5056, 10.3135 ], [ 78.4978, 10.2528 ], [ 78.4373, 10.2531 ], [ 78.4383, 10.2294 ], [ 78.4691, 10.2394 ], [ 78.4716, 10.1769 ], [ 78.5639, 10.2721 ], [ 78.6297, 10.2452 ], [ 78.6572, 10.1375 ], [ 78.7502, 10.1511 ], [ 78.7537, 10.1847 ], [ 78.7931, 10.1982 ], [ 78.8288, 10.1116 ], [ 78.8834, 10.1412 ], [ 78.9683, 10.0746 ], [ 78.9317, 10.0749 ], [ 78.9054, 10.0307 ], [ 78.996, 9.9654 ], [ 78.8589, 9.8594 ], [ 78.8699, 9.7428 ], [ 78.8063, 9.711 ], [ 78.8287, 9.7826 ], [ 78.793, 9.7926 ], [ 78.7937, 9.8711 ], [ 78.6896, 9.8655 ], [ 78.7172, 9.7551 ], [ 78.6824, 9.7347 ], [ 78.7058, 9.6963 ], [ 78.7785, 9.6923 ], [ 78.7698, 9.6233 ], [ 78.8043, 9.602 ], [ 78.7672, 9.5705 ] ] ] } },
{ "type": "Feature", "properties": { "state": "Tamil Nadu", "district": "Thanjavur" }, "geometry": { "type": "MultiPolygon", "coordinates": [ [ [ [ 79.5149, 10.3211 ], [ 79.5151, 10.321 ], [ 79.5149, 10.321 ], [ 79.5149, 10.3211 ] ] ], [ [ [ 79.5082, 10.3246 ], [ 79.5087, 10.3243 ], [ 79.5082, 10.3243 ], [ 79.5082, 10.3246 ] ] ], [ [ [ 79.4857, 10.3357 ], [ 79.4856, 10.3359 ], [ 79.486, 10.3357 ], [ 79.4857, 10.3357 ] ] ], [ [ [ 79.0992, 10.2228 ], [ 79.1373, 10.3849 ], [ 79.1115, 10.4187 ], [ 79.1778, 10.4478 ], [ 79.1129, 10.4802 ], [ 79.1741, 10.5637 ], [ 79.1263, 10.572 ], [ 79.1109, 10.6195 ], [ 79.0882, 10.6003 ], [ 79.0539, 10.6225 ], [ 79.0528, 10.6586 ], [ 79.0013, 10.6609 ], [ 79.0162, 10.6827 ], [ 78.9832, 10.7089 ], [ 78.9494, 10.6393 ], [ 78.9215, 10.6727 ], [ 78.8918, 10.6577 ], [ 78.8518, 10.7007 ], [ 78.8514, 10.8123 ], [ 78.7622, 10.8188 ], [ 79.1974, 10.9246 ], [ 79.3783, 11.0478 ], [ 79.4433, 11.1347 ], [ 79.5215, 11.1628 ], [ 79.5574, 11.1304 ], [ 79.4987, 11.0254 ], [ 79.532, 10.9857 ], [ 79.4931, 10.9689 ], [ 79.5019, 10.9289 ], [ 79.4684, 10.9033 ], [ 79.491, 10.8807 ], [ 79.447, 10.8469 ], [ 79.314, 10.9034 ], [ 79.2879, 10.8869 ], [ 79.2827, 10.7208 ], [ 79.3001, 10.6457 ], [ 79.3393, 10.6324 ], [ 79.3333, 10.5687 ], [ 79.4367, 10.5417 ], [ 79.4059, 10.5266 ], [ 79.4668, 10.4717 ], [ 79.4336, 10.4161 ], [ 79.4618, 10.3834 ], [ 79.4437, 10.3597 ], [ 79.4897, 10.3477 ], [ 79.4568, 10.3207 ], [ 79.5182, 10.3151 ], [ 79.3476, 10.296 ], [ 79.1999, 10.1245 ], [ 79.1352, 10.1477 ], [ 79.1347, 10.183 ], [ 79.1701, 10.1911 ], [ 79.0992, 10.2228 ] ] ] ] } },
{ "type": "Feature", "properties": { "state": "Tamil Nadu", "district": "The Nilgiris" }, "geometry": { "type": "Polygon", "coordinates": [ [ [ 76.8467, 11.336 ], [ 76.8457, 11.2838 ], [ 76.7634, 11.2797 ], [ 76.7295, 11.2369 ], [ 76.7002, 11.2542 ], [ 76.623, 11.1857 ], [ 76.4876, 11.2028 ], [ 76.4527, 11.1802 ], [ 76.4464, 11.2305 ], [ 76.5402, 11.2923 ], [ 76.5382, 11.3516 ], [ 76.4484, 11.3814 ], [ 76.4104, 11.4336 ], [ 76.2781, 11.4745 ], [ 76.2401, 11.4596 ], [ 76.2257, 11.5644 ], [ 76.271, 11.5929 ], [ 76.2979, 11.5643 ], [ 76.3501, 11.5827 ], [ 76.5042, 11.698 ], [ 76.5601, 11.6101 ], [ 76.7463, 11.6105 ], [ 76.9972, 11.5353 ], [ 77.0019, 11.425 ], [ 76.974, 11.4295 ], [ 76.9736, 11.3918 ], [ 76.9236, 11.3662 ], [ 76.9422, 11.3535 ], [ 76.8467, 11.336 ] ] ] } },
{ "type": "Feature", "properties": { "state": "Tamil Nadu", "district": "Theni" }, "geometry": { "type": "Polygon", "coordinates": [ [ [ 77.1907, 10.0812 ], [ 77.2251, 10.1185 ], [ 77.3799, 10.1493 ], [ 77.4498, 10.1179 ], [ 77.5327, 10.1931 ], [ 77.5535, 10.1696 ], [ 77.6077, 10.2052 ], [ 77.6433, 10.179 ], [ 77.6942, 10.1962 ], [ 77.7139, 10.1211 ], [ 77.6581, 10.1341 ], [ 77.6515, 10.1114 ], [ 77.6976, 10.0347 ], [ 77.6647, 9.9242 ], [ 77.4409, 9.5301 ], [ 77.3707, 9.5087 ], [ 77.3409, 9.5951 ], [ 77.3248, 9.5632 ], [ 77.3043, 9.593 ], [ 77.255, 9.565 ], [ 77.1519, 9.606 ], [ 77.234, 9.7885 ], [ 77.2044, 9.8943 ], [ 77.2614, 9.9637 ], [ 77.1907, 10.0812 ] ] ] } },
{ "type": "Feature", "properties": { "state": "Tamil Nadu", "district": "Thiruvallur" }, "geometry": { "type": "MultiPolygon", "coordinates": [ [ [ [ 79.7213, 13.2722 ], [ 79.9255, 13.3359 ], [ 79.9619, 13.4513 ], [ 80.036, 13.4845 ], [ 79.9941, 13.5296 ], [ 80.0694, 13.5376 ], [ 80.105, 13.5036 ], [ 80.2365, 13.4879 ], [ 80.2685, 13.4174 ], [ 80.3165, 13.4282 ], [ 80.3299, 13.3871 ], [ 80.3243, 13.3707 ], [ 80.329, 13.3665 ], [ 80.3307, 13.3929 ], [ 80.3193, 13.4237 ], [ 80.3262, 13.4299 ], [ 80.3262, 13.4426 ], [ 80.3465, 13.2915 ], [ 80.3007, 13.1324 ], [ 80.1897, 13.1119 ], [ 80.1699, 13.0122 ], [ 80.1161, 13.0369 ], [ 80.0985, 13.1184 ], [ 80.0004, 13.118 ], [ 79.9774, 13.0178 ], [ 79.975, 13.0434 ], [ 79.932, 13.0199 ], [ 79.8899, 13.0374 ], [ 79.8909, 13.0015 ], [ 79.9295, 12.9866 ], [ 79.8832, 12.9813 ], [ 79.9025, 12.9635 ], [ 79.8812, 12.933 ], [ 79.8393, 12.9367 ], [ 79.7738, 13.0394 ], [ 79.7079, 13.0407 ], [ 79.7194, 13.0823 ], [ 79.6888, 13.0869 ], [ 79.7217, 13.1034 ], [ 79.723, 13.1516 ], [ 79.6875, 13.1433 ], [ 79.6876, 13.1747 ], [ 79.6424, 13.1957 ], [ 79.5825, 13.1097 ], [ 79.4699, 13.1257 ], [ 79.4407, 13.0799 ], [ 79.4062, 13.1363 ], [ 79.4044, 13.0707 ], [ 79.3347, 13.0484 ], [ 79.2735, 13.1078 ], [ 79.3079, 13.0969 ], [ 79.3546, 13.1298 ], [ 79.3478, 13.163 ], [ 79.4455, 13.2168 ], [ 79.4108, 13.2122 ], [ 79.425, 13.2813 ], [ 79.3746, 13.303 ], [ 79.4173, 13.322 ], [ 79.5358, 13.3111 ], [ 79.5803, 13.2454 ], [ 79.6685, 13.2819 ], [ 79.6996, 13.2027 ], [ 79.7833, 13.2179 ], [ 79.7213, 13.2722 ] ] ], [ [ [ 80.3215, 13.4346 ], [ 80.3238, 13.4376 ], [ 80.3249, 13.4343 ], [ 80.3215, 13.4346 ] ] ], [ [ [ 80.2849, 13.4526 ], [ 80.2757, 13.4551 ], [ 80.2737, 13.4593 ], [ 80.2849, 13.4526 ] ] ], [ [ [ 80.2268, 13.494 ], [ 80.2271, 13.4907 ], [ 80.224, 13.4901 ], [ 80.2268, 13.494 ] ] ], [ [ [ 80.2304, 13.4907 ], [ 80.2329, 13.494 ], [ 80.2343, 13.4912 ], [ 80.2304, 13.4907 ] ] ], [ [ [ 80.269, 13.5615 ], [ 80.3149, 13.4335 ], [ 80.2643, 13.5601 ], [ 80.269, 13.5615 ] ] ], [ [ [ 80.2665, 13.5104 ], [ 80.2649, 13.5196 ], [ 80.2654, 13.4996 ], [ 80.2665, 13.5104 ] ] ] ] } },
{ "type": "Feature", "properties": { "state": "Tamil Nadu", "district": "Thiruvarur" }, "geometry": { "type": "MultiPolygon", "coordinates": [ [ [ [ 79.6265, 10.299 ], [ 79.6293, 10.2982 ], [ 79.6201, 10.2993 ], [ 79.6265, 10.299 ] ] ], [ [ [ 79.6082, 10.3026 ], [ 79.6065, 10.301 ], [ 79.6057, 10.3024 ], [ 79.6082, 10.3026 ] ] ], [ [ [ 79.624, 10.3088 ], [ 79.6218, 10.3054 ], [ 79.621, 10.3057 ], [ 79.624, 10.3088 ] ] ], [ [ [ 79.616, 10.3082 ], [ 79.621, 10.3079 ], [ 79.6193, 10.3063 ], [ 79.616, 10.3082 ] ] ], [ [ [ 79.6315, 10.3088 ], [ 79.629, 10.3065 ], [ 79.6279, 10.3082 ], [ 79.6315, 10.3088 ] ] ], [ [ [ 79.6057, 10.3104 ], [ 79.6099, 10.3093 ], [ 79.6049, 10.3065 ], [ 79.6057, 10.3104 ] ] ], [ [ [ 79.6276, 10.326 ], [ 79.6326, 10.3326 ], [ 79.6338, 10.3318 ], [ 79.6276, 10.326 ] ] ], [ [ [ 79.6249, 10.3388 ], [ 79.6288, 10.3421 ], [ 79.6282, 10.3368 ], [ 79.6249, 10.3388 ] ] ], [ [ [ 79.7104, 10.8123 ], [ 79.7132, 10.7866 ], [ 79.7319, 10.8184 ], [ 79.7965, 10.793 ], [ 79.7408, 10.7633 ], [ 79.7515, 10.6744 ], [ 79.7155, 10.6566 ], [ 79.7469, 10.6334 ], [ 79.6841, 10.6161 ], [ 79.7194, 10.5173 ], [ 79.6486, 10.442 ], [ 79.637, 10.3182 ], [ 79.6299, 10.3632 ], [ 79.6135, 10.3174 ], [ 79.5507, 10.3135 ], [ 79.5554, 10.3085 ], [ 79.6624, 10.289 ], [ 79.6735, 10.3015 ], [ 79.6818, 10.2901 ], [ 79.739, 10.2774 ], [ 79.5265, 10.3054 ], [ 79.5901, 10.3401 ], [ 79.4954, 10.3187 ], [ 79.4868, 10.3537 ], [ 79.4454, 10.3574 ], [ 79.4618, 10.3834 ], [ 79.4336, 10.4161 ], [ 79.4668, 10.4717 ], [ 79.4059, 10.5266 ], [ 79.4367, 10.5417 ], [ 79.3333, 10.5687 ], [ 79.3393, 10.6324 ], [ 79.3001, 10.6457 ], [ 79.2879, 10.8869 ], [ 79.314, 10.9034 ], [ 79.4499, 10.8473 ], [ 79.491, 10.8807 ], [ 79.4684, 10.9033 ], [ 79.4981, 10.9531 ], [ 79.6167, 10.9625 ], [ 79.6336, 10.9981 ], [ 79.6741, 11.0008 ], [ 79.7455, 10.9433 ], [ 79.7037, 10.9519 ], [ 79.7202, 10.9322 ], [ 79.6419, 10.8227 ], [ 79.7104, 10.8123 ] ] ], [ [ [ 79.7029, 10.2882 ], [ 79.7068, 10.2851 ], [ 79.7024, 10.2871 ], [ 79.7029, 10.2882 ] ] ], [ [ [ 79.6971, 10.2901 ], [ 79.7007, 10.2882 ], [ 79.6971, 10.2888 ], [ 79.6971, 10.2901 ] ] ], [ [ [ 79.6957, 10.291 ], [ 79.6935, 10.2896 ], [ 79.6935, 10.2912 ], [ 79.6957, 10.291 ] ] ], [ [ [ 79.6888, 10.2957 ], [ 79.6926, 10.2946 ], [ 79.6904, 10.2935 ], [ 79.6888, 10.2957 ] ] ], [ [ [ 79.6835, 10.2982 ], [ 79.686, 10.2954 ], [ 79.6835, 10.2968 ], [ 79.6835, 10.2982 ] ] ], [ [ [ 79.7107, 10.3074 ], [ 79.7038, 10.3038 ], [ 79.699, 10.3096 ], [ 79.7107, 10.3074 ] ] ], [ [ [ 79.6893, 10.3068 ], [ 79.694, 10.3082 ], [ 79.6924, 10.3043 ], [ 79.6893, 10.3068 ] ] ], [ [ [ 79.6696, 10.3065 ], [ 79.6835, 10.3076 ], [ 79.6826, 10.3054 ], [ 79.6696, 10.3065 ] ] ], [ [ [ 79.716, 10.3115 ], [ 79.6974, 10.3121 ], [ 79.6888, 10.3185 ], [ 79.6968, 10.3207 ], [ 79.7165, 10.3151 ], [ 79.716, 10.3115 ] ] ] ] } },
{ "type": "Feature", "properties": { "state": "Tamil Nadu", "district": "Thoothukkudi" }, "geometry": { "type": "MultiPolygon", "coordinates": [ [ [ [ 78.1207, 8.6143 ], [ 78.1157, 8.6135 ], [ 78.1104, 8.6165 ], [ 78.1207, 8.6143 ] ] ], [ [ [ 78.1215, 8.6179 ], [ 78.1199, 8.6151 ], [ 78.119, 8.6154 ], [ 78.1215, 8.6179 ] ] ], [ [ [ 78.121, 8.6374 ], [ 78.116, 8.6276 ], [ 78.1218, 8.6279 ], [ 78.1226, 8.634 ], [ 78.1229, 8.6293 ], [ 78.1179, 8.6174 ], [ 78.1113, 8.6324 ], [ 78.121, 8.6374 ] ] ], [ [ [ 78.1279, 8.6435 ], [ 78.126, 8.6432 ], [ 78.1274, 8.6479 ], [ 78.1279, 8.6435 ] ] ], [ [ [ 78.1168, 8.6565 ], [ 78.1254, 8.639 ], [ 78.124, 8.6382 ], [ 78.1168, 8.6565 ] ] ], [ [ [ 77.9067, 8.3198 ], [ 77.8222, 8.3535 ], [ 77.8202, 8.4732 ], [ 77.7633, 8.5718 ], [ 77.7999, 8.6212 ], [ 77.7982, 8.7609 ], [ 77.8339, 8.7911 ], [ 77.7918, 8.8613 ], [ 77.7436, 8.8776 ], [ 77.7435, 8.913 ], [ 77.6759, 8.9187 ], [ 77.6657, 8.964 ], [ 77.713, 8.9736 ], [ 77.6697, 8.9979 ], [ 77.6872, 9.0619 ], [ 77.7274, 9.0662 ], [ 77.6554, 9.1156 ], [ 77.6895, 9.1762 ], [ 77.8239, 9.1565 ], [ 77.84, 9.2364 ], [ 77.9032, 9.191 ], [ 77.9943, 9.2936 ], [ 78.0342, 9.2932 ], [ 78.0175, 9.3202 ], [ 78.0415, 9.3498 ], [ 78.1515, 9.3566 ], [ 78.1958, 9.2912 ], [ 78.2648, 9.2746 ], [ 78.2566, 9.1294 ], [ 78.3676, 9.0779 ], [ 78.261, 9.0188 ], [ 78.1685, 8.881 ], [ 78.1571, 8.7724 ], [ 78.1985, 8.789 ], [ 78.2301, 8.7488 ], [ 78.1707, 8.7451 ], [ 78.1049, 8.6515 ], [ 78.0965, 8.5813 ], [ 78.1149, 8.5799 ], [ 78.136, 8.5921 ], [ 78.1018, 8.5924 ], [ 78.1224, 8.5982 ], [ 78.1274, 8.6385 ], [ 78.1387, 8.5888 ], [ 78.1304, 8.4971 ], [ 78.0654, 8.4204 ], [ 78.0668, 8.3704 ], [ 77.9067, 8.3198 ] ] ], [ [ [ 78.2101, 8.8354 ], [ 78.2076, 8.841 ], [ 78.2126, 8.8379 ], [ 78.2101, 8.8354 ] ] ], [ [ [ 78.2257, 8.8674 ], [ 78.2271, 8.8713 ], [ 78.2274, 8.8674 ], [ 78.2257, 8.8674 ] ] ], [ [ [ 78.2518, 8.9532 ], [ 78.2554, 8.9554 ], [ 78.2546, 8.9529 ], [ 78.2518, 8.9532 ] ] ] ] } },
{ "type": "Feature", "properties": { "state": "Tamil Nadu", "district": "Tiruchirappalli" }, "geometry": { "type": "Polygon", "coordinates": [ [ [ 78.3483, 10.2809 ], [ 78.2619, 10.3692 ], [ 78.2988, 10.4265 ], [ 78.1561, 10.4904 ], [ 78.2426, 10.5626 ], [ 78.2675, 10.7327 ], [ 78.2787, 10.6907 ], [ 78.3621, 10.7133 ], [ 78.4004, 10.6605 ], [ 78.4981, 10.68 ], [ 78.5514, 10.7244 ], [ 78.5302, 10.785 ], [ 78.5714, 10.8168 ], [ 78.3779, 10.9494 ], [ 78.1844, 10.9478 ], [ 78.1523, 10.9925 ], [ 78.1829, 11.0322 ], [ 78.1514, 11.0364 ], [ 78.1892, 11.0604 ], [ 78.2134, 11.0409 ], [ 78.226, 11.0809 ], [ 78.33, 11.0128 ], [ 78.3479, 11.0509 ], [ 78.3114, 11.086 ], [ 78.4065, 11.1986 ], [ 78.4722, 11.3913 ], [ 78.5347, 11.3492 ], [ 78.5465, 11.302 ], [ 78.6736, 11.3672 ], [ 78.6181, 11.3194 ], [ 78.7179, 11.3086 ], [ 78.7364, 11.2719 ], [ 78.6863, 11.18 ], [ 78.638, 11.1546 ], [ 78.6859, 11.0581 ], [ 78.7029, 11.0393 ], [ 78.7467, 11.1089 ], [ 78.8171, 11.0636 ], [ 78.9593, 11.0795 ], [ 78.9988, 10.995 ], [ 78.9231, 10.9451 ], [ 78.9912, 10.8759 ], [ 78.7622, 10.8188 ], [ 78.8514, 10.8123 ], [ 78.8641, 10.7652 ], [ 78.8563, 10.6745 ], [ 78.8044, 10.6801 ], [ 78.7733, 10.6337 ], [ 78.7325, 10.628 ], [ 78.7262, 10.6951 ], [ 78.6789, 10.7195 ], [ 78.647, 10.6411 ], [ 78.6211, 10.6942 ], [ 78.5795, 10.6441 ], [ 78.5367, 10.6735 ], [ 78.5028, 10.653 ], [ 78.5123, 10.615 ], [ 78.4579, 10.6184 ], [ 78.4336, 10.5888 ], [ 78.482, 10.472 ], [ 78.5131, 10.4733 ], [ 78.5229, 10.5169 ], [ 78.5642, 10.5091 ], [ 78.568, 10.4278 ], [ 78.5082, 10.4236 ], [ 78.5003, 10.3581 ], [ 78.4299, 10.3948 ], [ 78.4328, 10.362 ], [ 78.3765, 10.342 ], [ 78.3483, 10.2809 ] ] ] } },
{ "type": "Feature", "properties": { "state": "Tamil Nadu", "district": "Tirunelveli" }, "geometry": { "type": "Polygon", "coordinates": [ [ [ 77.5195, 8.1581 ], [ 77.5569, 8.2398 ], [ 77.512, 8.3095 ], [ 77.5193, 8.3786 ], [ 77.4583, 8.3869 ], [ 77.4228, 8.4949 ], [ 77.2515, 8.571 ], [ 77.1553, 8.7376 ], [ 77.247, 8.8319 ], [ 77.1322, 9.0119 ], [ 77.1821, 9.0365 ], [ 77.2518, 9.143 ], [ 77.2668, 9.2909 ], [ 77.3113, 9.3279 ], [ 77.3241, 9.4082 ], [ 77.4173, 9.3817 ], [ 77.4431, 9.3219 ], [ 77.5052, 9.3254 ], [ 77.5139, 9.3662 ], [ 77.5359, 9.3612 ], [ 77.5744, 9.334 ], [ 77.5708, 9.2978 ], [ 77.6947, 9.2794 ], [ 77.7573, 9.2247 ], [ 77.7577, 9.2665 ], [ 77.7793, 9.2622 ], [ 77.8416, 9.2011 ], [ 77.8239, 9.1565 ], [ 77.6895, 9.1762 ], [ 77.6606, 9.095 ], [ 77.723, 9.0933 ], [ 77.7274, 9.0662 ], [ 77.6872, 9.0619 ], [ 77.6697, 8.9979 ], [ 77.705, 8.9904 ], [ 77.7026, 8.9544 ], [ 77.6631, 8.9562 ], [ 77.6862, 8.9108 ], [ 77.7435, 8.913 ], [ 77.7436, 8.8776 ], [ 77.7918, 8.8613 ], [ 77.8339, 8.7911 ], [ 77.7982, 8.7609 ], [ 77.7999, 8.6212 ], [ 77.7633, 8.5718 ], [ 77.8202, 8.4732 ], [ 77.8222, 8.3535 ], [ 77.8711, 8.314 ], [ 77.954, 8.3149 ], [ 77.804, 8.2482 ], [ 77.7162, 8.1657 ], [ 77.57, 8.1329 ], [ 77.5195, 8.1581 ] ] ] } },
{ "type": "Feature", "properties": { "state": "Tamil Nadu", "district": "Tiruppur" }, "geometry": { "type": "Polygon", "coordinates": [ [ [ 77.3336, 10.2533 ], [ 77.2465, 10.2206 ], [ 77.2222, 10.3403 ], [ 77.163, 10.3463 ], [ 77.0817, 10.2997 ], [ 77.0761, 10.3621 ], [ 77.0299, 10.4136 ], [ 77.0628, 10.452 ], [ 77.0754, 10.5747 ], [ 77.1523, 10.577 ], [ 77.169, 10.6345 ], [ 77.1276, 10.6688 ], [ 77.1465, 10.8378 ], [ 77.0999, 10.8795 ], [ 77.0291, 10.8671 ], [ 77.0585, 10.9185 ], [ 77.0259, 10.9731 ], [ 77.0499, 11.0667 ], [ 77.089, 11.0942 ], [ 76.9967, 11.163 ], [ 76.9973, 11.2546 ], [ 77.0707, 11.335 ], [ 77.0838, 11.3086 ], [ 77.1162, 11.3301 ], [ 77.1694, 11.3037 ], [ 77.1653, 11.33 ], [ 77.2195, 11.3397 ], [ 77.1971, 11.287 ], [ 77.2723, 11.3308 ], [ 77.2739, 11.2795 ], [ 77.3199, 11.2456 ], [ 77.3204, 11.3051 ], [ 77.3528, 11.3064 ], [ 77.3613, 11.2128 ], [ 77.3929, 11.189 ], [ 77.3767, 11.1115 ], [ 77.6215, 11.1128 ], [ 77.7267, 11.0725 ], [ 77.7774, 11.0199 ], [ 77.7363, 10.9644 ], [ 77.7584, 10.8602 ], [ 77.8468, 10.8353 ], [ 77.8763, 10.7779 ], [ 77.7623, 10.7787 ], [ 77.8099, 10.7044 ], [ 77.7154, 10.6196 ], [ 77.6756, 10.7233 ], [ 77.6419, 10.6635 ], [ 77.5714, 10.6723 ], [ 77.526, 10.597 ], [ 77.468, 10.6394 ], [ 77.3883, 10.6018 ], [ 77.3542, 10.5339 ], [ 77.3914, 10.5127 ], [ 77.3711, 10.4399 ], [ 77.3072, 10.4248 ], [ 77.3336, 10.2533 ] ] ] } },
{ "type": "Feature", "properties": { "state": "Tamil Nadu", "district": "Tiruvannamalai" }, "geometry": { "type": "Polygon", "coordinates": [ [ [ 79.2246, 12.4277 ], [ 79.2265, 12.3334 ], [ 79.1872, 12.3271 ], [ 79.2765, 12.3029 ], [ 79.2032, 12.1972 ], [ 79.2213, 12.1697 ], [ 79.1989, 12.1779 ], [ 79.2654, 12.1102 ], [ 79.247, 12.0682 ], [ 79.1137, 12.0071 ], [ 79.0661, 12.0193 ], [ 79.0729, 12.0675 ], [ 79.0377, 12.0233 ], [ 78.947, 12.0543 ], [ 78.904, 12.0018 ], [ 78.6876, 11.9717 ], [ 78.734, 12.1135 ], [ 78.6508, 12.0907 ], [ 78.6201, 12.1178 ], [ 78.6316, 12.1924 ], [ 78.6597, 12.206 ], [ 78.6394, 12.2463 ], [ 78.6975, 12.2895 ], [ 78.8859, 12.6759 ], [ 78.9651, 12.6526 ], [ 79.0015, 12.6873 ], [ 79.0034, 12.6449 ], [ 79.0625, 12.7399 ], [ 79.1534, 12.7579 ], [ 79.1932, 12.7281 ], [ 79.2423, 12.8097 ], [ 79.333, 12.6805 ], [ 79.3837, 12.7128 ], [ 79.3829, 12.6762 ], [ 79.3426, 12.654 ], [ 79.3708, 12.6145 ], [ 79.4488, 12.6709 ], [ 79.4611, 12.8588 ], [ 79.6189, 12.807 ], [ 79.6432, 12.7506 ], [ 79.6653, 12.7777 ], [ 79.733, 12.7294 ], [ 79.7021, 12.7133 ], [ 79.7316, 12.6801 ], [ 79.623, 12.6312 ], [ 79.6365, 12.5878 ], [ 79.712, 12.5741 ], [ 79.6935, 12.5576 ], [ 79.743, 12.4978 ], [ 79.7102, 12.4811 ], [ 79.7255, 12.4194 ], [ 79.6766, 12.4039 ], [ 79.6306, 12.3315 ], [ 79.6019, 12.3611 ], [ 79.5847, 12.3358 ], [ 79.5183, 12.355 ], [ 79.4881, 12.3326 ], [ 79.3884, 12.4215 ], [ 79.3134, 12.4366 ], [ 79.2246, 12.4277 ] ] ] } },
{ "type": "Feature", "properties": { "state": "Tamil Nadu", "district": "Vellore" }, "geometry": { "type": "Polygon", "coordinates": [ [ [ 78.4071, 12.6175 ], [ 78.4596, 12.6174 ], [ 78.4577, 12.6622 ], [ 78.5105, 12.7018 ], [ 78.4844, 12.7348 ], [ 78.5477, 12.6856 ], [ 78.5455, 12.7439 ], [ 78.6467, 12.919 ], [ 78.6137, 12.9789 ], [ 78.6511, 13.0179 ], [ 78.6938, 13.0044 ], [ 78.7024, 13.0562 ], [ 78.876, 13.0862 ], [ 78.8819, 13.0198 ], [ 78.9246, 13.0186 ], [ 78.8935, 13.0351 ], [ 78.9144, 13.0678 ], [ 78.9796, 13.0765 ], [ 79.0691, 13.0142 ], [ 79.1527, 13.0073 ], [ 79.2472, 13.1481 ], [ 79.3347, 13.0484 ], [ 79.4044, 13.0707 ], [ 79.4062, 13.1363 ], [ 79.4407, 13.0799 ], [ 79.4699, 13.1257 ], [ 79.5825, 13.1097 ], [ 79.6424, 13.1957 ], [ 79.6876, 13.1747 ], [ 79.6875, 13.1433 ], [ 79.723, 13.1516 ], [ 79.7217, 13.1034 ], [ 79.6888, 13.0869 ], [ 79.7194, 13.0823 ], [ 79.7079, 13.0407 ], [ 79.7768, 13.0334 ], [ 79.649, 12.9166 ], [ 79.56, 12.8866 ], [ 79.5473, 12.8367 ], [ 79.4611, 12.8588 ], [ 79.4488, 12.6709 ], [ 79.3708, 12.6145 ], [ 79.3426, 12.654 ], [ 79.3829, 12.6762 ], [ 79.3837, 12.7128 ], [ 79.333, 12.6805 ], [ 79.2423, 12.8097 ], [ 79.1932, 12.7281 ], [ 79.1534, 12.7579 ], [ 79.0625, 12.7399 ], [ 79.0034, 12.6449 ], [ 79.0015, 12.6873 ], [ 78.9651, 12.6526 ], [ 78.8859, 12.6759 ], [ 78.6975, 12.2895 ], [ 78.6394, 12.2463 ], [ 78.6307, 12.2705 ], [ 78.5943, 12.2515 ], [ 78.5771, 12.3007 ], [ 78.6055, 12.3347 ], [ 78.5578, 12.3742 ], [ 78.4243, 12.3822 ], [ 78.4428, 12.4181 ], [ 78.4053, 12.4752 ], [ 78.4071, 12.6175 ] ] ] } },
{ "type": "Feature", "properties": { "state": "Tamil Nadu", "district": "Viluppuram" }, "geometry": { "type": "MultiPolygon", "coordinates": [ [ [ [ 79.1489, 11.5821 ], [ 79.0556, 11.6164 ], [ 79.0403, 11.5726 ], [ 79.0034, 11.5914 ], [ 78.9852, 11.5603 ], [ 78.9088, 11.5519 ], [ 78.8903, 11.4896 ], [ 78.8243, 11.5098 ], [ 78.8141, 11.5638 ], [ 78.765, 11.5912 ], [ 78.7901, 11.6726 ], [ 78.676, 11.6709 ], [ 78.6648, 11.6276 ], [ 78.6333, 11.6437 ], [ 78.6272, 11.748 ], [ 78.6765, 11.7866 ], [ 78.6811, 11.8336 ], [ 78.6134, 11.8518 ], [ 78.6928, 11.8785 ], [ 78.704, 11.9679 ], [ 78.7471, 11.9974 ], [ 78.904, 12.0018 ], [ 78.947, 12.0543 ], [ 79.0377, 12.0233 ], [ 79.0729, 12.0675 ], [ 79.0661, 12.0193 ], [ 79.1137, 12.0071 ], [ 79.247, 12.0682 ], [ 79.2654, 12.1102 ], [ 79.1989, 12.1779 ], [ 79.2213, 12.1697 ], [ 79.2032, 12.1972 ], [ 79.2765, 12.3029 ], [ 79.1872, 12.3271 ], [ 79.2265, 12.3334 ], [ 79.2246, 12.4277 ], [ 79.3737, 12.4269 ], [ 79.4881, 12.3326 ], [ 79.5183, 12.355 ], [ 79.5847, 12.3358 ], [ 79.6019, 12.3611 ], [ 79.671, 12.3024 ], [ 79.7849, 12.3222 ], [ 79.8855, 12.2149 ], [ 79.9565, 12.2118 ], [ 80.0071, 12.2546 ], [ 79.8376, 11.9405 ], [ 79.7997, 11.9643 ], [ 79.7369, 11.9072 ], [ 79.7157, 11.9675 ], [ 79.7496, 11.9861 ], [ 79.7058, 11.9774 ], [ 79.679, 12.0193 ], [ 79.6473, 11.9972 ], [ 79.6442, 11.9732 ], [ 79.6991, 11.9721 ], [ 79.6782, 11.9365 ], [ 79.7249, 11.8915 ], [ 79.6915, 11.8784 ], [ 79.6829, 11.9047 ], [ 79.6604, 11.8773 ], [ 79.6876, 11.8168 ], [ 79.6682, 11.7978 ], [ 79.6276, 11.7835 ], [ 79.578, 11.825 ], [ 79.4409, 11.8562 ], [ 79.4695, 11.7931 ], [ 79.4283, 11.794 ], [ 79.4166, 11.7621 ], [ 79.451, 11.753 ], [ 79.4141, 11.7164 ], [ 79.4298, 11.6501 ], [ 79.3678, 11.665 ], [ 79.2956, 11.6195 ], [ 79.2349, 11.6366 ], [ 79.1489, 11.5821 ] ] ], [ [ [ 79.9458, 12.219 ], [ 79.9463, 12.2191 ], [ 79.9463, 12.219 ], [ 79.9458, 12.219 ] ] ] ] } },
{ "type": "Feature", "properties": { "state": "Tamil Nadu", "district": "Virudunagar" }, "geometry": { "type": "Polygon", "coordinates": [ [ [ 77.9928, 9.2619 ], [ 77.9032, 9.191 ], [ 77.8629, 9.1957 ], [ 77.8637, 9.2323 ], [ 77.7908, 9.2356 ], [ 77.7793, 9.2622 ], [ 77.7577, 9.2665 ], [ 77.7573, 9.2247 ], [ 77.6947, 9.2794 ], [ 77.5708, 9.2978 ], [ 77.5744, 9.334 ], [ 77.5359, 9.3612 ], [ 77.5052, 9.3254 ], [ 77.4431, 9.3219 ], [ 77.4173, 9.3817 ], [ 77.3241, 9.4082 ], [ 77.3786, 9.4508 ], [ 77.3868, 9.5167 ], [ 77.4606, 9.5397 ], [ 77.5112, 9.6382 ], [ 77.6142, 9.6965 ], [ 77.6527, 9.6666 ], [ 77.6944, 9.6936 ], [ 77.746, 9.6733 ], [ 77.7592, 9.63 ], [ 77.9578, 9.6194 ], [ 78.0235, 9.6653 ], [ 78.0661, 9.6509 ], [ 78.046, 9.7297 ], [ 78.0844, 9.7436 ], [ 78.075, 9.7681 ], [ 78.1227, 9.7494 ], [ 78.1283, 9.7721 ], [ 78.1541, 9.7355 ], [ 78.2793, 9.7487 ], [ 78.2709, 9.7066 ], [ 78.3209, 9.6904 ], [ 78.3207, 9.6508 ], [ 78.3747, 9.637 ], [ 78.4, 9.5838 ], [ 78.35, 9.5596 ], [ 78.3655, 9.504 ], [ 78.3084, 9.5063 ], [ 78.337, 9.4484 ], [ 78.1969, 9.4214 ], [ 78.2261, 9.3653 ], [ 78.3185, 9.3539 ], [ 78.3587, 9.2647 ], [ 78.3128, 9.2496 ], [ 78.2064, 9.2844 ], [ 78.1312, 9.3597 ], [ 78.0415, 9.3498 ], [ 78.0175, 9.3202 ], [ 78.0342, 9.2932 ], [ 77.9943, 9.2936 ], [ 77.9928, 9.2619 ] ] ] } },
{ "type": "Feature", "properties": { "state": "Telangana", "district": "Adilabad" }, "geometry": { "type": "Polygon", "coordinates": [ [ [ 79.858, 19.1041 ], [ 79.8596, 19.0346 ], [ 79.9331, 19.0297 ], [ 79.9333, 18.845 ], [ 79.8629, 18.8326 ], [ 79.8414, 18.8788 ], [ 79.8241, 18.8369 ], [ 79.847, 18.7974 ], [ 79.8034, 18.7222 ], [ 79.6842, 18.6803 ], [ 79.4062, 18.8667 ], [ 79.3133, 18.8199 ], [ 79.1852, 18.8733 ], [ 79.064, 19.0319 ], [ 78.985, 19.0688 ], [ 78.8968, 19.0287 ], [ 78.8304, 19.0561 ], [ 78.7539, 19.0121 ], [ 78.6818, 19.0254 ], [ 78.5286, 18.9416 ], [ 78.3886, 18.9901 ], [ 78.2847, 18.9408 ], [ 78.2604, 18.9903 ], [ 78.202, 18.9984 ], [ 77.9441, 18.8423 ], [ 77.8816, 18.9085 ], [ 77.8405, 18.9113 ], [ 77.8537, 18.9523 ], [ 77.8127, 18.9495 ], [ 77.8171, 18.9824 ], [ 77.7674, 18.9814 ], [ 77.7574, 19.0286 ], [ 77.7617, 19.062 ], [ 77.7972, 19.0513 ], [ 77.8027, 19.102 ], [ 77.8481, 19.0901 ], [ 77.8465, 19.197 ], [ 77.8674, 19.2553 ], [ 77.9057, 19.2672 ], [ 77.8609, 19.3021 ], [ 77.8933, 19.3212 ], [ 77.9489, 19.3413 ], [ 78.0576, 19.2397 ], [ 78.1833, 19.2415 ], [ 78.1822, 19.4118 ], [ 78.312, 19.4659 ], [ 78.2791, 19.5582 ], [ 78.311, 19.6042 ], [ 78.2697, 19.6631 ], [ 78.3453, 19.7136 ], [ 78.3648, 19.7673 ], [ 78.339, 19.8392 ], [ 78.2941, 19.8496 ], [ 78.3284, 19.9161 ], [ 78.3977, 19.8364 ], [ 78.4939, 19.7931 ], [ 78.5263, 19.8217 ], [ 78.6037, 19.8175 ], [ 78.7164, 19.7668 ], [ 78.8456, 19.7584 ], [ 78.8588, 19.6563 ], [ 78.969, 19.6492 ], [ 78.9805, 19.5851 ], [ 78.9546, 19.5518 ], [ 79.1029, 19.528 ], [ 79.1778, 19.4607 ], [ 79.2229, 19.4678 ], [ 79.2439, 19.6126 ], [ 79.4704, 19.4975 ], [ 79.5427, 19.5485 ], [ 79.5913, 19.5017 ], [ 79.6397, 19.575 ], [ 79.7854, 19.5936 ], [ 79.9402, 19.4645 ], [ 79.9731, 19.401 ], [ 79.9202, 19.2264 ], [ 79.9432, 19.1706 ], [ 79.858, 19.1041 ] ] ] } },
{ "type": "Feature", "properties": { "state": "Telangana", "district": "Hyderabad" }, "geometry": { "type": "Polygon", "coordinates": [ [ [ 78.473, 17.469 ], [ 78.5343, 17.4585 ], [ 78.5235, 17.3664 ], [ 78.4704, 17.2971 ], [ 78.4444, 17.3416 ], [ 78.3955, 17.3524 ], [ 78.3869, 17.4081 ], [ 78.4153, 17.4296 ], [ 78.444, 17.3971 ], [ 78.473, 17.469 ] ] ] } },
{ "type": "Feature", "properties": { "state": "Telangana", "district": "Karimnagar" }, "geometry": { "type": "Polygon", "coordinates": [ [ [ 79.1149, 18.9401 ], [ 79.3133, 18.8199 ], [ 79.4062, 18.8667 ], [ 79.6842, 18.6803 ], [ 79.8034, 18.7222 ], [ 79.847, 18.7974 ], [ 79.8241, 18.8369 ], [ 79.8414, 18.8788 ], [ 79.8629, 18.8326 ], [ 80.0124, 18.7668 ], [ 80.1066, 18.6775 ], [ 80.189, 18.6756 ], [ 80.2675, 18.718 ], [ 80.3367, 18.5905 ], [ 80.222, 18.5479 ], [ 80.2114, 18.3853 ], [ 80.1677, 18.3364 ], [ 80.1361, 18.4133 ], [ 80.0912, 18.4269 ], [ 80.0694, 18.3823 ], [ 80.0237, 18.3961 ], [ 80.0233, 18.438 ], [ 80.0718, 18.4232 ], [ 80.1093, 18.4524 ], [ 80.0455, 18.4774 ], [ 80.0788, 18.5136 ], [ 80.0335, 18.5117 ], [ 80.0178, 18.4642 ], [ 79.8787, 18.5063 ], [ 79.9156, 18.4198 ], [ 79.826, 18.4963 ], [ 79.8156, 18.413 ], [ 79.7134, 18.4911 ], [ 79.5903, 18.4664 ], [ 79.5657, 18.296 ], [ 79.6158, 18.1817 ], [ 79.6028, 18.1402 ], [ 79.5566, 18.101 ], [ 79.4718, 18.1101 ], [ 79.3718, 18.0168 ], [ 79.2849, 18.0129 ], [ 79.2481, 17.975 ], [ 79.0961, 18.0148 ], [ 79.1292, 18.0762 ], [ 79.0305, 18.093 ], [ 79.0095, 18.1934 ], [ 78.9594, 18.213 ], [ 78.9548, 18.2511 ], [ 78.7739, 18.2615 ], [ 78.7398, 18.2151 ], [ 78.645, 18.2477 ], [ 78.5631, 18.2267 ], [ 78.5172, 18.2821 ], [ 78.5457, 18.3355 ], [ 78.5287, 18.3829 ], [ 78.5608, 18.388 ], [ 78.5211, 18.4747 ], [ 78.5586, 18.5399 ], [ 78.6737, 18.6227 ], [ 78.6368, 18.7254 ], [ 78.5557, 18.7614 ], [ 78.5173, 18.9133 ], [ 78.5574, 18.9725 ], [ 78.6311, 18.9789 ], [ 78.6818, 19.0254 ], [ 78.7539, 19.0121 ], [ 78.8304, 19.0561 ], [ 78.8968, 19.0287 ], [ 78.985, 19.0688 ], [ 79.064, 19.0319 ], [ 79.1149, 18.9401 ] ] ] } },
{ "type": "Feature", "properties": { "state": "Telangana", "district": "Khammam" }, "geometry": { "type": "Polygon", "coordinates": [ [ [ 81.1628, 17.2326 ], [ 80.9913, 17.1797 ], [ 80.9053, 17.2013 ], [ 80.9133, 17.146 ], [ 80.8703, 17.1463 ], [ 80.8325, 17.0257 ], [ 80.7257, 17.0646 ], [ 80.6396, 17.0551 ], [ 80.6566, 17.0878 ], [ 80.5602, 17.138 ], [ 80.4961, 17.1079 ], [ 80.4462, 17.017 ], [ 80.3951, 17.0776 ], [ 80.367, 17.0566 ], [ 80.3887, 17.0141 ], [ 80.3582, 16.9706 ], [ 80.4878, 16.9174 ], [ 80.4913, 16.9482 ], [ 80.5842, 16.9265 ], [ 80.5546, 16.8248 ], [ 80.6041, 16.7878 ], [ 80.5628, 16.7628 ], [ 80.4564, 16.79 ], [ 80.3997, 16.8497 ], [ 80.3729, 16.8111 ], [ 80.3192, 16.8709 ], [ 80.289, 16.9768 ], [ 80.2622, 17.0106 ], [ 80.2013, 17.0131 ], [ 80.1943, 17.0425 ], [ 80.1339, 16.9854 ], [ 80.0459, 16.9653 ], [ 80.0495, 17.0193 ], [ 79.8699, 17.1719 ], [ 79.8829, 17.2564 ], [ 79.8182, 17.2699 ], [ 79.7851, 17.3135 ], [ 79.8644, 17.3271 ], [ 79.9619, 17.3983 ], [ 80.0465, 17.3406 ], [ 80.1285, 17.3855 ], [ 80.1541, 17.3718 ], [ 80.1614, 17.4484 ], [ 80.1208, 17.4401 ], [ 80.0794, 17.5694 ], [ 80.0464, 17.5899 ], [ 80.0823, 17.6534 ], [ 80.0439, 17.7091 ], [ 80.1564, 17.747 ], [ 80.1653, 17.7059 ], [ 80.2485, 17.7372 ], [ 80.2697, 17.9623 ], [ 80.3875, 18.0762 ], [ 80.4522, 18.0542 ], [ 80.4604, 18.1289 ], [ 80.5904, 18.0764 ], [ 80.6313, 18.1048 ], [ 80.624, 18.134 ], [ 80.6486, 18.1281 ], [ 80.655, 18.169 ], [ 80.47, 18.2952 ], [ 80.455, 18.4461 ], [ 80.3736, 18.4686 ], [ 80.4021, 18.6072 ], [ 80.5107, 18.6157 ], [ 80.7265, 18.409 ], [ 80.7446, 18.3022 ], [ 80.7883, 18.2498 ], [ 80.7333, 18.2188 ], [ 80.7346, 18.1717 ], [ 80.7979, 18.1663 ], [ 80.8296, 18.2341 ], [ 80.8675, 18.2073 ], [ 80.862, 18.1327 ], [ 80.9737, 18.1681 ], [ 80.944, 18.081 ], [ 81.0377, 17.7862 ], [ 81.1596, 17.8526 ], [ 81.2634, 17.8105 ], [ 81.4668, 17.8249 ], [ 81.4858, 17.8026 ], [ 81.6112, 17.8154 ], [ 81.6883, 17.8848 ], [ 81.7032, 17.8611 ], [ 81.7583, 17.8934 ], [ 81.7928, 17.8525 ], [ 81.5766, 17.7261 ], [ 81.5029, 17.5899 ], [ 81.5239, 17.5726 ], [ 81.4934, 17.4488 ], [ 81.4336, 17.3749 ], [ 81.3852, 17.3551 ], [ 81.3247, 17.3906 ], [ 81.2672, 17.32 ], [ 81.1815, 17.3222 ], [ 81.1628, 17.2326 ] ] ] } },
{ "type": "Feature", "properties": { "state": "Telangana", "district": "Mahbubnagar" }, "geometry": { "type": "Polygon", "coordinates": [ [ [ 77.6589, 15.8765 ], [ 77.5095, 15.9209 ], [ 77.4836, 16.1586 ], [ 77.5112, 16.2172 ], [ 77.4876, 16.2498 ], [ 77.5903, 16.2869 ], [ 77.5916, 16.3375 ], [ 77.4945, 16.3758 ], [ 77.3429, 16.3797 ], [ 77.2352, 16.4681 ], [ 77.3663, 16.4841 ], [ 77.4153, 16.5178 ], [ 77.3914, 16.5652 ], [ 77.4642, 16.5842 ], [ 77.4694, 16.6469 ], [ 77.4166, 16.6628 ], [ 77.4675, 16.6968 ], [ 77.4234, 16.7145 ], [ 77.4375, 16.7832 ], [ 77.4711, 16.7791 ], [ 77.4534, 16.909 ], [ 77.4994, 17.0073 ], [ 77.4603, 17.0928 ], [ 77.4752, 17.1713 ], [ 77.576, 17.1267 ], [ 77.6451, 17.1785 ], [ 77.6998, 17.1704 ], [ 77.7148, 17.2048 ], [ 77.7371, 17.177 ], [ 77.7344, 17.2266 ], [ 77.7887, 17.2271 ], [ 77.7503, 17.0581 ], [ 77.7835, 17.0391 ], [ 77.7261, 16.9391 ], [ 77.7333, 16.8768 ], [ 77.9725, 16.8455 ], [ 77.9646, 16.885 ], [ 78.0094, 16.9016 ], [ 78.0089, 16.9458 ], [ 77.9315, 17.0243 ], [ 77.9309, 17.0818 ], [ 77.9855, 17.0991 ], [ 78.0626, 17.1948 ], [ 78.0971, 17.0972 ], [ 78.1773, 17.0957 ], [ 78.168, 17.1669 ], [ 78.2888, 17.22 ], [ 78.3446, 17.0701 ], [ 78.4548, 16.977 ], [ 78.5046, 17.0084 ], [ 78.5788, 16.9468 ], [ 78.7437, 16.9045 ], [ 78.7295, 16.8549 ], [ 78.7778, 16.8626 ], [ 78.7861, 16.7549 ], [ 78.7106, 16.6429 ], [ 78.6673, 16.6428 ], [ 78.7113, 16.5755 ], [ 78.611, 16.5133 ], [ 78.7111, 16.5318 ], [ 78.7875, 16.5103 ], [ 78.9057, 16.5442 ], [ 79.2279, 16.3368 ], [ 79.2075, 16.2307 ], [ 79.0309, 16.2457 ], [ 78.9411, 16.2098 ], [ 78.9081, 16.191 ], [ 78.9105, 16.1052 ], [ 78.8378, 16.1567 ], [ 78.8365, 16.0874 ], [ 78.775, 16.0236 ], [ 78.7137, 16.0267 ], [ 78.617, 16.0989 ], [ 78.5591, 16.0564 ], [ 78.421, 16.0828 ], [ 78.2567, 16.0313 ], [ 78.238, 15.9291 ], [ 78.1096, 15.8272 ], [ 78.0637, 15.8446 ], [ 78.0363, 15.9021 ], [ 78.0019, 15.8592 ], [ 77.8877, 15.8959 ], [ 77.7992, 15.8653 ], [ 77.6589, 15.8765 ] ] ] } },
{ "type": "Feature", "properties": { "state": "Telangana", "district": "Medak" }, "geometry": { "type": "Polygon", "coordinates": [ [ [ 78.3478, 17.531 ], [ 78.2576, 17.4151 ], [ 78.2133, 17.436 ], [ 78.2086, 17.4827 ], [ 78.1528, 17.461 ], [ 78.0769, 17.5209 ], [ 78.0494, 17.4562 ], [ 77.9869, 17.5038 ], [ 77.9605, 17.4803 ], [ 77.9701, 17.5153 ], [ 77.8697, 17.5778 ], [ 77.8514, 17.6403 ], [ 77.7434, 17.6218 ], [ 77.7699, 17.599 ], [ 77.7571, 17.5562 ], [ 77.6833, 17.504 ], [ 77.5917, 17.5327 ], [ 77.5898, 17.5628 ], [ 77.5274, 17.5732 ], [ 77.5016, 17.5409 ], [ 77.4399, 17.5815 ], [ 77.4503, 17.6913 ], [ 77.562, 17.7471 ], [ 77.5109, 17.8014 ], [ 77.5967, 17.8705 ], [ 77.5852, 17.9082 ], [ 77.6166, 17.9029 ], [ 77.6237, 17.9578 ], [ 77.6534, 17.9694 ], [ 77.5457, 18.0538 ], [ 77.6006, 18.0994 ], [ 77.5643, 18.19 ], [ 77.5815, 18.2563 ], [ 77.6644, 18.2813 ], [ 77.7208, 18.2583 ], [ 77.7686, 18.1884 ], [ 77.9014, 18.1918 ], [ 77.9006, 18.1451 ], [ 77.9338, 18.1495 ], [ 77.8935, 18.0879 ], [ 77.9994, 18.1112 ], [ 78.1362, 18.0737 ], [ 78.1982, 18.2166 ], [ 78.2679, 18.1414 ], [ 78.3215, 18.1973 ], [ 78.3834, 18.1216 ], [ 78.4362, 18.1635 ], [ 78.485, 18.1297 ], [ 78.5969, 18.2468 ], [ 78.7398, 18.2151 ], [ 78.7739, 18.2615 ], [ 78.8918, 18.2357 ], [ 78.9363, 18.2539 ], [ 79.0095, 18.1934 ], [ 79.0305, 18.093 ], [ 79.1292, 18.0762 ], [ 79.1092, 18.0225 ], [ 79.0443, 18.0294 ], [ 78.9937, 17.9957 ], [ 78.9614, 18.0306 ], [ 78.9442, 17.9905 ], [ 78.8748, 17.9594 ], [ 78.8223, 17.8751 ], [ 78.8661, 17.8625 ], [ 78.853, 17.7477 ], [ 78.7721, 17.6723 ], [ 78.658, 17.6918 ], [ 78.6194, 17.6636 ], [ 78.5931, 17.6969 ], [ 78.4961, 17.6801 ], [ 78.4453, 17.7086 ], [ 78.355, 17.6196 ], [ 78.3478, 17.531 ] ] ] } },
{ "type": "Feature", "properties": { "state": "Telangana", "district": "Nalgonda" }, "geometry": { "type": "Polygon", "coordinates": [ [ [ 79.7749, 16.7295 ], [ 79.4266, 16.5825 ], [ 79.2661, 16.5615 ], [ 79.2253, 16.5082 ], [ 79.2115, 16.3628 ], [ 78.9057, 16.5442 ], [ 78.7875, 16.5103 ], [ 78.6074, 16.5174 ], [ 78.7113, 16.5755 ], [ 78.6673, 16.6428 ], [ 78.7106, 16.6429 ], [ 78.7904, 16.7737 ], [ 78.7778, 16.8626 ], [ 78.7295, 16.8549 ], [ 78.7437, 16.9045 ], [ 78.6951, 16.9278 ], [ 78.7004, 16.9573 ], [ 78.7832, 16.9681 ], [ 78.824, 17.0126 ], [ 78.7819, 17.0334 ], [ 78.8318, 17.0374 ], [ 78.849, 17.074 ], [ 78.7795, 17.1466 ], [ 78.7629, 17.2143 ], [ 78.8074, 17.2041 ], [ 78.8205, 17.2315 ], [ 78.7492, 17.2672 ], [ 78.7541, 17.4396 ], [ 78.7071, 17.4347 ], [ 78.6841, 17.5925 ], [ 78.714, 17.6626 ], [ 78.7721, 17.6723 ], [ 78.853, 17.7477 ], [ 78.8634, 17.805 ], [ 78.9823, 17.7842 ], [ 79.0182, 17.7046 ], [ 79.0455, 17.718 ], [ 79.1175, 17.6629 ], [ 79.1549, 17.5737 ], [ 79.2004, 17.6197 ], [ 79.2197, 17.5588 ], [ 79.2682, 17.5736 ], [ 79.39, 17.4949 ], [ 79.5114, 17.4896 ], [ 79.5312, 17.5183 ], [ 79.6471, 17.4987 ], [ 79.647, 17.4658 ], [ 79.7509, 17.4248 ], [ 79.8121, 17.2744 ], [ 79.8829, 17.2564 ], [ 79.8676, 17.18 ], [ 79.9056, 17.1288 ], [ 80.0495, 17.0193 ], [ 79.9917, 16.8633 ], [ 80.0697, 16.8136 ], [ 79.9582, 16.642 ], [ 79.9021, 16.6378 ], [ 79.8618, 16.6982 ], [ 79.8103, 16.6905 ], [ 79.7749, 16.7295 ] ] ] } },
{ "type": "Feature", "properties": { "state": "Telangana", "district": "Nizamabad" }, "geometry": { "type": "Polygon", "coordinates": [ [ [ 78.1462, 18.0807 ], [ 77.9994, 18.1112 ], [ 77.8935, 18.0879 ], [ 77.9338, 18.1495 ], [ 77.9006, 18.1451 ], [ 77.9014, 18.1918 ], [ 77.7686, 18.1884 ], [ 77.7208, 18.2583 ], [ 77.55, 18.2913 ], [ 77.5669, 18.3179 ], [ 77.5195, 18.3493 ], [ 77.5552, 18.4179 ], [ 77.5285, 18.4405 ], [ 77.5852, 18.4454 ], [ 77.5462, 18.4634 ], [ 77.6011, 18.4742 ], [ 77.5973, 18.5475 ], [ 77.6488, 18.5526 ], [ 77.6576, 18.5272 ], [ 77.7365, 18.5548 ], [ 77.7281, 18.6642 ], [ 77.7576, 18.7071 ], [ 77.7864, 18.6841 ], [ 77.8375, 18.8075 ], [ 77.9426, 18.8223 ], [ 77.9601, 18.8686 ], [ 78.0248, 18.8764 ], [ 78.0691, 18.9354 ], [ 78.2329, 19.0026 ], [ 78.2847, 18.9408 ], [ 78.3886, 18.9901 ], [ 78.4938, 18.9637 ], [ 78.5286, 18.9416 ], [ 78.5557, 18.7614 ], [ 78.6368, 18.7254 ], [ 78.6737, 18.6227 ], [ 78.5586, 18.5399 ], [ 78.5192, 18.4676 ], [ 78.5608, 18.388 ], [ 78.5287, 18.3829 ], [ 78.5457, 18.3355 ], [ 78.5172, 18.2821 ], [ 78.5547, 18.2513 ], [ 78.5629, 18.1851 ], [ 78.4987, 18.1685 ], [ 78.485, 18.1297 ], [ 78.4362, 18.1635 ], [ 78.3834, 18.1216 ], [ 78.3215, 18.1973 ], [ 78.2679, 18.1414 ], [ 78.1982, 18.2166 ], [ 78.1462, 18.0807 ] ] ] } },
{ "type": "Feature", "properties": { "state": "Telangana", "district": "Ranga Reddy" }, "geometry": { "type": "Polygon", "coordinates": [ [ [ 78.0228, 17.1689 ], [ 77.9855, 17.0991 ], [ 77.918, 17.0584 ], [ 77.9919, 16.9852 ], [ 78.0094, 16.9016 ], [ 77.9646, 16.885 ], [ 77.9725, 16.8455 ], [ 77.9189, 16.8432 ], [ 77.823, 16.857 ], [ 77.8093, 16.8854 ], [ 77.7333, 16.8768 ], [ 77.7261, 16.9391 ], [ 77.7835, 17.0391 ], [ 77.7503, 17.0581 ], [ 77.7887, 17.2271 ], [ 77.7344, 17.2266 ], [ 77.7371, 17.177 ], [ 77.7148, 17.2048 ], [ 77.6998, 17.1704 ], [ 77.6451, 17.1785 ], [ 77.576, 17.1267 ], [ 77.4752, 17.1713 ], [ 77.4626, 17.1041 ], [ 77.36, 17.1616 ], [ 77.3988, 17.2088 ], [ 77.3804, 17.2198 ], [ 77.4545, 17.2759 ], [ 77.434, 17.2883 ], [ 77.4516, 17.3705 ], [ 77.5208, 17.3621 ], [ 77.5355, 17.4041 ], [ 77.5101, 17.4273 ], [ 77.6106, 17.4442 ], [ 77.6528, 17.5033 ], [ 77.684, 17.4729 ], [ 77.6863, 17.5243 ], [ 77.7571, 17.5562 ], [ 77.7699, 17.599 ], [ 77.7434, 17.6218 ], [ 77.7798, 17.6361 ], [ 77.8514, 17.6403 ], [ 77.8697, 17.5778 ], [ 77.9701, 17.5153 ], [ 77.9605, 17.4803 ], [ 77.9869, 17.5038 ], [ 78.0494, 17.4562 ], [ 78.0769, 17.5209 ], [ 78.1528, 17.461 ], [ 78.2086, 17.4827 ], [ 78.2133, 17.436 ], [ 78.2576, 17.4151 ], [ 78.2977, 17.4517 ], [ 78.2916, 17.4877 ], [ 78.349, 17.5197 ], [ 78.355, 17.6196 ], [ 78.4453, 17.7086 ], [ 78.4961, 17.6801 ], [ 78.5931, 17.6969 ], [ 78.6194, 17.6636 ], [ 78.6691, 17.6912 ], [ 78.714, 17.6626 ], [ 78.6817, 17.5738 ], [ 78.7206, 17.473 ], [ 78.7071, 17.4347 ], [ 78.7541, 17.4396 ], [ 78.7343, 17.3548 ], [ 78.7632, 17.3065 ], [ 78.741, 17.2921 ], [ 78.8205, 17.2315 ], [ 78.8074, 17.2041 ], [ 78.7629, 17.2143 ], [ 78.7795, 17.1466 ], [ 78.849, 17.074 ], [ 78.8318, 17.0374 ], [ 78.7819, 17.0334 ], [ 78.824, 17.0126 ], [ 78.7832, 16.9681 ], [ 78.7113, 16.9632 ], [ 78.6806, 16.9255 ], [ 78.5788, 16.9468 ], [ 78.5046, 17.0084 ], [ 78.4548, 16.977 ], [ 78.3446, 17.0701 ], [ 78.2769, 17.224 ], [ 78.168, 17.1669 ], [ 78.1773, 17.0957 ], [ 78.0971, 17.0972 ], [ 78.0804, 17.1911 ], [ 78.0228, 17.1689 ] ], [ [ 78.473, 17.469 ], [ 78.444, 17.3971 ], [ 78.4153, 17.4296 ], [ 78.3841, 17.395 ], [ 78.4704, 17.2971 ], [ 78.5094, 17.3253 ], [ 78.5345, 17.4508 ], [ 78.473, 17.469 ] ] ] } },
{ "type": "Feature", "properties": { "state": "Telangana", "district": "Warangal" }, "geometry": { "type": "Polygon", "coordinates": [ [ [ 80.1541, 17.3718 ], [ 80.1285, 17.3855 ], [ 80.0465, 17.3406 ], [ 79.9619, 17.3983 ], [ 79.8644, 17.3271 ], [ 79.7851, 17.3135 ], [ 79.7509, 17.4248 ], [ 79.647, 17.4658 ], [ 79.6471, 17.4987 ], [ 79.5312, 17.5183 ], [ 79.5114, 17.4896 ], [ 79.39, 17.4949 ], [ 79.2682, 17.5736 ], [ 79.2197, 17.5588 ], [ 79.2004, 17.6197 ], [ 79.1549, 17.5737 ], [ 79.1175, 17.6629 ], [ 79.0455, 17.718 ], [ 79.0182, 17.7046 ], [ 78.9823, 17.7842 ], [ 78.8634, 17.805 ], [ 78.8661, 17.8625 ], [ 78.8266, 17.8896 ], [ 78.9614, 18.0306 ], [ 78.9937, 17.9957 ], [ 79.0443, 18.0294 ], [ 79.1444, 17.9817 ], [ 79.2481, 17.975 ], [ 79.2849, 18.0129 ], [ 79.3718, 18.0168 ], [ 79.4718, 18.1101 ], [ 79.587, 18.1195 ], [ 79.6166, 18.1779 ], [ 79.5657, 18.296 ], [ 79.5903, 18.4664 ], [ 79.7134, 18.4911 ], [ 79.8156, 18.413 ], [ 79.826, 18.4963 ], [ 79.9156, 18.4198 ], [ 79.8787, 18.5063 ], [ 80.0178, 18.4642 ], [ 80.0335, 18.5117 ], [ 80.0788, 18.5136 ], [ 80.0455, 18.4774 ], [ 80.1093, 18.4524 ], [ 80.0718, 18.4232 ], [ 80.0233, 18.438 ], [ 80.0237, 18.3961 ], [ 80.0694, 18.3823 ], [ 80.0912, 18.4269 ], [ 80.1361, 18.4133 ], [ 80.1677, 18.3364 ], [ 80.2114, 18.3853 ], [ 80.222, 18.5479 ], [ 80.367, 18.6047 ], [ 80.3949, 18.5669 ], [ 80.3736, 18.4686 ], [ 80.4577, 18.4422 ], [ 80.47, 18.2952 ], [ 80.6585, 18.1651 ], [ 80.5904, 18.0764 ], [ 80.4604, 18.1289 ], [ 80.4522, 18.0542 ], [ 80.3875, 18.0762 ], [ 80.2697, 17.9623 ], [ 80.2439, 17.7332 ], [ 80.1653, 17.7059 ], [ 80.1564, 17.747 ], [ 80.0439, 17.7091 ], [ 80.0823, 17.6534 ], [ 80.0464, 17.5899 ], [ 80.0794, 17.5694 ], [ 80.1208, 17.4401 ], [ 80.1614, 17.4484 ], [ 80.1541, 17.3718 ] ] ] } },
{ "type": "Feature", "properties": { "state": "Tripura", "district": "Dhalai" }, "geometry": { "type": "Polygon", "coordinates": [ [ [ 91.9772, 23.7319 ], [ 91.9423, 23.6818 ], [ 91.9752, 23.4824 ], [ 91.9374, 23.4325 ], [ 91.8287, 23.4811 ], [ 91.8305, 23.4283 ], [ 91.7925, 23.4273 ], [ 91.7455, 23.5359 ], [ 91.7101, 23.5393 ], [ 91.7387, 23.5519 ], [ 91.6899, 23.6925 ], [ 91.7087, 23.7639 ], [ 91.7474, 23.6705 ], [ 91.787, 23.7429 ], [ 91.7454, 24.2469 ], [ 91.8163, 24.2101 ], [ 91.8475, 24.2283 ], [ 91.848, 24.185 ], [ 91.9705, 24.0725 ], [ 92.0597, 24.1037 ], [ 92.0527, 23.9967 ], [ 92.1335, 23.9305 ], [ 92.1761, 23.7491 ], [ 92.0634, 23.6451 ], [ 92.0005, 23.6707 ], [ 91.9772, 23.7319 ] ], [ [ 91.8779, 24.1504 ], [ 91.8778, 24.1504 ], [ 91.8779, 24.1503 ], [ 91.8779, 24.1504 ] ] ] } },
{ "type": "Feature", "properties": { "state": "Tripura", "district": "Gomati" }, "geometry": { "type": "Polygon", "coordinates": [ [ [ 91.7748, 23.2781 ], [ 91.8313, 23.0899 ], [ 91.7571, 23.1491 ], [ 91.7961, 23.1569 ], [ 91.7311, 23.3186 ], [ 91.6911, 23.3685 ], [ 91.6529, 23.3525 ], [ 91.6241, 23.4259 ], [ 91.5929, 23.3999 ], [ 91.5599, 23.4298 ], [ 91.4689, 23.4075 ], [ 91.4421, 23.3679 ], [ 91.3835, 23.4015 ], [ 91.3743, 23.5109 ], [ 91.4597, 23.5417 ], [ 91.3985, 23.5371 ], [ 91.3969, 23.5805 ], [ 91.4763, 23.6663 ], [ 91.4987, 23.6409 ], [ 91.5499, 23.6637 ], [ 91.5701, 23.7568 ], [ 91.6987, 23.7565 ], [ 91.6899, 23.6925 ], [ 91.7387, 23.5519 ], [ 91.7101, 23.5393 ], [ 91.7455, 23.5359 ], [ 91.7925, 23.4273 ], [ 91.8305, 23.4283 ], [ 91.8287, 23.4811 ], [ 91.9011, 23.4371 ], [ 91.841, 23.3999 ], [ 91.7748, 23.2781 ] ] ] } },
{ "type": "Feature", "properties": { "state": "Tripura", "district": "Khowai" }, "geometry": { "type": "Polygon", "coordinates": [ [ [ 91.4933, 24.0965 ], [ 91.5846, 24.0761 ], [ 91.6378, 24.1053 ], [ 91.6651, 24.2337 ], [ 91.6921, 24.1598 ], [ 91.7611, 24.1392 ], [ 91.7745, 23.6853 ], [ 91.7474, 23.6705 ], [ 91.7129, 23.7627 ], [ 91.5701, 23.7568 ], [ 91.5529, 23.9049 ], [ 91.5287, 23.9049 ], [ 91.4909, 24.0007 ], [ 91.4933, 24.0965 ] ], [ [ 91.5728, 24.0749 ], [ 91.5729, 24.0751 ], [ 91.5725, 24.0749 ], [ 91.5728, 24.0749 ] ] ] } },
{ "type": "Feature", "properties": { "state": "Tripura", "district": "North Tripura" }, "geometry": { "type": "Polygon", "coordinates": [ [ [ 92.2797, 23.7157 ], [ 92.2468, 23.7227 ], [ 92.2105, 23.6539 ], [ 92.1631, 23.7396 ], [ 92.1335, 23.9305 ], [ 92.0923, 23.9447 ], [ 92.0919, 23.9833 ], [ 92.1289, 23.9919 ], [ 92.1241, 24.0315 ], [ 92.1793, 24.0819 ], [ 92.1625, 24.1335 ], [ 92.2189, 24.1659 ], [ 92.1013, 24.2593 ], [ 92.0747, 24.3229 ], [ 92.0825, 24.3751 ], [ 92.1675, 24.4245 ], [ 92.1504, 24.4954 ], [ 92.1734, 24.534 ], [ 92.2343, 24.5004 ], [ 92.2731, 24.3885 ], [ 92.2129, 24.2493 ], [ 92.2967, 24.2517 ], [ 92.3369, 24.1469 ], [ 92.3221, 23.8699 ], [ 92.292, 23.8714 ], [ 92.2868, 23.8168 ], [ 92.2594, 23.815 ], [ 92.2797, 23.7157 ] ] ] } },
{ "type": "Feature", "properties": { "state": "Tripura", "district": "Sipahijala" }, "geometry": { "type": "Polygon", "coordinates": [ [ [ 91.1564, 23.6693 ], [ 91.2045, 23.6505 ], [ 91.2085, 23.6866 ], [ 91.1535, 23.6894 ], [ 91.1724, 23.752 ], [ 91.2765, 23.6949 ], [ 91.3327, 23.7411 ], [ 91.4711, 23.7261 ], [ 91.5683, 23.7771 ], [ 91.5499, 23.6637 ], [ 91.4987, 23.6409 ], [ 91.4763, 23.6663 ], [ 91.3969, 23.5805 ], [ 91.3985, 23.5371 ], [ 91.4597, 23.5417 ], [ 91.3743, 23.5109 ], [ 91.3835, 23.4015 ], [ 91.4206, 23.3717 ], [ 91.3387, 23.2759 ], [ 91.2898, 23.3187 ], [ 91.32, 23.3602 ], [ 91.291, 23.3508 ], [ 91.2493, 23.4903 ], [ 91.2007, 23.5202 ], [ 91.1564, 23.6693 ] ], [ [ 91.1615, 23.6646 ], [ 91.1611, 23.6651 ], [ 91.162, 23.6639 ], [ 91.1615, 23.6646 ] ], [ [ 91.1607, 23.6662 ], [ 91.1608, 23.6661 ], [ 91.1607, 23.6665 ], [ 91.1607, 23.6665 ], [ 91.1607, 23.6662 ] ] ] } },
{ "type": "Feature", "properties": { "state": "Tripura", "district": "South Tripura" }, "geometry": { "type": "MultiPolygon", "coordinates": [ [ [ [ 91.3889, 23.1784 ], [ 91.3888, 23.1794 ], [ 91.3898, 23.1772 ], [ 91.3889, 23.1784 ] ] ], [ [ [ 91.7851, 23.0317 ], [ 91.6453, 22.9851 ], [ 91.6199, 22.9385 ], [ 91.606, 22.972 ], [ 91.5572, 22.9786 ], [ 91.4909, 23.1578 ], [ 91.5074, 23.1833 ], [ 91.4742, 23.1888 ], [ 91.4539, 23.2564 ], [ 91.4088, 23.2853 ], [ 91.3799, 23.1846 ], [ 91.422, 23.0592 ], [ 91.3697, 23.0705 ], [ 91.3002, 23.2926 ], [ 91.3485, 23.2809 ], [ 91.4689, 23.4075 ], [ 91.5599, 23.4298 ], [ 91.5929, 23.3999 ], [ 91.6241, 23.4259 ], [ 91.6529, 23.3525 ], [ 91.6911, 23.3685 ], [ 91.7311, 23.3186 ], [ 91.7961, 23.1569 ], [ 91.7571, 23.1491 ], [ 91.8323, 23.0895 ], [ 91.7745, 23.0697 ], [ 91.7851, 23.0317 ] ] ] ] } },
{ "type": "Feature", "properties": { "state": "Tripura", "district": "Unokoti" }, "geometry": { "type": "Polygon", "coordinates": [ [ [ 91.9022, 24.1371 ], [ 91.9407, 24.2682 ], [ 91.9199, 24.3375 ], [ 91.9567, 24.3568 ], [ 91.9959, 24.3222 ], [ 91.9669, 24.3798 ], [ 91.9965, 24.3939 ], [ 92.0825, 24.3751 ], [ 92.1013, 24.2593 ], [ 92.2189, 24.1659 ], [ 92.1625, 24.1335 ], [ 92.1793, 24.0819 ], [ 92.1241, 24.0315 ], [ 92.1289, 23.9919 ], [ 92.0919, 23.9833 ], [ 92.0473, 24.0137 ], [ 92.0597, 24.1037 ], [ 91.9705, 24.0725 ], [ 91.9022, 24.1371 ] ] ] } },
{ "type": "Feature", "properties": { "state": "Tripura", "district": "West Tripura" }, "geometry": { "type": "Polygon", "coordinates": [ [ [ 91.2527, 23.8411 ], [ 91.233, 23.9271 ], [ 91.2753, 23.9264 ], [ 91.2837, 23.9831 ], [ 91.3796, 23.9792 ], [ 91.3745, 24.1079 ], [ 91.4761, 24.1005 ], [ 91.4909, 24.0007 ], [ 91.5633, 23.8651 ], [ 91.5605, 23.7645 ], [ 91.4711, 23.7261 ], [ 91.3327, 23.7411 ], [ 91.2765, 23.6949 ], [ 91.2205, 23.7409 ], [ 91.2527, 23.8411 ] ] ] } },
{ "type": "Feature", "properties": { "state": "Uttar Pradesh", "district": "Agra" }, "geometry": { "type": "Polygon", "coordinates": [ [ [ 78.7621, 26.7668 ], [ 78.7153, 26.8002 ], [ 78.5658, 26.7577 ], [ 78.3897, 26.8249 ], [ 78.3514, 26.8744 ], [ 78.2821, 26.8641 ], [ 78.2556, 26.8203 ], [ 78.2098, 26.8361 ], [ 78.1902, 26.8835 ], [ 78.2622, 26.9235 ], [ 78.2159, 26.954 ], [ 78.1113, 26.9532 ], [ 78.1015, 26.905 ], [ 78.0422, 26.9154 ], [ 78.0478, 26.8748 ], [ 78.022, 26.8609 ], [ 78.0067, 26.9107 ], [ 77.8999, 26.9245 ], [ 77.8901, 26.8895 ], [ 77.7534, 26.9377 ], [ 77.7158, 26.8813 ], [ 77.6045, 26.8328 ], [ 77.5207, 26.822 ], [ 77.498, 26.8479 ], [ 77.4933, 26.767 ], [ 77.4483, 26.7467 ], [ 77.4643, 26.7696 ], [ 77.4286, 26.7701 ], [ 77.4175, 26.8428 ], [ 77.4738, 26.8998 ], [ 77.7477, 26.9985 ], [ 77.7355, 27.0337 ], [ 77.7036, 27.0003 ], [ 77.6733, 27.0516 ], [ 77.6274, 27.0155 ], [ 77.5574, 27.0369 ], [ 77.5657, 27.078 ], [ 77.5214, 27.0672 ], [ 77.4984, 27.0952 ], [ 77.6654, 27.1861 ], [ 77.6391, 27.2471 ], [ 77.7751, 27.2396 ], [ 77.8392, 27.296 ], [ 77.8638, 27.2543 ], [ 77.8742, 27.3013 ], [ 77.9261, 27.2401 ], [ 77.9528, 27.3 ], [ 77.9547, 27.2457 ], [ 77.985, 27.2488 ], [ 77.9789, 27.2717 ], [ 78.0201, 27.2549 ], [ 78.0231, 27.1839 ], [ 78.0785, 27.2069 ], [ 78.1972, 27.1866 ], [ 78.2205, 27.0785 ], [ 78.2515, 27.0871 ], [ 78.2361, 27.1149 ], [ 78.2755, 27.0854 ], [ 78.2904, 27.1257 ], [ 78.3641, 27.1255 ], [ 78.3072, 27.0999 ], [ 78.3044, 27.0574 ], [ 78.3554, 27.0851 ], [ 78.4198, 27.0525 ], [ 78.4432, 26.9899 ], [ 78.4739, 26.9997 ], [ 78.5209, 26.9232 ], [ 78.5109, 26.9816 ], [ 78.5673, 26.9675 ], [ 78.5924, 26.9256 ], [ 78.6108, 26.9517 ], [ 78.6363, 26.8851 ], [ 78.6648, 26.8841 ], [ 78.6676, 26.9226 ], [ 78.733, 26.9242 ], [ 78.7389, 26.8926 ], [ 78.7547, 26.9133 ], [ 78.8428, 26.8152 ], [ 78.7621, 26.7668 ] ] ] } },
{ "type": "Feature", "properties": { "state": "Uttar Pradesh", "district": "Aligarh" }, "geometry": { "type": "Polygon", "coordinates": [ [ [ 78.0547, 27.7977 ], [ 77.9967, 27.7341 ], [ 78.0141, 27.6507 ], [ 77.9797, 27.6379 ], [ 77.9904, 27.6066 ], [ 77.8608, 27.5823 ], [ 77.8418, 27.6591 ], [ 77.7839, 27.6943 ], [ 77.7926, 27.749 ], [ 77.8256, 27.7609 ], [ 77.7745, 27.8455 ], [ 77.7997, 27.8665 ], [ 77.6466, 27.9697 ], [ 77.5237, 27.9265 ], [ 77.5359, 27.9655 ], [ 77.5096, 27.9733 ], [ 77.5352, 27.9933 ], [ 77.47, 28.0837 ], [ 77.6487, 28.1177 ], [ 77.7079, 28.0853 ], [ 77.7375, 28.1483 ], [ 77.7672, 28.1328 ], [ 77.8356, 28.1775 ], [ 77.8348, 28.139 ], [ 77.9295, 28.0825 ], [ 77.9903, 28.0792 ], [ 78.0401, 28.1354 ], [ 78.1139, 28.1203 ], [ 78.15, 28.0751 ], [ 78.3587, 28.1578 ], [ 78.3792, 28.1093 ], [ 78.4516, 28.1035 ], [ 78.4758, 28.1301 ], [ 78.5399, 28.0692 ], [ 78.579, 28.0879 ], [ 78.6062, 28.0619 ], [ 78.5658, 27.9429 ], [ 78.485, 27.8635 ], [ 78.4995, 27.8063 ], [ 78.4411, 27.832 ], [ 78.3219, 27.669 ], [ 78.2098, 27.692 ], [ 78.165, 27.7214 ], [ 78.1606, 27.7691 ], [ 78.0618, 27.7744 ], [ 78.0547, 27.7977 ] ] ] } },
{ "type": "Feature", "properties": { "state": "Uttar Pradesh", "district": "Allahabad" }, "geometry": { "type": "Polygon", "coordinates": [ [ [ 82.0897, 24.8159 ], [ 81.9347, 24.8514 ], [ 81.8964, 24.8925 ], [ 81.912, 24.9309 ], [ 81.9, 25.0072 ], [ 81.8914, 25.0135 ], [ 81.8861, 24.9928 ], [ 81.7892, 25.0101 ], [ 81.6819, 25.0438 ], [ 81.6587, 25.0797 ], [ 81.6043, 25.0607 ], [ 81.632, 25.1033 ], [ 81.591, 25.123 ], [ 81.6135, 25.1705 ], [ 81.5125, 25.1974 ], [ 81.5175, 25.2381 ], [ 81.5559, 25.2423 ], [ 81.5416, 25.2936 ], [ 81.6155, 25.3495 ], [ 81.7098, 25.3561 ], [ 81.7867, 25.3222 ], [ 81.8105, 25.4125 ], [ 81.9024, 25.4596 ], [ 81.8612, 25.5162 ], [ 81.7893, 25.4733 ], [ 81.6645, 25.5132 ], [ 81.6402, 25.5823 ], [ 81.6056, 25.5965 ], [ 81.6003, 25.6712 ], [ 81.6341, 25.6658 ], [ 81.6509, 25.6157 ], [ 81.7184, 25.6286 ], [ 81.6884, 25.6708 ], [ 81.7421, 25.6723 ], [ 81.7688, 25.7483 ], [ 81.8811, 25.7146 ], [ 81.923, 25.7551 ], [ 82.0123, 25.7467 ], [ 82.0311, 25.7269 ], [ 82.0023, 25.7017 ], [ 82.0527, 25.6627 ], [ 82.1473, 25.6859 ], [ 82.1122, 25.6469 ], [ 82.1456, 25.6042 ], [ 82.3226, 25.5401 ], [ 82.3228, 25.5014 ], [ 82.2939, 25.5244 ], [ 82.3086, 25.5046 ], [ 82.2753, 25.4907 ], [ 82.3447, 25.4218 ], [ 82.3063, 25.3948 ], [ 82.2936, 25.3112 ], [ 82.2139, 25.2786 ], [ 82.1862, 25.2192 ], [ 82.2933, 25.1593 ], [ 82.3196, 25.0797 ], [ 82.2598, 24.972 ], [ 82.1036, 24.8782 ], [ 82.0897, 24.8159 ] ] ] } },
{ "type": "Feature", "properties": { "state": "Uttar Pradesh", "district": "Ambedkar Nagar" }, "geometry": { "type": "Polygon", "coordinates": [ [ [ 82.9007, 26.4455 ], [ 82.8552, 26.3283 ], [ 82.8774, 26.2551 ], [ 82.8504, 26.2093 ], [ 82.8815, 26.1842 ], [ 82.8566, 26.1639 ], [ 82.7711, 26.1977 ], [ 82.7441, 26.2678 ], [ 82.629, 26.2492 ], [ 82.5435, 26.2875 ], [ 82.4675, 26.2813 ], [ 82.3934, 26.3304 ], [ 82.3729, 26.3822 ], [ 82.2116, 26.4114 ], [ 82.3074, 26.5106 ], [ 82.3295, 26.5807 ], [ 82.3871, 26.5469 ], [ 82.4502, 26.5738 ], [ 82.4689, 26.6562 ], [ 82.5699, 26.6079 ], [ 82.6554, 26.6084 ], [ 82.704, 26.5588 ], [ 82.8004, 26.5783 ], [ 82.8937, 26.5443 ], [ 83.0152, 26.4774 ], [ 83.0777, 26.3938 ], [ 83.1256, 26.3881 ], [ 83.1019, 26.2876 ], [ 83.0605, 26.2844 ], [ 83.0168, 26.3399 ], [ 82.9645, 26.3482 ], [ 82.9652, 26.3823 ], [ 82.926, 26.3868 ], [ 82.9577, 26.4459 ], [ 82.9007, 26.4455 ] ] ] } },
{ "type": "Feature", "properties": { "state": "Uttar Pradesh", "district": "Amethi" }, "geometry": { "type": "Polygon", "coordinates": [ [ [ 81.6074, 26.1769 ], [ 81.5343, 26.1265 ], [ 81.56, 26.0773 ], [ 81.5096, 26.0406 ], [ 81.5584, 26.033 ], [ 81.5868, 25.9703 ], [ 81.4972, 25.9772 ], [ 81.4787, 25.9351 ], [ 81.4338, 25.9279 ], [ 81.3074, 26.0122 ], [ 81.3005, 26.0529 ], [ 81.3298, 26.0529 ], [ 81.3665, 26.1505 ], [ 81.3489, 26.2755 ], [ 81.4003, 26.3213 ], [ 81.3589, 26.339 ], [ 81.3967, 26.3449 ], [ 81.4137, 26.3876 ], [ 81.359, 26.4434 ], [ 81.3376, 26.5393 ], [ 81.3737, 26.5916 ], [ 81.5401, 26.5292 ], [ 81.5565, 26.6687 ], [ 81.6563, 26.6253 ], [ 81.6414, 26.5861 ], [ 81.694, 26.5928 ], [ 81.6673, 26.5334 ], [ 81.7011, 26.512 ], [ 81.7246, 26.5476 ], [ 81.8902, 26.5267 ], [ 81.9238, 26.4798 ], [ 81.8971, 26.4527 ], [ 81.9402, 26.4537 ], [ 81.932, 26.4024 ], [ 81.8009, 26.3306 ], [ 82.0437, 26.1549 ], [ 82.066, 26.0934 ], [ 82.0445, 26.0632 ], [ 81.9558, 26.0824 ], [ 81.9238, 26.0557 ], [ 81.8759, 26.0843 ], [ 81.7778, 26.0303 ], [ 81.7332, 26.0898 ], [ 81.6791, 26.0803 ], [ 81.6757, 26.1213 ], [ 81.6074, 26.1769 ] ] ] } },
{ "type": "Feature", "properties": { "state": "Uttar Pradesh", "district": "Amroha" }, "geometry": { "type": "Polygon", "coordinates": [ [ [ 78.3885, 28.7698 ], [ 78.4177, 28.4851 ], [ 78.2805, 28.409 ], [ 78.2944, 28.4647 ], [ 78.2094, 28.5059 ], [ 78.2192, 28.5791 ], [ 78.1823, 28.6762 ], [ 78.1305, 28.727 ], [ 78.0979, 28.8788 ], [ 78.0507, 28.9024 ], [ 78.0858, 28.9897 ], [ 78.0734, 29.0739 ], [ 78.398, 29.0376 ], [ 78.6049, 29.0977 ], [ 78.6579, 29.1793 ], [ 78.6563, 29.1077 ], [ 78.6996, 29.1008 ], [ 78.6306, 29.0069 ], [ 78.6796, 28.9528 ], [ 78.6571, 28.8788 ], [ 78.5985, 28.8074 ], [ 78.3885, 28.7698 ] ] ] } },
{ "type": "Feature", "properties": { "state": "Uttar Pradesh", "district": "Auraiya" }, "geometry": { "type": "Polygon", "coordinates": [ [ [ 79.284, 26.448 ], [ 79.0471, 26.4614 ], [ 79.0785, 26.505 ], [ 79.1607, 26.5042 ], [ 79.2507, 26.6241 ], [ 79.3062, 26.6509 ], [ 79.3501, 26.9523 ], [ 79.4294, 26.9468 ], [ 79.5513, 26.8664 ], [ 79.6432, 26.8989 ], [ 79.707, 26.8121 ], [ 79.7488, 26.8006 ], [ 79.6675, 26.7485 ], [ 79.7122, 26.6667 ], [ 79.629, 26.6058 ], [ 79.6305, 26.5135 ], [ 79.5007, 26.3703 ], [ 79.4655, 26.4367 ], [ 79.333, 26.4069 ], [ 79.284, 26.448 ] ] ] } },
{ "type": "Feature", "properties": { "state": "Uttar Pradesh", "district": "Azamgarh" }, "geometry": { "type": "Polygon", "coordinates": [ [ [ 83.175, 25.9188 ], [ 83.1907, 25.8757 ], [ 83.2431, 25.8559 ], [ 83.2605, 25.876 ], [ 83.3466, 25.8231 ], [ 83.2972, 25.7583 ], [ 83.187, 25.7801 ], [ 83.2334, 25.7086 ], [ 83.1858, 25.7029 ], [ 83.1399, 25.639 ], [ 83.0585, 25.6542 ], [ 83.0694, 25.6842 ], [ 82.9998, 25.7154 ], [ 82.9771, 25.6821 ], [ 82.8908, 25.7755 ], [ 82.8162, 25.7744 ], [ 82.7492, 25.84 ], [ 82.7647, 25.8975 ], [ 82.6596, 26.1441 ], [ 82.685, 26.1586 ], [ 82.6711, 26.259 ], [ 82.7441, 26.2678 ], [ 82.7711, 26.1977 ], [ 82.8743, 26.1721 ], [ 82.8552, 26.3283 ], [ 82.8878, 26.35 ], [ 82.8754, 26.3865 ], [ 82.9107, 26.3976 ], [ 82.9007, 26.4455 ], [ 82.9336, 26.4306 ], [ 82.9403, 26.4535 ], [ 82.926, 26.3868 ], [ 82.9652, 26.3823 ], [ 82.9645, 26.3482 ], [ 83.0168, 26.3399 ], [ 83.0605, 26.2844 ], [ 83.1019, 26.2876 ], [ 83.1057, 26.3592 ], [ 83.1755, 26.4008 ], [ 83.328, 26.3531 ], [ 83.4092, 26.277 ], [ 83.4989, 26.28 ], [ 83.4009, 26.1705 ], [ 83.3975, 26.0977 ], [ 83.3554, 26.0795 ], [ 83.2851, 26.1295 ], [ 83.2329, 26.1163 ], [ 83.2528, 26.0982 ], [ 83.1976, 26.0572 ], [ 83.2058, 25.9512 ], [ 83.175, 25.9188 ] ] ] } },
{ "type": "Feature", "properties": { "state": "Uttar Pradesh", "district": "Baghpat" }, "geometry": { "type": "Polygon", "coordinates": [ [ [ 77.122, 29.1058 ], [ 77.1423, 29.3015 ], [ 77.3996, 29.2504 ], [ 77.4781, 29.2023 ], [ 77.4397, 29.119 ], [ 77.4706, 28.9727 ], [ 77.3985, 28.8805 ], [ 77.3974, 28.782 ], [ 77.2973, 28.7966 ], [ 77.2813, 28.8371 ], [ 77.2276, 28.8286 ], [ 77.1832, 28.8718 ], [ 77.2212, 28.9041 ], [ 77.1901, 28.9557 ], [ 77.2142, 29.006 ], [ 77.122, 29.1058 ] ] ] } },
{ "type": "Feature", "properties": { "state": "Uttar Pradesh", "district": "Bahraich" }, "geometry": { "type": "MultiPolygon", "coordinates": [ [ [ [ 81.4384, 27.6679 ], [ 81.5499, 27.6306 ], [ 81.5475, 27.5823 ], [ 81.6834, 27.4982 ], [ 81.6812, 27.392 ], [ 81.7645, 27.3694 ], [ 81.6906, 27.3579 ], [ 81.7135, 27.3321 ], [ 81.6702, 27.3192 ], [ 81.6974, 27.285 ], [ 81.6346, 27.1588 ], [ 81.4973, 27.0639 ], [ 81.4381, 27.1388 ], [ 81.4337, 27.314 ], [ 81.2931, 27.5426 ], [ 81.3098, 27.6553 ], [ 81.2682, 27.8894 ], [ 81.2957, 27.9127 ], [ 81.1559, 28.0502 ], [ 81.1753, 28.1218 ], [ 81.0246, 28.295 ], [ 81.0466, 28.4095 ], [ 81.2151, 28.3582 ], [ 81.2345, 28.2889 ], [ 81.3224, 28.1972 ], [ 81.3198, 28.1334 ], [ 81.3731, 28.1422 ], [ 81.3769, 28.1769 ], [ 81.4283, 28.1706 ], [ 81.4858, 28.1181 ], [ 81.4802, 28.0825 ], [ 81.65, 27.9933 ], [ 81.6141, 27.9437 ], [ 81.4838, 27.9411 ], [ 81.529, 27.8054 ], [ 81.5902, 27.7629 ], [ 81.553, 27.7389 ], [ 81.589, 27.6869 ], [ 81.5571, 27.6572 ], [ 81.517, 27.7294 ], [ 81.4384, 27.6679 ] ] ], [ [ [ 81.804, 27.9054 ], [ 81.7703, 27.9255 ], [ 81.6948, 27.9894 ], [ 81.804, 27.9054 ] ] ] ] } },
{ "type": "Feature", "properties": { "state": "Uttar Pradesh", "district": "Ballia" }, "geometry": { "type": "Polygon", "coordinates": [ [ [ 84.5556, 25.7364 ], [ 84.5523, 25.684 ], [ 84.5359, 25.7265 ], [ 84.499, 25.6774 ], [ 84.4488, 25.7145 ], [ 84.4019, 25.6995 ], [ 84.38, 25.7487 ], [ 84.3313, 25.7446 ], [ 84.3186, 25.6719 ], [ 84.2856, 25.6615 ], [ 84.2029, 25.6696 ], [ 84.1482, 25.731 ], [ 84.0944, 25.7204 ], [ 84.0765, 25.6375 ], [ 83.921, 25.5617 ], [ 83.9464, 25.7496 ], [ 83.8492, 25.7985 ], [ 83.8044, 25.7751 ], [ 83.7922, 25.8141 ], [ 83.7215, 25.8511 ], [ 83.7898, 25.925 ], [ 83.7888, 25.9889 ], [ 83.6805, 26.012 ], [ 83.6737, 26.0779 ], [ 83.7865, 26.1103 ], [ 83.7988, 26.1418 ], [ 83.7724, 26.163 ], [ 83.8022, 26.1932 ], [ 83.8546, 26.1875 ], [ 83.8991, 26.1254 ], [ 84.091, 26.0965 ], [ 84.1673, 26.0255 ], [ 84.1662, 25.9915 ], [ 84.2018, 26.0006 ], [ 84.2963, 25.947 ], [ 84.3514, 25.9593 ], [ 84.4233, 25.8924 ], [ 84.5286, 25.8777 ], [ 84.527, 25.8343 ], [ 84.6202, 25.7941 ], [ 84.6005, 25.7606 ], [ 84.6306, 25.7283 ], [ 84.5556, 25.7364 ] ] ] } },
{ "type": "Feature", "properties": { "state": "Uttar Pradesh", "district": "Balrampur" }, "geometry": { "type": "Polygon", "coordinates": [ [ [ 82.7579, 27.5866 ], [ 82.7105, 27.4706 ], [ 82.7502, 27.4137 ], [ 82.5681, 27.4305 ], [ 82.5326, 27.3766 ], [ 82.4831, 27.3639 ], [ 82.4613, 27.3316 ], [ 82.5014, 27.3273 ], [ 82.4761, 27.3058 ], [ 82.5063, 27.3111 ], [ 82.4814, 27.2859 ], [ 82.5169, 27.2593 ], [ 82.4887, 27.2447 ], [ 82.5595, 27.1908 ], [ 82.4395, 27.19 ], [ 82.4439, 27.1573 ], [ 82.4864, 27.161 ], [ 82.3893, 27.0505 ], [ 82.2291, 27.1539 ], [ 82.2362, 27.2286 ], [ 82.2971, 27.2379 ], [ 82.1447, 27.329 ], [ 82.1083, 27.4103 ], [ 82.0681, 27.4033 ], [ 82.0453, 27.5584 ], [ 82.0139, 27.5877 ], [ 82.198, 27.8475 ], [ 82.4507, 27.6786 ], [ 82.7099, 27.7217 ], [ 82.7579, 27.5866 ] ] ] } },
{ "type": "Feature", "properties": { "state": "Uttar Pradesh", "district": "Banda" }, "geometry": { "type": "Polygon", "coordinates": [ [ [ 80.2673, 25.0316 ], [ 80.3513, 25.1449 ], [ 80.4226, 25.1722 ], [ 80.3991, 25.243 ], [ 80.304, 25.2889 ], [ 80.3108, 25.3873 ], [ 80.2737, 25.425 ], [ 80.1939, 25.4162 ], [ 80.1233, 25.3384 ], [ 80.0961, 25.3516 ], [ 80.142, 25.4022 ], [ 80.113, 25.4121 ], [ 80.1312, 25.461 ], [ 80.1825, 25.4466 ], [ 80.1976, 25.4882 ], [ 80.216, 25.4752 ], [ 80.2062, 25.5589 ], [ 80.2713, 25.5885 ], [ 80.3057, 25.709 ], [ 80.3408, 25.7052 ], [ 80.2229, 25.8024 ], [ 80.323, 25.8504 ], [ 80.3415, 25.9036 ], [ 80.5477, 25.8714 ], [ 80.4556, 25.8271 ], [ 80.5147, 25.7814 ], [ 80.5715, 25.7847 ], [ 80.5471, 25.7393 ], [ 80.5827, 25.7148 ], [ 80.7344, 25.6851 ], [ 80.8272, 25.7319 ], [ 80.8542, 25.6802 ], [ 80.9345, 25.6896 ], [ 80.9501, 25.6123 ], [ 81.0287, 25.6303 ], [ 80.9914, 25.5753 ], [ 81.0164, 25.5057 ], [ 80.8987, 25.4453 ], [ 80.8252, 25.3526 ], [ 80.7506, 25.3283 ], [ 80.8035, 25.2668 ], [ 80.7431, 25.2554 ], [ 80.7896, 25.2204 ], [ 80.6853, 25.1583 ], [ 80.7144, 25.0678 ], [ 80.6736, 25.0542 ], [ 80.6793, 25.0818 ], [ 80.62, 25.0896 ], [ 80.6014, 25.1044 ], [ 80.6324, 25.1233 ], [ 80.5946, 25.1552 ], [ 80.5878, 25.1091 ], [ 80.6068, 25.0722 ], [ 80.5624, 25.0914 ], [ 80.5434, 25.0677 ], [ 80.4947, 25.1049 ], [ 80.4745, 25.1018 ], [ 80.5, 25.0896 ], [ 80.4942, 25.0453 ], [ 80.4407, 25.0821 ], [ 80.3658, 25.0578 ], [ 80.3822, 25.0097 ], [ 80.2673, 25.0316 ] ] ] } },
{ "type": "Feature", "properties": { "state": "Uttar Pradesh", "district": "Barabanki" }, "geometry": { "type": "Polygon", "coordinates": [ [ [ 81.5213, 26.5321 ], [ 81.3737, 26.5916 ], [ 81.3065, 26.5438 ], [ 81.2102, 26.603 ], [ 81.1565, 26.5974 ], [ 81.1577, 26.6481 ], [ 81.2093, 26.7109 ], [ 81.1789, 26.7664 ], [ 81.2068, 26.7872 ], [ 81.1544, 26.7781 ], [ 81.1611, 26.8123 ], [ 81.0842, 26.8428 ], [ 81.0859, 26.9196 ], [ 81.0335, 26.9438 ], [ 81.0556, 26.9728 ], [ 81.0156, 26.9775 ], [ 80.9685, 27.0406 ], [ 80.9741, 27.0746 ], [ 81.0461, 27.0905 ], [ 81.0021, 27.1458 ], [ 80.9192, 27.1643 ], [ 80.9603, 27.2453 ], [ 81.0569, 27.2268 ], [ 81.1074, 27.2798 ], [ 81.2012, 27.2432 ], [ 81.2318, 27.2738 ], [ 81.2163, 27.3262 ], [ 81.2835, 27.3621 ], [ 81.337, 27.2593 ], [ 81.4019, 27.3417 ], [ 81.4337, 27.314 ], [ 81.4347, 27.1583 ], [ 81.4707, 27.075 ], [ 81.5634, 27.0513 ], [ 81.5683, 27.0169 ], [ 81.6304, 27.0186 ], [ 81.6481, 26.9669 ], [ 81.7191, 26.9606 ], [ 81.7078, 26.925 ], [ 81.7415, 26.8926 ], [ 81.8478, 26.8394 ], [ 81.8515, 26.8105 ], [ 81.7968, 26.7886 ], [ 81.8323, 26.7631 ], [ 81.8305, 26.6956 ], [ 81.7938, 26.6773 ], [ 81.7511, 26.7108 ], [ 81.7434, 26.6243 ], [ 81.6641, 26.5862 ], [ 81.6391, 26.5894 ], [ 81.6563, 26.6253 ], [ 81.5565, 26.6687 ], [ 81.5656, 26.614 ], [ 81.5213, 26.5321 ] ] ] } },
{ "type": "Feature", "properties": { "state": "Uttar Pradesh", "district": "Bareilly" }, "geometry": { "type": "Polygon", "coordinates": [ [ [ 79.5898, 28.6388 ], [ 79.6011, 28.5989 ], [ 79.6641, 28.5888 ], [ 79.6752, 28.5324 ], [ 79.7359, 28.5135 ], [ 79.7461, 28.4564 ], [ 79.7165, 28.4663 ], [ 79.7118, 28.4191 ], [ 79.6607, 28.3974 ], [ 79.6917, 28.3786 ], [ 79.6622, 28.323 ], [ 79.7026, 28.2738 ], [ 79.6303, 28.2128 ], [ 79.6207, 28.0921 ], [ 79.5754, 28.0968 ], [ 79.4869, 28.0265 ], [ 79.4882, 28.1138 ], [ 79.4132, 28.1771 ], [ 79.3242, 28.1589 ], [ 79.3037, 28.1829 ], [ 79.1186, 28.1952 ], [ 79.0657, 28.3597 ], [ 78.9893, 28.3909 ], [ 78.9892, 28.4376 ], [ 79.1294, 28.496 ], [ 79.2901, 28.722 ], [ 79.3802, 28.7667 ], [ 79.3609, 28.823 ], [ 79.3979, 28.8553 ], [ 79.3725, 28.8807 ], [ 79.4239, 28.8552 ], [ 79.5387, 28.8924 ], [ 79.5509, 28.8459 ], [ 79.6393, 28.8505 ], [ 79.661, 28.7496 ], [ 79.5898, 28.6388 ] ] ] } },
{ "type": "Feature", "properties": { "state": "Uttar Pradesh", "district": "Basti" }, "geometry": { "type": "Polygon", "coordinates": [ [ [ 82.8968, 26.5411 ], [ 82.8048, 26.5779 ], [ 82.704, 26.5588 ], [ 82.6554, 26.6084 ], [ 82.3727, 26.6618 ], [ 82.2264, 26.7564 ], [ 82.2337, 26.9388 ], [ 82.3068, 26.9813 ], [ 82.3499, 26.9355 ], [ 82.3888, 26.951 ], [ 82.4773, 26.9092 ], [ 82.5764, 27.0045 ], [ 82.6929, 27.0233 ], [ 82.7333, 26.9836 ], [ 82.805, 26.9793 ], [ 82.7912, 26.9468 ], [ 82.82, 26.9378 ], [ 82.8922, 26.9966 ], [ 82.9202, 26.9251 ], [ 82.8601, 26.9442 ], [ 82.8631, 26.8827 ], [ 82.8185, 26.8515 ], [ 82.873, 26.8352 ], [ 82.8739, 26.788 ], [ 82.9241, 26.799 ], [ 82.9123, 26.7658 ], [ 82.9687, 26.714 ], [ 82.9622, 26.6768 ], [ 82.9084, 26.6592 ], [ 82.9245, 26.6254 ], [ 82.8792, 26.6139 ], [ 82.8968, 26.5411 ] ] ] } },
{ "type": "Feature", "properties": { "state": "Uttar Pradesh", "district": "Bijnor" }, "geometry": { "type": "Polygon", "coordinates": [ [ [ 78.6907, 29.2131 ], [ 78.6049, 29.0977 ], [ 78.398, 29.0376 ], [ 78.099, 29.0867 ], [ 78.1254, 29.2661 ], [ 77.9845, 29.4875 ], [ 77.984, 29.5434 ], [ 78.0369, 29.5526 ], [ 78.0439, 29.5931 ], [ 78.1391, 29.6761 ], [ 78.2314, 29.7041 ], [ 78.3317, 29.7962 ], [ 78.4876, 29.7414 ], [ 78.5177, 29.6392 ], [ 78.5765, 29.5806 ], [ 78.6934, 29.5089 ], [ 78.9229, 29.4562 ], [ 78.8702, 29.3924 ], [ 78.809, 29.3829 ], [ 78.7888, 29.3293 ], [ 78.7283, 29.3342 ], [ 78.7139, 29.3174 ], [ 78.7668, 29.2859 ], [ 78.695, 29.2732 ], [ 78.6682, 29.2323 ], [ 78.6907, 29.2131 ] ] ] } },
{ "type": "Feature", "properties": { "state": "Uttar Pradesh", "district": "Budaun" }, "geometry": { "type": "Polygon", "coordinates": [ [ [ 79.3248, 28.1605 ], [ 79.4132, 28.1771 ], [ 79.4909, 28.092 ], [ 79.4502, 27.902 ], [ 79.4761, 27.8486 ], [ 79.3647, 27.823 ], [ 79.3489, 27.7435 ], [ 79.3213, 27.734 ], [ 79.3423, 27.6576 ], [ 79.1992, 27.713 ], [ 79.1172, 27.8514 ], [ 78.9928, 27.846 ], [ 78.9771, 27.8792 ], [ 78.9108, 27.8571 ], [ 78.8792, 27.9229 ], [ 78.7114, 27.9707 ], [ 78.6613, 28.041 ], [ 78.5795, 28.0741 ], [ 78.5717, 28.1251 ], [ 78.6435, 28.3358 ], [ 78.8804, 28.4885 ], [ 79.0657, 28.3597 ], [ 79.1186, 28.1952 ], [ 79.3248, 28.1605 ] ] ] } },
{ "type": "Feature", "properties": { "state": "Uttar Pradesh", "district": "Bulandshahr" }, "geometry": { "type": "Polygon", "coordinates": [ [ [ 78.3492, 28.1578 ], [ 78.1416, 28.0748 ], [ 78.1139, 28.1203 ], [ 78.0401, 28.1354 ], [ 77.9903, 28.0792 ], [ 77.9295, 28.0825 ], [ 77.8348, 28.139 ], [ 77.8356, 28.1775 ], [ 77.7672, 28.1328 ], [ 77.6653, 28.2664 ], [ 77.6553, 28.3671 ], [ 77.5854, 28.4357 ], [ 77.6801, 28.5141 ], [ 77.6783, 28.5576 ], [ 77.7421, 28.5649 ], [ 77.8475, 28.6567 ], [ 77.8919, 28.6367 ], [ 77.9568, 28.7195 ], [ 78.0819, 28.6398 ], [ 78.1987, 28.6212 ], [ 78.2094, 28.5059 ], [ 78.2944, 28.4647 ], [ 78.2738, 28.3779 ], [ 78.3118, 28.2951 ], [ 78.4758, 28.1301 ], [ 78.4187, 28.0998 ], [ 78.3492, 28.1578 ] ] ] } },
{ "type": "Feature", "properties": { "state": "Uttar Pradesh", "district": "Chandauli" }, "geometry": { "type": "Polygon", "coordinates": [ [ [ 83.3359, 25.1836 ], [ 83.3161, 25.0273 ], [ 83.3439, 25.0105 ], [ 83.354, 24.8706 ], [ 83.3925, 24.7971 ], [ 83.3136, 24.7874 ], [ 83.3005, 24.7209 ], [ 83.1725, 24.7182 ], [ 83.0818, 24.7813 ], [ 83.121, 24.8273 ], [ 83.0769, 24.862 ], [ 83.0509, 25.0601 ], [ 83.1214, 25.0602 ], [ 83.1212, 25.1264 ], [ 83.1754, 25.1774 ], [ 83.0685, 25.2131 ], [ 83.0257, 25.2438 ], [ 83.0626, 25.2472 ], [ 83.0406, 25.2844 ], [ 83.004, 25.2989 ], [ 83.1535, 25.3333 ], [ 83.1863, 25.4077 ], [ 83.1222, 25.4519 ], [ 83.1864, 25.5321 ], [ 83.321, 25.4652 ], [ 83.4052, 25.4892 ], [ 83.5278, 25.393 ], [ 83.5466, 25.3116 ], [ 83.4093, 25.2493 ], [ 83.3359, 25.1836 ] ] ] } },
{ "type": "Feature", "properties": { "state": "Uttar Pradesh", "district": "Chitrakoot" }, "geometry": { "type": "Polygon", "coordinates": [ [ [ 81.2113, 25.0017 ], [ 81.2126, 24.9345 ], [ 81.1614, 24.9585 ], [ 81.1324, 24.8921 ], [ 81.0764, 24.9523 ], [ 80.9552, 24.9257 ], [ 80.9368, 24.9725 ], [ 80.9, 24.9396 ], [ 80.8022, 24.9445 ], [ 80.79, 24.9718 ], [ 80.8482, 24.9981 ], [ 80.8267, 25.0392 ], [ 80.9049, 25.1603 ], [ 80.878, 25.1956 ], [ 80.8363, 25.1927 ], [ 80.8277, 25.1103 ], [ 80.7996, 25.1464 ], [ 80.6996, 25.1371 ], [ 80.7759, 25.0617 ], [ 80.7144, 25.0678 ], [ 80.6934, 25.0879 ], [ 80.7061, 25.1889 ], [ 80.7896, 25.2204 ], [ 80.7431, 25.2554 ], [ 80.8028, 25.2624 ], [ 80.7506, 25.3283 ], [ 80.8252, 25.3526 ], [ 80.9351, 25.4734 ], [ 80.9903, 25.48 ], [ 81.0137, 25.5483 ], [ 81.1828, 25.4915 ], [ 81.1429, 25.4009 ], [ 81.2565, 25.3293 ], [ 81.3781, 25.3384 ], [ 81.3807, 25.2756 ], [ 81.4515, 25.2622 ], [ 81.5416, 25.2936 ], [ 81.5559, 25.2423 ], [ 81.5127, 25.2303 ], [ 81.5247, 25.1436 ], [ 81.4718, 25.135 ], [ 81.5076, 25.1068 ], [ 81.4946, 25.0821 ], [ 81.4031, 25.1064 ], [ 81.4383, 25.1104 ], [ 81.4302, 25.1336 ], [ 81.3912, 25.1231 ], [ 81.33, 25.1725 ], [ 81.3147, 25.1163 ], [ 81.3064, 25.166 ], [ 81.2714, 25.1689 ], [ 81.2616, 25.0685 ], [ 81.2113, 25.0017 ] ] ] } },
{ "type": "Feature", "properties": { "state": "Uttar Pradesh", "district": "Deoria" }, "geometry": { "type": "Polygon", "coordinates": [ [ [ 83.9081, 26.4495 ], [ 84.011, 26.4485 ], [ 84.072, 26.3845 ], [ 84.1714, 26.374 ], [ 84.1573, 26.2441 ], [ 84.113, 26.2619 ], [ 84.0794, 26.2212 ], [ 84.0055, 26.2341 ], [ 84.0471, 26.0931 ], [ 83.8897, 26.1295 ], [ 83.8546, 26.1875 ], [ 83.7921, 26.1986 ], [ 83.7376, 26.2646 ], [ 83.6257, 26.2257 ], [ 83.6582, 26.3167 ], [ 83.6122, 26.3023 ], [ 83.6307, 26.3299 ], [ 83.5928, 26.3494 ], [ 83.6022, 26.3717 ], [ 83.572, 26.3671 ], [ 83.5751, 26.4004 ], [ 83.5345, 26.3566 ], [ 83.5186, 26.4013 ], [ 83.4807, 26.3946 ], [ 83.5014, 26.419 ], [ 83.4704, 26.4647 ], [ 83.4911, 26.4973 ], [ 83.5926, 26.5176 ], [ 83.6222, 26.6602 ], [ 83.6738, 26.703 ], [ 83.7579, 26.7006 ], [ 83.8334, 26.76 ], [ 83.9516, 26.6741 ], [ 83.9605, 26.6262 ], [ 84.0488, 26.5503 ], [ 83.9625, 26.5086 ], [ 83.9022, 26.5181 ], [ 83.9081, 26.4495 ] ] ] } },
{ "type": "Feature", "properties": { "state": "Uttar Pradesh", "district": "Etah" }, "geometry": { "type": "Polygon", "coordinates": [ [ [ 78.5043, 27.4685 ], [ 78.4579, 27.4314 ], [ 78.4699, 27.3478 ], [ 78.4492, 27.3785 ], [ 78.3912, 27.3768 ], [ 78.2913, 27.314 ], [ 78.2698, 27.3432 ], [ 78.2878, 27.3882 ], [ 78.189, 27.4087 ], [ 78.171, 27.4385 ], [ 78.2138, 27.5347 ], [ 78.491, 27.6226 ], [ 78.5049, 27.746 ], [ 78.5424, 27.7909 ], [ 78.6002, 27.7506 ], [ 78.6774, 27.7463 ], [ 78.7344, 27.6413 ], [ 78.8817, 27.5928 ], [ 78.8813, 27.5537 ], [ 78.9559, 27.5701 ], [ 78.9937, 27.6603 ], [ 79.1073, 27.5531 ], [ 79.2107, 27.5824 ], [ 79.2162, 27.5418 ], [ 79.2645, 27.523 ], [ 79.2508, 27.4359 ], [ 79.2187, 27.4195 ], [ 79.259, 27.3529 ], [ 79.2067, 27.3349 ], [ 79.0999, 27.4383 ], [ 78.9499, 27.4252 ], [ 78.8811, 27.4754 ], [ 78.8271, 27.3669 ], [ 78.7269, 27.3395 ], [ 78.6361, 27.4256 ], [ 78.652, 27.4962 ], [ 78.5977, 27.5157 ], [ 78.5358, 27.4475 ], [ 78.5043, 27.4685 ] ] ] } },
{ "type": "Feature", "properties": { "state": "Uttar Pradesh", "district": "Etawah" }, "geometry": { "type": "Polygon", "coordinates": [ [ [ 79.0623, 26.4899 ], [ 78.9796, 26.5741 ], [ 78.9973, 26.681 ], [ 78.9379, 26.6627 ], [ 78.9481, 26.6967 ], [ 78.8649, 26.7047 ], [ 78.8114, 26.7655 ], [ 78.7707, 26.7642 ], [ 78.7851, 26.8033 ], [ 78.8428, 26.8152 ], [ 78.7547, 26.9133 ], [ 78.7345, 26.8956 ], [ 78.7399, 26.9201 ], [ 78.7988, 26.9644 ], [ 78.9232, 26.9903 ], [ 78.991, 26.9363 ], [ 79.0863, 27.0054 ], [ 79.309, 26.9825 ], [ 79.3409, 26.94 ], [ 79.3062, 26.6509 ], [ 79.2507, 26.6241 ], [ 79.1607, 26.5042 ], [ 79.0623, 26.4899 ] ] ] } },
{ "type": "Feature", "properties": { "state": "Uttar Pradesh", "district": "Faizabad" }, "geometry": { "type": "Polygon", "coordinates": [ [ [ 82.3295, 26.5807 ], [ 82.3074, 26.5106 ], [ 82.2116, 26.4114 ], [ 82.1247, 26.4699 ], [ 81.8859, 26.5105 ], [ 81.8712, 26.538 ], [ 81.8384, 26.5161 ], [ 81.7246, 26.5476 ], [ 81.7011, 26.512 ], [ 81.6673, 26.5334 ], [ 81.7434, 26.6243 ], [ 81.7511, 26.7108 ], [ 81.7938, 26.6773 ], [ 81.8317, 26.6971 ], [ 81.8323, 26.7631 ], [ 81.7968, 26.7886 ], [ 81.8515, 26.8105 ], [ 81.8516, 26.8403 ], [ 81.9712, 26.7826 ], [ 82.1955, 26.8326 ], [ 82.2314, 26.7521 ], [ 82.3836, 26.6563 ], [ 82.4689, 26.6562 ], [ 82.4211, 26.5502 ], [ 82.3295, 26.5807 ] ] ] } },
{ "type": "Feature", "properties": { "state": "Uttar Pradesh", "district": "Farrukhabad" }, "geometry": { "type": "Polygon", "coordinates": [ [ [ 79.2799, 27.2878 ], [ 79.2187, 27.4195 ], [ 79.2508, 27.4359 ], [ 79.2645, 27.523 ], [ 79.1225, 27.6396 ], [ 79.1256, 27.7086 ], [ 79.2268, 27.7134 ], [ 79.3365, 27.6539 ], [ 79.4541, 27.6393 ], [ 79.492, 27.5951 ], [ 79.6025, 27.5991 ], [ 79.5881, 27.6203 ], [ 79.6432, 27.6468 ], [ 79.6479, 27.5126 ], [ 79.7369, 27.4578 ], [ 79.6805, 27.3787 ], [ 79.7227, 27.2856 ], [ 79.6905, 27.235 ], [ 79.7176, 27.2236 ], [ 79.6609, 27.1717 ], [ 79.6065, 27.1933 ], [ 79.5522, 27.1646 ], [ 79.5124, 27.2152 ], [ 79.4174, 27.2317 ], [ 79.3852, 27.2016 ], [ 79.3298, 27.2214 ], [ 79.311, 27.2926 ], [ 79.2799, 27.2878 ] ] ] } },
{ "type": "Feature", "properties": { "state": "Uttar Pradesh", "district": "Fatehpur" }, "geometry": { "type": "Polygon", "coordinates": [ [ [ 81.1828, 25.4915 ], [ 80.9914, 25.5753 ], [ 81.0287, 25.6303 ], [ 80.9501, 25.6123 ], [ 80.9345, 25.6896 ], [ 80.8542, 25.6802 ], [ 80.8272, 25.7319 ], [ 80.7344, 25.6851 ], [ 80.5827, 25.7148 ], [ 80.5471, 25.7393 ], [ 80.5715, 25.7847 ], [ 80.5147, 25.7814 ], [ 80.4556, 25.8271 ], [ 80.5477, 25.8714 ], [ 80.3807, 25.9155 ], [ 80.3058, 25.8921 ], [ 80.2629, 25.9356 ], [ 80.2281, 25.9274 ], [ 80.2069, 25.9727 ], [ 80.2472, 26.0502 ], [ 80.2936, 26.0655 ], [ 80.3332, 26.1296 ], [ 80.558, 26.2316 ], [ 80.5989, 26.223 ], [ 80.6055, 26.1565 ], [ 80.8025, 26.0376 ], [ 81.022, 26.0609 ], [ 81.1074, 25.9593 ], [ 81.2077, 25.9307 ], [ 81.2156, 25.874 ], [ 81.3279, 25.8143 ], [ 81.1925, 25.7235 ], [ 81.1972, 25.6879 ], [ 81.2317, 25.68 ], [ 81.2079, 25.6745 ], [ 81.2023, 25.6005 ], [ 81.2626, 25.5114 ], [ 81.2135, 25.4452 ], [ 81.1828, 25.4915 ] ] ] } },
{ "type": "Feature", "properties": { "state": "Uttar Pradesh", "district": "Firozabad" }, "geometry": { "type": "Polygon", "coordinates": [ [ [ 78.8074, 26.9869 ], [ 78.7102, 26.9041 ], [ 78.6676, 26.9226 ], [ 78.6648, 26.8841 ], [ 78.6363, 26.8851 ], [ 78.6108, 26.9517 ], [ 78.5924, 26.9256 ], [ 78.5673, 26.9675 ], [ 78.5109, 26.9816 ], [ 78.5209, 26.9232 ], [ 78.4739, 26.9997 ], [ 78.4432, 26.9899 ], [ 78.4198, 27.0525 ], [ 78.3554, 27.0851 ], [ 78.3044, 27.0574 ], [ 78.3072, 27.0999 ], [ 78.3608, 27.1276 ], [ 78.2904, 27.1257 ], [ 78.2755, 27.0854 ], [ 78.2361, 27.1149 ], [ 78.2515, 27.0871 ], [ 78.2205, 27.0785 ], [ 78.1972, 27.1866 ], [ 78.0785, 27.2069 ], [ 78.0267, 27.1828 ], [ 78.0161, 27.2595 ], [ 77.9789, 27.2717 ], [ 77.985, 27.2488 ], [ 77.9547, 27.2457 ], [ 77.9721, 27.3254 ], [ 78.0653, 27.3421 ], [ 78.0764, 27.3633 ], [ 78.043, 27.3748 ], [ 78.0732, 27.3978 ], [ 78.1277, 27.3707 ], [ 78.1704, 27.4148 ], [ 78.2878, 27.3882 ], [ 78.2794, 27.3163 ], [ 78.376, 27.3437 ], [ 78.3912, 27.3768 ], [ 78.4492, 27.3785 ], [ 78.4699, 27.3478 ], [ 78.4579, 27.4314 ], [ 78.5043, 27.4685 ], [ 78.5358, 27.4475 ], [ 78.5887, 27.5128 ], [ 78.652, 27.4962 ], [ 78.6351, 27.4277 ], [ 78.7106, 27.3714 ], [ 78.7122, 27.2974 ], [ 78.6814, 27.2692 ], [ 78.7505, 27.2305 ], [ 78.7175, 27.2028 ], [ 78.8134, 27.1485 ], [ 78.7831, 27.1469 ], [ 78.7875, 27.1035 ], [ 78.758, 27.1133 ], [ 78.7557, 27.0589 ], [ 78.8074, 26.9869 ] ] ] } },
{ "type": "Feature", "properties": { "state": "Uttar Pradesh", "district": "Gautam Buddha Nagar" }, "geometry": { "type": "Polygon", "coordinates": [ [ [ 77.5318, 28.1703 ], [ 77.4891, 28.212 ], [ 77.5191, 28.2018 ], [ 77.5388, 28.2544 ], [ 77.4648, 28.2774 ], [ 77.4948, 28.2926 ], [ 77.4638, 28.338 ], [ 77.4942, 28.3583 ], [ 77.4746, 28.4135 ], [ 77.2952, 28.5612 ], [ 77.3362, 28.6089 ], [ 77.3112, 28.6446 ], [ 77.3271, 28.6852 ], [ 77.3967, 28.6843 ], [ 77.3909, 28.641 ], [ 77.4259, 28.6264 ], [ 77.5147, 28.6525 ], [ 77.6149, 28.5812 ], [ 77.6475, 28.5998 ], [ 77.681, 28.5525 ], [ 77.6801, 28.5141 ], [ 77.5859, 28.4286 ], [ 77.6553, 28.3671 ], [ 77.6653, 28.2664 ], [ 77.7531, 28.1571 ], [ 77.7079, 28.0853 ], [ 77.6487, 28.1177 ], [ 77.47, 28.0837 ], [ 77.4964, 28.1599 ], [ 77.5318, 28.1703 ] ] ] } },
{ "type": "Feature", "properties": { "state": "Uttar Pradesh", "district": "Ghaziabad" }, "geometry": { "type": "Polygon", "coordinates": [ [ [ 77.3271, 28.6852 ], [ 77.3235, 28.7159 ], [ 77.2849, 28.7125 ], [ 77.1969, 28.7953 ], [ 77.2173, 28.8353 ], [ 77.277, 28.8389 ], [ 77.2973, 28.7966 ], [ 77.3974, 28.782 ], [ 77.3985, 28.8805 ], [ 77.4442, 28.9317 ], [ 77.5866, 28.8802 ], [ 77.6762, 28.8827 ], [ 77.6964, 28.8539 ], [ 77.7066, 28.7932 ], [ 77.5441, 28.6913 ], [ 77.5642, 28.6551 ], [ 77.5392, 28.6383 ], [ 77.4259, 28.6264 ], [ 77.3909, 28.641 ], [ 77.3967, 28.6843 ], [ 77.3271, 28.6852 ] ] ] } },
{ "type": "Feature", "properties": { "state": "Uttar Pradesh", "district": "Ghazipur" }, "geometry": { "type": "Polygon", "coordinates": [ [ [ 83.9368, 25.5833 ], [ 83.8102, 25.4659 ], [ 83.8394, 25.4388 ], [ 83.7823, 25.3987 ], [ 83.6946, 25.3961 ], [ 83.5642, 25.3081 ], [ 83.524, 25.3219 ], [ 83.5278, 25.393 ], [ 83.4052, 25.4892 ], [ 83.321, 25.4652 ], [ 83.1919, 25.5343 ], [ 83.1507, 25.5053 ], [ 83.0938, 25.5273 ], [ 83.1064, 25.4998 ], [ 83.0805, 25.4942 ], [ 83.0585, 25.6542 ], [ 83.1399, 25.639 ], [ 83.1858, 25.7029 ], [ 83.2334, 25.7086 ], [ 83.187, 25.7801 ], [ 83.2972, 25.7583 ], [ 83.3166, 25.8156 ], [ 83.3704, 25.801 ], [ 83.3992, 25.8426 ], [ 83.5879, 25.885 ], [ 83.6255, 25.8686 ], [ 83.6396, 25.8967 ], [ 83.7394, 25.8582 ], [ 83.8044, 25.7751 ], [ 83.8492, 25.7985 ], [ 83.904, 25.7509 ], [ 83.9421, 25.7585 ], [ 83.928, 25.7114 ], [ 83.9554, 25.6903 ], [ 83.9144, 25.6352 ], [ 83.9368, 25.5833 ] ] ] } },
{ "type": "Feature", "properties": { "state": "Uttar Pradesh", "district": "Gonda" }, "geometry": { "type": "Polygon", "coordinates": [ [ [ 81.4993, 27.0681 ], [ 81.6346, 27.1588 ], [ 81.6974, 27.285 ], [ 81.6743, 27.3246 ], [ 81.727, 27.3372 ], [ 81.8163, 27.2763 ], [ 81.8443, 27.3339 ], [ 81.909, 27.3223 ], [ 81.8998, 27.3749 ], [ 81.9626, 27.4472 ], [ 81.9933, 27.4161 ], [ 82.1083, 27.4103 ], [ 82.1447, 27.329 ], [ 82.2862, 27.254 ], [ 82.2934, 27.2228 ], [ 82.2619, 27.243 ], [ 82.2284, 27.2164 ], [ 82.2291, 27.1539 ], [ 82.3893, 27.0505 ], [ 82.4864, 27.161 ], [ 82.5393, 27.113 ], [ 82.5622, 27.0251 ], [ 82.6066, 27.0084 ], [ 82.4708, 26.9085 ], [ 82.3888, 26.951 ], [ 82.3499, 26.9355 ], [ 82.3068, 26.9813 ], [ 82.2299, 26.9318 ], [ 82.2434, 26.8157 ], [ 82.1319, 26.836 ], [ 81.9712, 26.7826 ], [ 81.7456, 26.8898 ], [ 81.7078, 26.925 ], [ 81.7218, 26.958 ], [ 81.6481, 26.9669 ], [ 81.6304, 27.0186 ], [ 81.5683, 27.0169 ], [ 81.5634, 27.0513 ], [ 81.4993, 27.0681 ] ] ] } },
{ "type": "Feature", "properties": { "state": "Uttar Pradesh", "district": "Gorakhpur" }, "geometry": { "type": "Polygon", "coordinates": [ [ [ 83.2218, 26.3963 ], [ 83.0614, 26.4112 ], [ 83.0889, 26.4353 ], [ 83.0794, 26.478 ], [ 83.1806, 26.4922 ], [ 83.196, 26.5274 ], [ 83.1317, 26.5656 ], [ 83.1003, 26.6137 ], [ 83.123, 26.6583 ], [ 83.076, 26.704 ], [ 83.1358, 26.7496 ], [ 83.0906, 26.8113 ], [ 83.1276, 26.8908 ], [ 83.2075, 26.8877 ], [ 83.2175, 26.9443 ], [ 83.1864, 26.9713 ], [ 83.217, 27.0035 ], [ 83.3036, 26.9049 ], [ 83.3265, 26.9574 ], [ 83.4204, 26.962 ], [ 83.5376, 26.8928 ], [ 83.5187, 26.8574 ], [ 83.6107, 26.7563 ], [ 83.6218, 26.5844 ], [ 83.5926, 26.5176 ], [ 83.483, 26.4892 ], [ 83.5014, 26.419 ], [ 83.4787, 26.3991 ], [ 83.5186, 26.4013 ], [ 83.5345, 26.3566 ], [ 83.5751, 26.4004 ], [ 83.572, 26.3671 ], [ 83.6022, 26.3717 ], [ 83.5928, 26.3494 ], [ 83.6307, 26.3299 ], [ 83.6122, 26.3023 ], [ 83.6582, 26.3167 ], [ 83.6257, 26.2257 ], [ 83.5252, 26.2799 ], [ 83.4092, 26.277 ], [ 83.3305, 26.3516 ], [ 83.2218, 26.3963 ] ] ] } },
{ "type": "Feature", "properties": { "state": "Uttar Pradesh", "district": "Hamirpur" }, "geometry": { "type": "Polygon", "coordinates": [ [ [ 80.2229, 25.8024 ], [ 80.3426, 25.7098 ], [ 80.2956, 25.6979 ], [ 80.3089, 25.6497 ], [ 80.2679, 25.6247 ], [ 80.2713, 25.5885 ], [ 80.2062, 25.5589 ], [ 80.216, 25.4752 ], [ 80.1976, 25.4882 ], [ 80.1825, 25.4466 ], [ 80.1312, 25.461 ], [ 80.099, 25.4055 ], [ 80.0193, 25.4409 ], [ 80.0274, 25.4964 ], [ 79.9888, 25.496 ], [ 79.9746, 25.5406 ], [ 80.0177, 25.5932 ], [ 79.9493, 25.6467 ], [ 79.94, 25.6005 ], [ 79.8162, 25.5519 ], [ 79.8052, 25.5027 ], [ 79.7337, 25.5277 ], [ 79.706, 25.5713 ], [ 79.6528, 25.5553 ], [ 79.6344, 25.489 ], [ 79.5585, 25.4815 ], [ 79.3811, 25.5269 ], [ 79.412, 25.586 ], [ 79.3813, 25.5823 ], [ 79.3527, 25.6482 ], [ 79.398, 25.6577 ], [ 79.3648, 25.7043 ], [ 79.392, 25.7457 ], [ 79.3562, 25.7795 ], [ 79.4009, 25.8152 ], [ 79.4521, 25.7936 ], [ 79.4936, 25.8632 ], [ 79.5457, 25.8276 ], [ 79.5676, 25.8661 ], [ 79.5232, 25.8694 ], [ 79.5256, 25.9004 ], [ 79.6049, 25.9035 ], [ 79.6168, 25.9377 ], [ 79.6534, 25.9094 ], [ 79.6807, 25.9338 ], [ 79.7318, 25.9179 ], [ 79.7702, 25.871 ], [ 79.8036, 25.8738 ], [ 79.8138, 25.9176 ], [ 79.8619, 25.8868 ], [ 79.8373, 25.9655 ], [ 79.9141, 25.9691 ], [ 79.9458, 26.012 ], [ 79.9045, 26.0179 ], [ 79.9374, 26.0347 ], [ 79.9129, 26.096 ], [ 79.9442, 26.1673 ], [ 79.9537, 26.0794 ], [ 80.0865, 26.083 ], [ 80.1056, 26.051 ], [ 80.0762, 26.0036 ], [ 80.2056, 25.9223 ], [ 80.2629, 25.9356 ], [ 80.2996, 25.894 ], [ 80.3415, 25.9036 ], [ 80.323, 25.8504 ], [ 80.2229, 25.8024 ] ] ] } },
{ "type": "Feature", "properties": { "state": "Uttar Pradesh", "district": "Hapur" }, "geometry": { "type": "Polygon", "coordinates": [ [ [ 77.9458, 28.7134 ], [ 77.8919, 28.6367 ], [ 77.8475, 28.6567 ], [ 77.7148, 28.5518 ], [ 77.5392, 28.6383 ], [ 77.5642, 28.6551 ], [ 77.5441, 28.6913 ], [ 77.6792, 28.7684 ], [ 77.7219, 28.7421 ], [ 77.7819, 28.7916 ], [ 77.8574, 28.8003 ], [ 77.8577, 28.8677 ], [ 77.9246, 28.8423 ], [ 78.0237, 28.869 ], [ 78.105, 28.8622 ], [ 78.1305, 28.727 ], [ 78.1987, 28.6212 ], [ 78.0819, 28.6398 ], [ 77.9458, 28.7134 ] ] ] } },
{ "type": "Feature", "properties": { "state": "Uttar Pradesh", "district": "Hardoi" }, "geometry": { "type": "Polygon", "coordinates": [ [ [ 80.4443, 27.3626 ], [ 80.4912, 27.3307 ], [ 80.4902, 27.2607 ], [ 80.5611, 27.2976 ], [ 80.6456, 27.263 ], [ 80.647, 27.2326 ], [ 80.7791, 27.2113 ], [ 80.8173, 27.1067 ], [ 80.7283, 27.1062 ], [ 80.6912, 27.0655 ], [ 80.6369, 27.084 ], [ 80.6055, 27.0435 ], [ 80.4364, 26.972 ], [ 80.4062, 26.8928 ], [ 80.2759, 27.0356 ], [ 80.2424, 27.0322 ], [ 80.2111, 26.9707 ], [ 80.1646, 26.9642 ], [ 80.1733, 27.0023 ], [ 80.1053, 27.0006 ], [ 80.0421, 26.9247 ], [ 79.8958, 27.1522 ], [ 79.6905, 27.235 ], [ 79.7227, 27.2856 ], [ 79.6805, 27.3787 ], [ 79.7369, 27.4578 ], [ 79.7064, 27.4791 ], [ 79.7209, 27.5345 ], [ 79.6782, 27.6394 ], [ 79.731, 27.7276 ], [ 79.8511, 27.6557 ], [ 79.9036, 27.7265 ], [ 80.0549, 27.7491 ], [ 80.0811, 27.7902 ], [ 80.1262, 27.7831 ], [ 80.1216, 27.7555 ], [ 80.223, 27.7759 ], [ 80.3017, 27.6844 ], [ 80.3174, 27.5288 ], [ 80.4423, 27.4063 ], [ 80.4443, 27.3626 ] ] ] } },
{ "type": "Feature", "properties": { "state": "Uttar Pradesh", "district": "Hathras" }, "geometry": { "type": "Polygon", "coordinates": [ [ [ 77.9817, 27.2896 ], [ 77.9203, 27.3233 ], [ 77.9177, 27.4749 ], [ 77.8697, 27.5327 ], [ 77.9203, 27.608 ], [ 77.9904, 27.6066 ], [ 77.9797, 27.6379 ], [ 78.0141, 27.6507 ], [ 77.9967, 27.7341 ], [ 78.0335, 27.7537 ], [ 78.011, 27.7673 ], [ 78.0547, 27.7977 ], [ 78.0618, 27.7744 ], [ 78.1606, 27.7691 ], [ 78.165, 27.7214 ], [ 78.2098, 27.692 ], [ 78.3219, 27.669 ], [ 78.4411, 27.832 ], [ 78.4658, 27.8144 ], [ 78.4659, 27.7643 ], [ 78.5186, 27.7296 ], [ 78.491, 27.6226 ], [ 78.205, 27.5294 ], [ 78.171, 27.4385 ], [ 78.189, 27.4087 ], [ 78.1277, 27.3707 ], [ 78.0732, 27.3978 ], [ 78.043, 27.3748 ], [ 78.0764, 27.3633 ], [ 78.0653, 27.3421 ], [ 77.9754, 27.3312 ], [ 77.9817, 27.2896 ] ] ] } },
{ "type": "Feature", "properties": { "state": "Uttar Pradesh", "district": "Jalaun" }, "geometry": { "type": "Polygon", "coordinates": [ [ [ 79.5997, 25.9313 ], [ 79.6049, 25.9035 ], [ 79.5151, 25.8907 ], [ 79.5676, 25.8661 ], [ 79.5457, 25.8276 ], [ 79.4936, 25.8632 ], [ 79.4521, 25.7936 ], [ 79.4009, 25.8152 ], [ 79.312, 25.7747 ], [ 79.2878, 25.8208 ], [ 79.2056, 25.7951 ], [ 79.1258, 25.8188 ], [ 79.1002, 25.8962 ], [ 79.0327, 25.873 ], [ 79.0228, 25.9091 ], [ 79.0779, 25.9218 ], [ 78.9274, 25.9555 ], [ 78.9443, 26.037 ], [ 79.0044, 26.0901 ], [ 78.9427, 26.1391 ], [ 79.0007, 26.155 ], [ 78.9774, 26.1955 ], [ 79.0149, 26.1975 ], [ 79.0171, 26.2322 ], [ 79.0627, 26.2469 ], [ 79.037, 26.267 ], [ 79.1266, 26.316 ], [ 79.1337, 26.345 ], [ 79.0768, 26.3627 ], [ 79.0868, 26.4178 ], [ 79.1268, 26.4448 ], [ 79.284, 26.448 ], [ 79.333, 26.4069 ], [ 79.4655, 26.4367 ], [ 79.505, 26.3538 ], [ 79.5662, 26.3603 ], [ 79.5203, 26.3198 ], [ 79.5405, 26.2807 ], [ 79.7572, 26.1883 ], [ 79.7363, 26.1399 ], [ 79.7783, 26.1137 ], [ 79.8594, 26.1197 ], [ 79.9378, 26.0625 ], [ 79.9045, 26.0179 ], [ 79.9486, 26.0278 ], [ 79.9155, 25.9697 ], [ 79.8373, 25.9655 ], [ 79.8619, 25.8868 ], [ 79.8138, 25.9176 ], [ 79.7805, 25.869 ], [ 79.7318, 25.9179 ], [ 79.5997, 25.9313 ] ] ] } },
{ "type": "Feature", "properties": { "state": "Uttar Pradesh", "district": "Jaunpur" }, "geometry": { "type": "Polygon", "coordinates": [ [ [ 82.8174, 25.7737 ], [ 82.922, 25.7589 ], [ 82.9771, 25.6821 ], [ 82.9998, 25.7154 ], [ 83.0694, 25.6842 ], [ 83.0821, 25.5761 ], [ 83.0355, 25.5423 ], [ 83.0131, 25.5781 ], [ 82.9494, 25.5271 ], [ 82.9212, 25.5728 ], [ 82.8581, 25.5828 ], [ 82.771, 25.5317 ], [ 82.7258, 25.5484 ], [ 82.702, 25.4854 ], [ 82.7278, 25.4649 ], [ 82.6968, 25.4598 ], [ 82.6844, 25.3965 ], [ 82.6101, 25.3968 ], [ 82.6306, 25.4088 ], [ 82.5906, 25.4201 ], [ 82.5979, 25.4533 ], [ 82.565, 25.4176 ], [ 82.5438, 25.4635 ], [ 82.5062, 25.4446 ], [ 82.4359, 25.52 ], [ 82.4036, 25.4934 ], [ 82.2436, 25.5828 ], [ 82.1739, 25.5847 ], [ 82.1122, 25.6469 ], [ 82.1804, 25.7148 ], [ 82.1743, 25.8326 ], [ 82.2469, 25.836 ], [ 82.2874, 25.8953 ], [ 82.3871, 25.9141 ], [ 82.3385, 25.9594 ], [ 82.3619, 25.9851 ], [ 82.4277, 25.9848 ], [ 82.4232, 26.0124 ], [ 82.4757, 26.0044 ], [ 82.483, 25.9758 ], [ 82.5147, 26.0044 ], [ 82.4576, 26.0479 ], [ 82.4358, 26.1363 ], [ 82.5607, 26.1346 ], [ 82.5916, 26.1996 ], [ 82.6731, 26.1547 ], [ 82.7647, 25.8975 ], [ 82.7492, 25.84 ], [ 82.8174, 25.7737 ] ] ] } },
{ "type": "Feature", "properties": { "state": "Uttar Pradesh", "district": "Jhansi" }, "geometry": { "type": "Polygon", "coordinates": [ [ [ 79.2601, 25.3102 ], [ 79.262, 25.2677 ], [ 79.2878, 25.2902 ], [ 79.3445, 25.2643 ], [ 79.3326, 25.2008 ], [ 79.2736, 25.2481 ], [ 79.3145, 25.1519 ], [ 79.2765, 25.1203 ], [ 79.2458, 25.162 ], [ 79.2139, 25.1484 ], [ 79.2384, 25.1164 ], [ 79.1849, 25.1511 ], [ 79.1793, 25.1177 ], [ 79.1243, 25.1119 ], [ 79.0843, 25.1925 ], [ 79.0218, 25.1432 ], [ 79.0564, 25.2257 ], [ 79.005, 25.277 ], [ 78.9712, 25.2449 ], [ 78.9958, 25.1959 ], [ 78.9483, 25.2202 ], [ 78.8739, 25.1633 ], [ 78.8759, 25.2558 ], [ 78.97, 25.2852 ], [ 78.9558, 25.3478 ], [ 78.8765, 25.3445 ], [ 78.8418, 25.2292 ], [ 78.8117, 25.2998 ], [ 78.7833, 25.3032 ], [ 78.8747, 25.3877 ], [ 78.9494, 25.4002 ], [ 78.8925, 25.3753 ], [ 78.9286, 25.3518 ], [ 78.9785, 25.376 ], [ 78.9601, 25.4389 ], [ 78.9032, 25.4469 ], [ 78.9417, 25.5514 ], [ 78.8811, 25.5602 ], [ 78.876, 25.5243 ], [ 78.8283, 25.51 ], [ 78.8572, 25.4671 ], [ 78.8343, 25.4325 ], [ 78.8299, 25.4657 ], [ 78.7318, 25.5007 ], [ 78.7551, 25.4339 ], [ 78.8129, 25.4304 ], [ 78.7431, 25.4127 ], [ 78.7644, 25.3584 ], [ 78.6579, 25.388 ], [ 78.6565, 25.4201 ], [ 78.7014, 25.4289 ], [ 78.6527, 25.444 ], [ 78.6286, 25.4065 ], [ 78.5611, 25.3957 ], [ 78.5762, 25.3519 ], [ 78.5251, 25.363 ], [ 78.5251, 25.3065 ], [ 78.4352, 25.3025 ], [ 78.4445, 25.27 ], [ 78.4967, 25.2939 ], [ 78.5686, 25.2586 ], [ 78.4429, 25.1288 ], [ 78.4183, 25.1535 ], [ 78.4465, 25.169 ], [ 78.3854, 25.1952 ], [ 78.3978, 25.2178 ], [ 78.308, 25.311 ], [ 78.3313, 25.3367 ], [ 78.2942, 25.3676 ], [ 78.3476, 25.4548 ], [ 78.4207, 25.4776 ], [ 78.4293, 25.5639 ], [ 78.5812, 25.5643 ], [ 78.6086, 25.5891 ], [ 78.6486, 25.5656 ], [ 78.8052, 25.6246 ], [ 78.8113, 25.6745 ], [ 78.7468, 25.7491 ], [ 78.8205, 25.7994 ], [ 78.8112, 25.8301 ], [ 78.8619, 25.7992 ], [ 78.8466, 25.8605 ], [ 78.8827, 25.8703 ], [ 78.8764, 25.9157 ], [ 78.9274, 25.9555 ], [ 79.0779, 25.9218 ], [ 79.0228, 25.9091 ], [ 79.0327, 25.873 ], [ 79.1002, 25.8962 ], [ 79.1289, 25.8177 ], [ 79.2056, 25.7951 ], [ 79.2878, 25.8208 ], [ 79.312, 25.7747 ], [ 79.3926, 25.7983 ], [ 79.3555, 25.7772 ], [ 79.392, 25.7457 ], [ 79.3648, 25.7043 ], [ 79.398, 25.6577 ], [ 79.3527, 25.6482 ], [ 79.3813, 25.5823 ], [ 79.4128, 25.5823 ], [ 79.2601, 25.3102 ] ] ] } },
{ "type": "Feature", "properties": { "state": "Uttar Pradesh", "district": "Kannauj" }, "geometry": { "type": "Polygon", "coordinates": [ [ [ 79.748, 26.7915 ], [ 79.6432, 26.8989 ], [ 79.5513, 26.8664 ], [ 79.4294, 26.9468 ], [ 79.3106, 26.9475 ], [ 79.4245, 27.0726 ], [ 79.4308, 27.0994 ], [ 79.3806, 27.1217 ], [ 79.403, 27.2315 ], [ 79.5124, 27.2152 ], [ 79.5559, 27.1644 ], [ 79.6065, 27.1933 ], [ 79.6609, 27.1717 ], [ 79.6905, 27.2226 ], [ 79.7242, 27.221 ], [ 79.8958, 27.1522 ], [ 79.9634, 27.0773 ], [ 80.0112, 26.9582 ], [ 79.9736, 26.9325 ], [ 79.9352, 26.9494 ], [ 79.9562, 26.8653 ], [ 79.888, 26.8553 ], [ 79.8858, 26.8178 ], [ 79.8509, 26.8325 ], [ 79.8324, 26.7773 ], [ 79.748, 26.7915 ] ] ] } },
{ "type": "Feature", "properties": { "state": "Uttar Pradesh", "district": "Kanpur Dehat" }, "geometry": { "type": "Polygon", "coordinates": [ [ [ 79.5041, 26.3728 ], [ 79.6305, 26.5135 ], [ 79.629, 26.6058 ], [ 79.7122, 26.6667 ], [ 79.6675, 26.7485 ], [ 79.7499, 26.7889 ], [ 79.8324, 26.7773 ], [ 79.8509, 26.8325 ], [ 79.9418, 26.7925 ], [ 80.0138, 26.6136 ], [ 80.0869, 26.6031 ], [ 80.1667, 26.5328 ], [ 80.116, 26.4643 ], [ 80.1579, 26.3094 ], [ 80.1221, 26.3122 ], [ 80.1086, 26.2616 ], [ 80.078, 26.2867 ], [ 80.0048, 26.2667 ], [ 80.0138, 26.1833 ], [ 79.9312, 26.163 ], [ 79.9161, 26.0968 ], [ 79.7363, 26.1399 ], [ 79.7594, 26.1864 ], [ 79.5405, 26.2807 ], [ 79.5203, 26.3198 ], [ 79.5662, 26.3603 ], [ 79.5176, 26.348 ], [ 79.5041, 26.3728 ] ] ] } },
{ "type": "Feature", "properties": { "state": "Uttar Pradesh", "district": "Kanpur Nagar" }, "geometry": { "type": "Polygon", "coordinates": [ [ [ 80.558, 26.2316 ], [ 80.3155, 26.1185 ], [ 80.2936, 26.0655 ], [ 80.2472, 26.0502 ], [ 80.2056, 25.9223 ], [ 80.0762, 26.0036 ], [ 80.1056, 26.051 ], [ 80.0865, 26.083 ], [ 79.9494, 26.0833 ], [ 79.9576, 26.1604 ], [ 80.0138, 26.1833 ], [ 80.0008, 26.2625 ], [ 80.078, 26.2867 ], [ 80.1086, 26.2616 ], [ 80.1221, 26.3122 ], [ 80.1579, 26.3094 ], [ 80.116, 26.4643 ], [ 80.1667, 26.5328 ], [ 80.0869, 26.6031 ], [ 80.0138, 26.6136 ], [ 79.9418, 26.7925 ], [ 79.8897, 26.8237 ], [ 79.888, 26.8553 ], [ 79.9562, 26.8653 ], [ 79.9352, 26.9494 ], [ 79.9761, 26.9329 ], [ 79.9904, 26.9662 ], [ 80.0654, 26.9181 ], [ 80.1238, 26.7483 ], [ 80.1772, 26.6922 ], [ 80.2498, 26.6749 ], [ 80.2947, 26.611 ], [ 80.3006, 26.5308 ], [ 80.5242, 26.3626 ], [ 80.558, 26.2316 ] ] ] } },
{ "type": "Feature", "properties": { "state": "Uttar Pradesh", "district": "Kasganj" }, "geometry": { "type": "Polygon", "coordinates": [ [ [ 78.8076, 27.9583 ], [ 78.9265, 27.8526 ], [ 78.9771, 27.8792 ], [ 78.9928, 27.846 ], [ 79.113, 27.8532 ], [ 79.1501, 27.8284 ], [ 79.2005, 27.7158 ], [ 79.1142, 27.6884 ], [ 79.1776, 27.5836 ], [ 79.1073, 27.5531 ], [ 78.9937, 27.6603 ], [ 78.9559, 27.5701 ], [ 78.8813, 27.5537 ], [ 78.8817, 27.5928 ], [ 78.7344, 27.6413 ], [ 78.6774, 27.7463 ], [ 78.6002, 27.7506 ], [ 78.5424, 27.7909 ], [ 78.5049, 27.746 ], [ 78.4643, 27.7672 ], [ 78.4658, 27.8144 ], [ 78.5085, 27.8206 ], [ 78.485, 27.8635 ], [ 78.6287, 28.0516 ], [ 78.7114, 27.9707 ], [ 78.8076, 27.9583 ] ] ] } },
{ "type": "Feature", "properties": { "state": "Uttar Pradesh", "district": "Kaushambi" }, "geometry": { "type": "Polygon", "coordinates": [ [ [ 81.1412, 25.4062 ], [ 81.262, 25.5031 ], [ 81.2337, 25.5886 ], [ 81.2023, 25.6005 ], [ 81.2079, 25.6745 ], [ 81.2317, 25.68 ], [ 81.1972, 25.6879 ], [ 81.1925, 25.7235 ], [ 81.3279, 25.8143 ], [ 81.3954, 25.7665 ], [ 81.3645, 25.7013 ], [ 81.5224, 25.623 ], [ 81.5495, 25.5741 ], [ 81.6155, 25.5963 ], [ 81.6645, 25.5132 ], [ 81.7893, 25.4733 ], [ 81.8612, 25.5162 ], [ 81.9047, 25.4688 ], [ 81.7913, 25.3891 ], [ 81.7867, 25.3222 ], [ 81.6277, 25.3542 ], [ 81.4515, 25.2622 ], [ 81.3807, 25.2756 ], [ 81.3781, 25.3384 ], [ 81.2605, 25.3276 ], [ 81.1412, 25.4062 ] ] ] } },
{ "type": "Feature", "properties": { "state": "Uttar Pradesh", "district": "Kushinagar" }, "geometry": { "type": "Polygon", "coordinates": [ [ [ 84.4144, 26.6272 ], [ 84.2722, 26.5994 ], [ 84.0818, 26.6429 ], [ 84.0488, 26.5503 ], [ 83.9605, 26.6262 ], [ 83.9516, 26.6741 ], [ 83.8334, 26.76 ], [ 83.7822, 26.7101 ], [ 83.6738, 26.703 ], [ 83.6222, 26.6602 ], [ 83.6107, 26.7563 ], [ 83.5766, 26.7643 ], [ 83.5835, 26.7973 ], [ 83.5193, 26.8626 ], [ 83.5618, 26.9361 ], [ 83.5975, 26.9147 ], [ 83.6132, 26.9582 ], [ 83.7143, 26.9542 ], [ 83.7598, 27.0038 ], [ 83.7205, 27.0576 ], [ 83.7551, 27.0559 ], [ 83.737, 27.0784 ], [ 83.7937, 27.1142 ], [ 83.8165, 27.1787 ], [ 83.7721, 27.1685 ], [ 83.7901, 27.2179 ], [ 83.8218, 27.214 ], [ 83.7858, 27.2482 ], [ 83.8372, 27.2525 ], [ 83.8322, 27.2891 ], [ 83.8671, 27.3008 ], [ 83.9788, 27.2004 ], [ 83.9394, 27.093 ], [ 84.0207, 27.0955 ], [ 83.9908, 27.0686 ], [ 84.0408, 27.0447 ], [ 84.0249, 26.9427 ], [ 84.052, 26.8917 ], [ 84.1408, 26.8876 ], [ 84.1317, 26.8557 ], [ 84.1689, 26.8345 ], [ 84.2411, 26.8624 ], [ 84.234, 26.7395 ], [ 84.298, 26.7533 ], [ 84.3257, 26.6843 ], [ 84.4022, 26.6712 ], [ 84.4144, 26.6272 ] ] ] } },
{ "type": "Feature", "properties": { "state": "Uttar Pradesh", "district": "Lakhimpur Kheri" }, "geometry": { "type": "Polygon", "coordinates": [ [ [ 80.2935, 27.6862 ], [ 80.223, 27.7759 ], [ 80.1216, 27.7555 ], [ 80.1262, 27.7831 ], [ 80.0525, 27.7761 ], [ 80.0148, 27.9247 ], [ 80.0714, 27.9326 ], [ 80.1128, 28.0022 ], [ 80.2348, 28.0595 ], [ 80.24, 28.1564 ], [ 80.2924, 28.1618 ], [ 80.2958, 28.2644 ], [ 80.3598, 28.3485 ], [ 80.2896, 28.4593 ], [ 80.3125, 28.487 ], [ 80.3648, 28.4658 ], [ 80.4235, 28.5168 ], [ 80.3692, 28.598 ], [ 80.292, 28.6225 ], [ 80.3237, 28.6892 ], [ 80.3733, 28.629 ], [ 80.4528, 28.6288 ], [ 80.5193, 28.5517 ], [ 80.5052, 28.6652 ], [ 80.5704, 28.6878 ], [ 80.5915, 28.6476 ], [ 80.6693, 28.6418 ], [ 80.6919, 28.587 ], [ 80.7696, 28.5655 ], [ 80.7908, 28.5243 ], [ 80.9103, 28.4975 ], [ 80.9174, 28.4575 ], [ 81.0192, 28.4516 ], [ 81.0228, 28.4103 ], [ 81.0477, 28.4099 ], [ 81.0727, 28.3917 ], [ 81.0466, 28.4095 ], [ 81.0285, 28.3849 ], [ 81.05, 28.3484 ], [ 81.0246, 28.295 ], [ 81.1753, 28.1218 ], [ 81.1559, 28.0502 ], [ 81.2957, 27.9127 ], [ 81.2682, 27.8894 ], [ 81.2974, 27.8258 ], [ 81.2699, 27.811 ], [ 81.2927, 27.6865 ], [ 81.2419, 27.6826 ], [ 81.2598, 27.7071 ], [ 81.2352, 27.7343 ], [ 81.174, 27.7414 ], [ 81.219, 27.7656 ], [ 81.1342, 27.8125 ], [ 81.099, 27.7949 ], [ 81.0613, 27.8309 ], [ 80.9773, 27.834 ], [ 80.9989, 27.8859 ], [ 80.9675, 27.9113 ], [ 80.921, 27.8496 ], [ 80.8858, 27.8572 ], [ 80.818, 27.7964 ], [ 80.78, 27.823 ], [ 80.7323, 27.7929 ], [ 80.6304, 27.8447 ], [ 80.5956, 27.7555 ], [ 80.5558, 27.7541 ], [ 80.5091, 27.814 ], [ 80.2935, 27.6862 ] ] ] } },
{ "type": "Feature", "properties": { "state": "Uttar Pradesh", "district": "Lalitpur" }, "geometry": { "type": "Polygon", "coordinates": [ [ [ 78.9844, 24.4414 ], [ 78.9669, 24.3537 ], [ 78.8789, 24.2231 ], [ 78.8022, 24.1819 ], [ 78.7603, 24.2585 ], [ 78.6691, 24.245 ], [ 78.5784, 24.3571 ], [ 78.5054, 24.3939 ], [ 78.3824, 24.2739 ], [ 78.326, 24.3296 ], [ 78.3609, 24.3858 ], [ 78.2669, 24.4474 ], [ 78.2165, 24.5316 ], [ 78.2589, 24.5582 ], [ 78.2685, 24.6671 ], [ 78.1654, 24.8817 ], [ 78.3275, 24.9996 ], [ 78.3327, 25.0932 ], [ 78.4494, 25.1317 ], [ 78.5626, 25.226 ], [ 78.5972, 25.0979 ], [ 78.6419, 25.0615 ], [ 78.622, 24.9649 ], [ 78.6684, 24.9024 ], [ 78.7645, 24.8614 ], [ 78.7805, 24.815 ], [ 78.7495, 24.605 ], [ 78.8288, 24.6078 ], [ 78.8731, 24.6469 ], [ 78.9664, 24.4969 ], [ 78.9138, 24.5008 ], [ 78.9086, 24.4668 ], [ 78.9844, 24.4414 ] ] ] } },
{ "type": "Feature", "properties": { "state": "Uttar Pradesh", "district": "Lucknow" }, "geometry": { "type": "Polygon", "coordinates": [ [ [ 81.0886, 26.8425 ], [ 81.1611, 26.8123 ], [ 81.1544, 26.7781 ], [ 81.2068, 26.7872 ], [ 81.1789, 26.7664 ], [ 81.2093, 26.7109 ], [ 81.1538, 26.5928 ], [ 81.038, 26.5064 ], [ 80.8825, 26.6029 ], [ 80.8333, 26.6681 ], [ 80.785, 26.6514 ], [ 80.7475, 26.6913 ], [ 80.7199, 26.661 ], [ 80.6878, 26.6909 ], [ 80.7082, 26.7048 ], [ 80.683, 26.7652 ], [ 80.7461, 26.779 ], [ 80.6182, 26.8858 ], [ 80.5996, 26.9494 ], [ 80.5512, 26.9417 ], [ 80.5903, 26.9893 ], [ 80.5507, 27.0162 ], [ 80.6369, 27.084 ], [ 80.6912, 27.0655 ], [ 80.7248, 27.105 ], [ 80.8208, 27.1048 ], [ 80.9192, 27.1643 ], [ 80.9899, 27.1519 ], [ 81.0461, 27.0905 ], [ 80.9741, 27.0746 ], [ 80.9685, 27.0406 ], [ 81.0156, 26.9775 ], [ 81.0556, 26.9728 ], [ 81.0335, 26.9438 ], [ 81.0859, 26.9196 ], [ 81.0886, 26.8425 ] ] ] } },
{ "type": "Feature", "properties": { "state": "Uttar Pradesh", "district": "Maharajganj" }, "geometry": { "type": "Polygon", "coordinates": [ [ [ 83.8564, 27.3482 ], [ 83.829, 27.3228 ], [ 83.908, 27.3304 ], [ 83.9257, 27.3042 ], [ 83.898, 27.279 ], [ 83.8346, 27.2908 ], [ 83.8372, 27.2525 ], [ 83.7858, 27.2482 ], [ 83.8218, 27.214 ], [ 83.7901, 27.2179 ], [ 83.7721, 27.1685 ], [ 83.8165, 27.1787 ], [ 83.7937, 27.1142 ], [ 83.737, 27.0784 ], [ 83.7551, 27.0559 ], [ 83.7205, 27.0576 ], [ 83.7598, 27.0038 ], [ 83.7143, 26.9542 ], [ 83.6132, 26.9582 ], [ 83.5975, 26.9147 ], [ 83.5618, 26.9361 ], [ 83.5376, 26.8928 ], [ 83.4262, 26.9607 ], [ 83.3493, 26.9653 ], [ 83.3036, 26.9049 ], [ 83.206, 27.0208 ], [ 83.1344, 27.0085 ], [ 83.1136, 27.1625 ], [ 83.1592, 27.1488 ], [ 83.1573, 27.2214 ], [ 83.2084, 27.246 ], [ 83.2601, 27.3295 ], [ 83.3758, 27.3571 ], [ 83.4117, 27.4125 ], [ 83.3909, 27.4795 ], [ 83.6167, 27.4694 ], [ 83.8564, 27.3482 ] ] ] } },
{ "type": "Feature", "properties": { "state": "Uttar Pradesh", "district": "Mahoba" }, "geometry": { "type": "Polygon", "coordinates": [ [ [ 79.5979, 25.1314 ], [ 79.5596, 25.176 ], [ 79.4899, 25.0828 ], [ 79.4605, 25.0963 ], [ 79.4684, 25.1345 ], [ 79.3908, 25.1179 ], [ 79.4081, 25.2075 ], [ 79.4904, 25.2703 ], [ 79.4153, 25.2592 ], [ 79.3674, 25.2943 ], [ 79.3583, 25.2635 ], [ 79.3308, 25.294 ], [ 79.3446, 25.3344 ], [ 79.2694, 25.342 ], [ 79.3326, 25.4068 ], [ 79.3811, 25.5269 ], [ 79.6344, 25.489 ], [ 79.6528, 25.5553 ], [ 79.706, 25.5713 ], [ 79.8012, 25.502 ], [ 79.8162, 25.5519 ], [ 79.94, 25.6005 ], [ 79.9447, 25.6468 ], [ 79.9931, 25.6215 ], [ 80.0177, 25.5932 ], [ 79.9746, 25.5406 ], [ 79.9888, 25.496 ], [ 80.0274, 25.4964 ], [ 80.0193, 25.4409 ], [ 80.1328, 25.4154 ], [ 80.1305, 25.3844 ], [ 80.0207, 25.3432 ], [ 79.9967, 25.2687 ], [ 79.8471, 25.2402 ], [ 79.8559, 25.0985 ], [ 79.7456, 25.1439 ], [ 79.5979, 25.1314 ] ] ] } },
{ "type": "Feature", "properties": { "state": "Uttar Pradesh", "district": "Mainpuri" }, "geometry": { "type": "Polygon", "coordinates": [ [ [ 79.1586, 27.0077 ], [ 79.0554, 26.9953 ], [ 78.991, 26.9363 ], [ 78.9232, 26.9903 ], [ 78.7988, 26.9644 ], [ 78.758, 27.1133 ], [ 78.7875, 27.1035 ], [ 78.7831, 27.1469 ], [ 78.8134, 27.1485 ], [ 78.7175, 27.2028 ], [ 78.7505, 27.2305 ], [ 78.6814, 27.2692 ], [ 78.7122, 27.2974 ], [ 78.7028, 27.3417 ], [ 78.8271, 27.3669 ], [ 78.8302, 27.4155 ], [ 78.8853, 27.4753 ], [ 78.9499, 27.4252 ], [ 79.0999, 27.4383 ], [ 79.1373, 27.3826 ], [ 79.311, 27.2926 ], [ 79.3072, 27.2487 ], [ 79.3851, 27.2027 ], [ 79.3837, 27.1091 ], [ 79.4308, 27.0994 ], [ 79.4245, 27.0726 ], [ 79.3471, 26.9645 ], [ 79.2657, 26.9961 ], [ 79.1977, 26.9774 ], [ 79.1586, 27.0077 ] ] ] } },
{ "type": "Feature", "properties": { "state": "Uttar Pradesh", "district": "Mathura" }, "geometry": { "type": "MultiPolygon", "coordinates": [ [ [ [ 77.9534, 27.2952 ], [ 77.9715, 27.2838 ], [ 77.9543, 27.2698 ], [ 77.9534, 27.2952 ] ] ], [ [ [ 77.9177, 27.4749 ], [ 77.9261, 27.2401 ], [ 77.8742, 27.3013 ], [ 77.8638, 27.2543 ], [ 77.8392, 27.296 ], [ 77.7751, 27.2396 ], [ 77.6389, 27.2471 ], [ 77.5917, 27.3006 ], [ 77.6141, 27.3434 ], [ 77.5745, 27.3267 ], [ 77.4319, 27.3992 ], [ 77.4296, 27.462 ], [ 77.3351, 27.53 ], [ 77.3501, 27.5934 ], [ 77.3112, 27.6117 ], [ 77.3428, 27.6572 ], [ 77.3339, 27.7079 ], [ 77.2976, 27.7187 ], [ 77.2889, 27.8291 ], [ 77.4124, 27.8591 ], [ 77.4123, 27.8962 ], [ 77.4585, 27.8853 ], [ 77.4847, 27.9439 ], [ 77.5551, 27.9183 ], [ 77.6349, 27.9705 ], [ 77.7319, 27.9328 ], [ 77.7623, 27.8749 ], [ 77.7997, 27.8665 ], [ 77.7745, 27.8455 ], [ 77.8256, 27.7609 ], [ 77.7926, 27.749 ], [ 77.785, 27.69 ], [ 77.8995, 27.5696 ], [ 77.8697, 27.5327 ], [ 77.9177, 27.4749 ] ] ] ] } },
{ "type": "Feature", "properties": { "state": "Uttar Pradesh", "district": "Mau" }, "geometry": { "type": "Polygon", "coordinates": [ [ [ 83.1747, 25.9333 ], [ 83.2058, 25.9512 ], [ 83.1976, 26.0572 ], [ 83.2528, 26.0982 ], [ 83.2329, 26.1163 ], [ 83.2851, 26.1295 ], [ 83.3554, 26.0795 ], [ 83.3975, 26.0977 ], [ 83.4009, 26.1705 ], [ 83.5003, 26.2811 ], [ 83.6198, 26.2205 ], [ 83.7376, 26.2646 ], [ 83.8022, 26.1932 ], [ 83.7724, 26.163 ], [ 83.7988, 26.1418 ], [ 83.7865, 26.1103 ], [ 83.6737, 26.0779 ], [ 83.6805, 26.012 ], [ 83.7888, 25.9889 ], [ 83.7898, 25.925 ], [ 83.7239, 25.8586 ], [ 83.6396, 25.8967 ], [ 83.6255, 25.8686 ], [ 83.5879, 25.885 ], [ 83.3992, 25.8426 ], [ 83.3621, 25.8004 ], [ 83.2991, 25.8617 ], [ 83.1907, 25.8757 ], [ 83.1747, 25.9333 ] ] ] } },
{ "type": "Feature", "properties": { "state": "Uttar Pradesh", "district": "Meerut" }, "geometry": { "type": "Polygon", "coordinates": [ [ [ 77.454, 28.9335 ], [ 77.4724, 28.9944 ], [ 77.4434, 29.1311 ], [ 77.4781, 29.2023 ], [ 77.5796, 29.2669 ], [ 77.6292, 29.2283 ], [ 77.6738, 29.2513 ], [ 77.7708, 29.186 ], [ 78.0256, 29.2675 ], [ 78.1255, 29.2592 ], [ 78.1312, 29.1858 ], [ 78.0734, 29.0739 ], [ 78.0858, 28.9897 ], [ 78.0476, 28.9429 ], [ 78.0526, 28.8984 ], [ 78.105, 28.8622 ], [ 77.9246, 28.8423 ], [ 77.862, 28.8694 ], [ 77.8574, 28.8003 ], [ 77.693, 28.7446 ], [ 77.6824, 28.8806 ], [ 77.4875, 28.9014 ], [ 77.454, 28.9335 ] ] ] } },
{ "type": "Feature", "properties": { "state": "Uttar Pradesh", "district": "Mirzapur" }, "geometry": { "type": "Polygon", "coordinates": [ [ [ 82.293, 24.6169 ], [ 82.2964, 24.67 ], [ 82.2299, 24.6696 ], [ 82.2437, 24.7758 ], [ 82.1995, 24.7521 ], [ 82.2134, 24.7442 ], [ 82.2138, 24.7287 ], [ 82.1729, 24.7396 ], [ 82.2095, 24.7815 ], [ 82.179, 24.8047 ], [ 82.196, 24.8245 ], [ 82.1122, 24.7923 ], [ 82.076, 24.8354 ], [ 82.2984, 25.0245 ], [ 82.3197, 25.0836 ], [ 82.2933, 25.1593 ], [ 82.2618, 25.1653 ], [ 82.2796, 25.2022 ], [ 82.2335, 25.2198 ], [ 82.2551, 25.271 ], [ 82.2915, 25.2746 ], [ 82.3395, 25.2121 ], [ 82.3821, 25.2641 ], [ 82.4424, 25.2234 ], [ 82.5779, 25.2539 ], [ 82.628, 25.221 ], [ 82.6362, 25.2606 ], [ 82.7443, 25.2432 ], [ 82.7698, 25.2741 ], [ 82.7733, 25.2322 ], [ 82.8131, 25.2578 ], [ 82.8083, 25.2088 ], [ 82.7759, 25.2073 ], [ 82.7954, 25.1748 ], [ 82.8484, 25.1715 ], [ 82.8934, 25.218 ], [ 82.9938, 25.205 ], [ 83.0235, 25.2442 ], [ 83.173, 25.1812 ], [ 83.1593, 25.1374 ], [ 83.1212, 25.1264 ], [ 83.1214, 25.0602 ], [ 83.0509, 25.0601 ], [ 83.0769, 24.862 ], [ 83.118, 24.8231 ], [ 83.0088, 24.8166 ], [ 83.0024, 24.9074 ], [ 82.9468, 24.8396 ], [ 82.8003, 24.8538 ], [ 82.6953, 24.8302 ], [ 82.651, 24.7868 ], [ 82.5746, 24.8326 ], [ 82.5393, 24.8101 ], [ 82.5418, 24.6968 ], [ 82.5184, 24.6783 ], [ 82.4202, 24.7053 ], [ 82.4092, 24.5978 ], [ 82.293, 24.6169 ] ] ] } },
{ "type": "Feature", "properties": { "state": "Uttar Pradesh", "district": "Moradabad" }, "geometry": { "type": "Polygon", "coordinates": [ [ [ 78.837, 28.7148 ], [ 78.8281, 28.6662 ], [ 78.9266, 28.5686 ], [ 78.9297, 28.519 ], [ 78.896, 28.5355 ], [ 78.7632, 28.4655 ], [ 78.6694, 28.4891 ], [ 78.6562, 28.5575 ], [ 78.697, 28.6085 ], [ 78.6205, 28.6752 ], [ 78.6535, 28.7666 ], [ 78.5953, 28.8245 ], [ 78.6743, 28.9068 ], [ 78.6539, 28.9263 ], [ 78.6796, 28.9528 ], [ 78.6306, 29.0069 ], [ 78.6996, 29.1008 ], [ 78.6563, 29.1077 ], [ 78.6492, 29.1905 ], [ 78.6907, 29.2131 ], [ 78.6673, 29.2148 ], [ 78.6847, 29.2624 ], [ 78.7419, 29.2886 ], [ 78.8526, 29.2613 ], [ 78.9004, 29.1506 ], [ 78.9644, 29.1519 ], [ 78.9234, 29.0855 ], [ 78.9354, 29.0265 ], [ 78.8725, 28.9667 ], [ 78.8763, 28.9036 ], [ 78.9608, 28.8314 ], [ 78.9404, 28.7876 ], [ 78.9644, 28.7693 ], [ 78.9347, 28.719 ], [ 78.837, 28.7148 ] ] ] } },
{ "type": "Feature", "properties": { "state": "Uttar Pradesh", "district": "Muzaffarnagar" }, "geometry": { "type": "Polygon", "coordinates": [ [ [ 77.4764, 29.2015 ], [ 77.3996, 29.2504 ], [ 77.2443, 29.2816 ], [ 77.3103, 29.276 ], [ 77.3302, 29.3227 ], [ 77.4092, 29.3588 ], [ 77.4561, 29.4517 ], [ 77.4267, 29.4731 ], [ 77.4618, 29.5106 ], [ 77.4445, 29.5265 ], [ 77.4887, 29.5725 ], [ 77.477, 29.6377 ], [ 77.6131, 29.6183 ], [ 77.6499, 29.5664 ], [ 77.6849, 29.6198 ], [ 77.7322, 29.6092 ], [ 77.8739, 29.702 ], [ 77.952, 29.7054 ], [ 77.9768, 29.614 ], [ 77.9473, 29.5904 ], [ 77.9838, 29.5881 ], [ 77.9845, 29.4875 ], [ 78.1255, 29.2592 ], [ 78.0256, 29.2675 ], [ 77.7708, 29.186 ], [ 77.6738, 29.2513 ], [ 77.6292, 29.2283 ], [ 77.5796, 29.2669 ], [ 77.4764, 29.2015 ] ] ] } },
{ "type": "Feature", "properties": { "state": "Uttar Pradesh", "district": "Pilibhit" }, "geometry": { "type": "Polygon", "coordinates": [ [ [ 79.677, 28.2717 ], [ 79.7026, 28.2738 ], [ 79.6622, 28.323 ], [ 79.6917, 28.3786 ], [ 79.6607, 28.3974 ], [ 79.7118, 28.4191 ], [ 79.7165, 28.4663 ], [ 79.7461, 28.4564 ], [ 79.7359, 28.5135 ], [ 79.679, 28.5292 ], [ 79.6641, 28.5888 ], [ 79.5883, 28.622 ], [ 79.6178, 28.7151 ], [ 79.661, 28.7496 ], [ 79.6308, 28.8589 ], [ 79.7745, 28.8918 ], [ 79.8086, 28.8628 ], [ 79.7834, 28.8054 ], [ 79.854, 28.8443 ], [ 79.8756, 28.8183 ], [ 79.8405, 28.8087 ], [ 79.9013, 28.8021 ], [ 79.9224, 28.7327 ], [ 79.9678, 28.7156 ], [ 80.0348, 28.7632 ], [ 80.0257, 28.7999 ], [ 80.0584, 28.8353 ], [ 80.1198, 28.8287 ], [ 80.3185, 28.7001 ], [ 80.292, 28.6225 ], [ 80.3692, 28.598 ], [ 80.4225, 28.5212 ], [ 80.3648, 28.4658 ], [ 80.3125, 28.487 ], [ 80.2306, 28.4587 ], [ 80.2404, 28.4141 ], [ 80.1771, 28.3508 ], [ 80.1177, 28.3936 ], [ 80.0612, 28.3382 ], [ 80.0032, 28.3683 ], [ 79.9417, 28.3342 ], [ 79.9446, 28.1229 ], [ 79.8519, 28.1441 ], [ 79.8765, 28.184 ], [ 79.8205, 28.2454 ], [ 79.7916, 28.1746 ], [ 79.7135, 28.1856 ], [ 79.7255, 28.2353 ], [ 79.677, 28.2717 ] ] ] } },
{ "type": "Feature", "properties": { "state": "Uttar Pradesh", "district": "Pratapgarh" }, "geometry": { "type": "Polygon", "coordinates": [ [ [ 81.7626, 25.7456 ], [ 81.7421, 25.6723 ], [ 81.6884, 25.6708 ], [ 81.7184, 25.6286 ], [ 81.6509, 25.6157 ], [ 81.6341, 25.6658 ], [ 81.6003, 25.6712 ], [ 81.6056, 25.5965 ], [ 81.5607, 25.5717 ], [ 81.5224, 25.623 ], [ 81.3613, 25.7089 ], [ 81.3954, 25.7665 ], [ 81.3309, 25.8074 ], [ 81.345, 25.837 ], [ 81.3183, 25.861 ], [ 81.4386, 25.9412 ], [ 81.4787, 25.9351 ], [ 81.4972, 25.9772 ], [ 81.5868, 25.9703 ], [ 81.5584, 26.033 ], [ 81.5096, 26.0406 ], [ 81.56, 26.0773 ], [ 81.5343, 26.1265 ], [ 81.6102, 26.1826 ], [ 81.6757, 26.1213 ], [ 81.6791, 26.0803 ], [ 81.7332, 26.0898 ], [ 81.7778, 26.0303 ], [ 81.8759, 26.0843 ], [ 81.9238, 26.0557 ], [ 81.9558, 26.0824 ], [ 82.0576, 26.0556 ], [ 82.1003, 26.0794 ], [ 82.1943, 26.0188 ], [ 82.2429, 26.0605 ], [ 82.3381, 26.0092 ], [ 82.3729, 26.0357 ], [ 82.4232, 26.0124 ], [ 82.4277, 25.9848 ], [ 82.3388, 25.9633 ], [ 82.3856, 25.913 ], [ 82.3376, 25.9185 ], [ 82.2874, 25.8953 ], [ 82.2699, 25.8456 ], [ 82.1696, 25.8283 ], [ 82.1804, 25.7148 ], [ 82.1018, 25.6575 ], [ 82.0035, 25.7004 ], [ 82.0311, 25.7269 ], [ 82.0045, 25.7492 ], [ 81.923, 25.7551 ], [ 81.8811, 25.7146 ], [ 81.7626, 25.7456 ] ] ] } },
{ "type": "Feature", "properties": { "state": "Uttar Pradesh", "district": "Rae Bareli" }, "geometry": { "type": "Polygon", "coordinates": [ [ [ 81.3005, 26.0529 ], [ 81.4354, 25.922 ], [ 81.3263, 25.8742 ], [ 81.3279, 25.8143 ], [ 81.2246, 25.8654 ], [ 81.2077, 25.9307 ], [ 81.1074, 25.9593 ], [ 81.0103, 26.068 ], [ 80.8025, 26.0376 ], [ 80.6672, 26.1261 ], [ 80.6914, 26.1219 ], [ 80.6886, 26.1651 ], [ 80.7618, 26.1869 ], [ 80.7626, 26.2171 ], [ 80.8134, 26.2066 ], [ 80.8709, 26.2831 ], [ 80.8229, 26.3461 ], [ 80.8369, 26.376 ], [ 80.8846, 26.3477 ], [ 80.9293, 26.3616 ], [ 80.9601, 26.3115 ], [ 81.0417, 26.3781 ], [ 80.9758, 26.4723 ], [ 80.9905, 26.5399 ], [ 81.0418, 26.5067 ], [ 81.1756, 26.6096 ], [ 81.3065, 26.5438 ], [ 81.3631, 26.5793 ], [ 81.3352, 26.5322 ], [ 81.359, 26.4434 ], [ 81.4137, 26.3876 ], [ 81.3967, 26.3449 ], [ 81.3589, 26.339 ], [ 81.4003, 26.3213 ], [ 81.3489, 26.2755 ], [ 81.3665, 26.1505 ], [ 81.3298, 26.0529 ], [ 81.3005, 26.0529 ] ] ] } },
{ "type": "Feature", "properties": { "state": "Uttar Pradesh", "district": "Rampur" }, "geometry": { "type": "Polygon", "coordinates": [ [ [ 79.2886, 28.7191 ], [ 79.1294, 28.496 ], [ 78.9892, 28.4376 ], [ 78.9893, 28.3909 ], [ 78.9259, 28.444 ], [ 78.9266, 28.5686 ], [ 78.8274, 28.6867 ], [ 78.8374, 28.7327 ], [ 78.8682, 28.6965 ], [ 78.9347, 28.719 ], [ 78.9644, 28.7693 ], [ 78.9404, 28.7876 ], [ 78.9608, 28.8314 ], [ 78.8763, 28.9036 ], [ 78.8725, 28.9667 ], [ 78.9354, 29.0265 ], [ 78.9234, 29.0855 ], [ 78.9606, 29.1659 ], [ 79.0006, 29.1166 ], [ 79.0297, 29.1254 ], [ 79.0086, 29.1394 ], [ 79.027, 29.1723 ], [ 79.1308, 29.1294 ], [ 79.1656, 29.0173 ], [ 79.204, 29.0291 ], [ 79.2955, 28.9543 ], [ 79.3597, 28.9705 ], [ 79.4014, 28.9323 ], [ 79.3709, 28.8769 ], [ 79.3967, 28.8329 ], [ 79.3609, 28.823 ], [ 79.3802, 28.7667 ], [ 79.2886, 28.7191 ] ] ] } },
{ "type": "Feature", "properties": { "state": "Uttar Pradesh", "district": "Saharanpur" }, "geometry": { "type": "Polygon", "coordinates": [ [ [ 77.8018, 29.6614 ], [ 77.7322, 29.6092 ], [ 77.6849, 29.6198 ], [ 77.6499, 29.5664 ], [ 77.6131, 29.6183 ], [ 77.4892, 29.6307 ], [ 77.4415, 29.6762 ], [ 77.33, 29.6502 ], [ 77.2113, 29.7005 ], [ 77.1439, 29.6917 ], [ 77.113, 29.7486 ], [ 77.2704, 30.0483 ], [ 77.4144, 30.1071 ], [ 77.4235, 30.1685 ], [ 77.4733, 30.1886 ], [ 77.5704, 30.3112 ], [ 77.575, 30.4117 ], [ 77.6342, 30.4109 ], [ 77.7108, 30.3388 ], [ 77.9315, 30.247 ], [ 77.8385, 30.1123 ], [ 77.7864, 30.1 ], [ 77.703, 29.8898 ], [ 77.8018, 29.6614 ] ] ] } },
{ "type": "Feature", "properties": { "state": "Uttar Pradesh", "district": "Sambhal" }, "geometry": { "type": "Polygon", "coordinates": [ [ [ 78.5731, 28.0866 ], [ 78.5399, 28.0692 ], [ 78.4996, 28.0938 ], [ 78.3643, 28.2684 ], [ 78.3118, 28.2951 ], [ 78.2738, 28.3779 ], [ 78.2997, 28.4403 ], [ 78.4177, 28.4851 ], [ 78.3867, 28.7758 ], [ 78.5905, 28.8101 ], [ 78.6535, 28.7666 ], [ 78.6205, 28.6752 ], [ 78.697, 28.6085 ], [ 78.6562, 28.5575 ], [ 78.6694, 28.4891 ], [ 78.7632, 28.4655 ], [ 78.896, 28.5355 ], [ 78.9236, 28.5172 ], [ 78.6435, 28.3358 ], [ 78.5731, 28.0866 ] ] ] } },
{ "type": "Feature", "properties": { "state": "Uttar Pradesh", "district": "Sant Kabir Nagar" }, "geometry": { "type": "Polygon", "coordinates": [ [ [ 83.0614, 26.4112 ], [ 83.0152, 26.4774 ], [ 82.8937, 26.5443 ], [ 82.8792, 26.6139 ], [ 82.9245, 26.6254 ], [ 82.9084, 26.6592 ], [ 82.9622, 26.6768 ], [ 82.9687, 26.714 ], [ 82.9123, 26.7658 ], [ 82.9241, 26.799 ], [ 82.8739, 26.788 ], [ 82.873, 26.8352 ], [ 82.8185, 26.8608 ], [ 82.8631, 26.8827 ], [ 82.8601, 26.9442 ], [ 82.9954, 26.9157 ], [ 83.0448, 27.0115 ], [ 83.1231, 27.0503 ], [ 83.1367, 27.0071 ], [ 83.2069, 27.0201 ], [ 83.1862, 26.9482 ], [ 83.2177, 26.9404 ], [ 83.2075, 26.8877 ], [ 83.1276, 26.8908 ], [ 83.0906, 26.8113 ], [ 83.1358, 26.7496 ], [ 83.076, 26.704 ], [ 83.123, 26.6583 ], [ 83.1003, 26.6137 ], [ 83.1317, 26.5656 ], [ 83.196, 26.5274 ], [ 83.1806, 26.4922 ], [ 83.0874, 26.4871 ], [ 83.0614, 26.4112 ] ] ] } },
{ "type": "Feature", "properties": { "state": "Uttar Pradesh", "district": "Sant Ravi Das Nagar" }, "geometry": { "type": "Polygon", "coordinates": [ [ [ 82.2139, 25.2786 ], [ 82.2936, 25.3112 ], [ 82.3063, 25.3948 ], [ 82.3447, 25.4218 ], [ 82.2753, 25.4907 ], [ 82.3086, 25.5046 ], [ 82.2939, 25.5244 ], [ 82.3228, 25.5014 ], [ 82.3217, 25.5392 ], [ 82.4036, 25.4934 ], [ 82.4359, 25.52 ], [ 82.5062, 25.4446 ], [ 82.5504, 25.4588 ], [ 82.562, 25.418 ], [ 82.5979, 25.4533 ], [ 82.5906, 25.4201 ], [ 82.6306, 25.4088 ], [ 82.6101, 25.3968 ], [ 82.7023, 25.3902 ], [ 82.6741, 25.3554 ], [ 82.6824, 25.286 ], [ 82.6288, 25.2211 ], [ 82.5779, 25.2539 ], [ 82.4424, 25.2234 ], [ 82.3847, 25.2644 ], [ 82.3325, 25.2126 ], [ 82.2764, 25.2778 ], [ 82.2324, 25.2239 ], [ 82.2805, 25.1944 ], [ 82.2243, 25.1838 ], [ 82.1862, 25.2192 ], [ 82.2139, 25.2786 ] ] ] } },
{ "type": "Feature", "properties": { "state": "Uttar Pradesh", "district": "Shahjahanpur" }, "geometry": { "type": "Polygon", "coordinates": [ [ [ 79.3431, 27.6617 ], [ 79.3213, 27.734 ], [ 79.3489, 27.7435 ], [ 79.3465, 27.7961 ], [ 79.3969, 27.8475 ], [ 79.4761, 27.8486 ], [ 79.4502, 27.902 ], [ 79.4799, 27.9485 ], [ 79.4661, 27.9905 ], [ 79.518, 28.0653 ], [ 79.6207, 28.0921 ], [ 79.6116, 28.1598 ], [ 79.6679, 28.2694 ], [ 79.7255, 28.2353 ], [ 79.7135, 28.1856 ], [ 79.7916, 28.1746 ], [ 79.8205, 28.2454 ], [ 79.8765, 28.184 ], [ 79.8519, 28.1441 ], [ 79.9446, 28.1229 ], [ 79.9433, 28.3356 ], [ 80.0032, 28.3683 ], [ 80.0612, 28.3382 ], [ 80.1177, 28.3936 ], [ 80.1771, 28.3508 ], [ 80.2404, 28.4141 ], [ 80.2348, 28.4608 ], [ 80.2896, 28.4593 ], [ 80.3369, 28.413 ], [ 80.3586, 28.3415 ], [ 80.2958, 28.2644 ], [ 80.2908, 28.1579 ], [ 80.24, 28.1564 ], [ 80.237, 28.0623 ], [ 80.1128, 28.0022 ], [ 80.0714, 27.9326 ], [ 80.0148, 27.9247 ], [ 80.0627, 27.7531 ], [ 79.9036, 27.7265 ], [ 79.8511, 27.6557 ], [ 79.7275, 27.725 ], [ 79.6782, 27.6394 ], [ 79.7209, 27.5345 ], [ 79.7064, 27.4791 ], [ 79.6479, 27.5126 ], [ 79.6432, 27.6468 ], [ 79.5881, 27.6203 ], [ 79.6025, 27.5991 ], [ 79.492, 27.5951 ], [ 79.4541, 27.6393 ], [ 79.3431, 27.6617 ] ] ] } },
{ "type": "Feature", "properties": { "state": "Uttar Pradesh", "district": "Shamli" }, "geometry": { "type": "Polygon", "coordinates": [ [ [ 77.1883, 29.2807 ], [ 77.1175, 29.3572 ], [ 77.1468, 29.3898 ], [ 77.1394, 29.4421 ], [ 77.0849, 29.5336 ], [ 77.1255, 29.6969 ], [ 77.2113, 29.7005 ], [ 77.33, 29.6502 ], [ 77.4743, 29.6606 ], [ 77.4887, 29.5725 ], [ 77.4445, 29.5265 ], [ 77.4618, 29.5106 ], [ 77.4267, 29.4731 ], [ 77.4561, 29.4517 ], [ 77.3988, 29.345 ], [ 77.3302, 29.3227 ], [ 77.3103, 29.276 ], [ 77.1883, 29.2807 ] ] ] } },
{ "type": "Feature", "properties": { "state": "Uttar Pradesh", "district": "Shravasti" }, "geometry": { "type": "Polygon", "coordinates": [ [ [ 81.8057, 27.2719 ], [ 81.6906, 27.3579 ], [ 81.7645, 27.3694 ], [ 81.6812, 27.392 ], [ 81.6834, 27.4982 ], [ 81.5475, 27.5823 ], [ 81.5464, 27.6332 ], [ 81.4384, 27.6679 ], [ 81.517, 27.7294 ], [ 81.5571, 27.6572 ], [ 81.589, 27.6869 ], [ 81.553, 27.7389 ], [ 81.5902, 27.7629 ], [ 81.529, 27.8054 ], [ 81.4838, 27.9411 ], [ 81.6141, 27.9437 ], [ 81.65, 27.9933 ], [ 81.6948, 27.9894 ], [ 81.8868, 27.8572 ], [ 81.928, 27.8596 ], [ 81.9931, 27.9291 ], [ 82.0729, 27.9225 ], [ 82.1252, 27.8648 ], [ 82.198, 27.8475 ], [ 82.077, 27.6435 ], [ 82.0156, 27.5935 ], [ 82.0654, 27.4118 ], [ 81.9339, 27.443 ], [ 81.8998, 27.3749 ], [ 81.9131, 27.3272 ], [ 81.8443, 27.3339 ], [ 81.8057, 27.2719 ] ] ] } },
{ "type": "Feature", "properties": { "state": "Uttar Pradesh", "district": "Siddharth Nagar" }, "geometry": { "type": "Polygon", "coordinates": [ [ [ 82.9218, 26.9307 ], [ 82.8922, 26.9966 ], [ 82.8113, 26.9371 ], [ 82.805, 26.9793 ], [ 82.7333, 26.9836 ], [ 82.7193, 27.0232 ], [ 82.6164, 27.0025 ], [ 82.5622, 27.0251 ], [ 82.5393, 27.113 ], [ 82.4295, 27.1777 ], [ 82.4736, 27.2085 ], [ 82.5097, 27.1803 ], [ 82.5595, 27.1908 ], [ 82.4887, 27.2447 ], [ 82.5169, 27.2593 ], [ 82.4814, 27.2859 ], [ 82.5063, 27.3111 ], [ 82.4761, 27.3058 ], [ 82.5014, 27.3273 ], [ 82.4613, 27.3316 ], [ 82.4831, 27.3639 ], [ 82.5326, 27.3766 ], [ 82.5681, 27.4305 ], [ 82.7502, 27.4137 ], [ 82.7105, 27.4706 ], [ 82.73, 27.5059 ], [ 82.9316, 27.5009 ], [ 83.0361, 27.4487 ], [ 83.1902, 27.454 ], [ 83.2742, 27.3834 ], [ 83.2947, 27.336 ], [ 83.1597, 27.2256 ], [ 83.1682, 27.1611 ], [ 83.1136, 27.1625 ], [ 83.1414, 27.0558 ], [ 83.0448, 27.0115 ], [ 82.9954, 26.9157 ], [ 82.9218, 26.9307 ] ] ] } },
{ "type": "Feature", "properties": { "state": "Uttar Pradesh", "district": "Sitapur" }, "geometry": { "type": "Polygon", "coordinates": [ [ [ 81.2931, 27.5426 ], [ 81.4073, 27.3653 ], [ 81.3672, 27.272 ], [ 81.3105, 27.2786 ], [ 81.2835, 27.3621 ], [ 81.2163, 27.3262 ], [ 81.2318, 27.2738 ], [ 81.2012, 27.2432 ], [ 81.1074, 27.2798 ], [ 81.0569, 27.2268 ], [ 80.9603, 27.2453 ], [ 80.922, 27.1669 ], [ 80.8208, 27.1048 ], [ 80.7903, 27.1974 ], [ 80.7402, 27.2318 ], [ 80.647, 27.2326 ], [ 80.6456, 27.263 ], [ 80.5611, 27.2976 ], [ 80.4885, 27.2617 ], [ 80.4912, 27.3307 ], [ 80.4471, 27.3475 ], [ 80.4423, 27.4063 ], [ 80.3174, 27.5288 ], [ 80.3002, 27.6789 ], [ 80.5091, 27.814 ], [ 80.5558, 27.7541 ], [ 80.5956, 27.7555 ], [ 80.6304, 27.8447 ], [ 80.7323, 27.7929 ], [ 80.78, 27.823 ], [ 80.818, 27.7964 ], [ 80.9712, 27.9107 ], [ 80.9989, 27.8859 ], [ 80.9773, 27.834 ], [ 81.0613, 27.8309 ], [ 81.099, 27.7949 ], [ 81.1342, 27.8125 ], [ 81.219, 27.7656 ], [ 81.174, 27.7414 ], [ 81.2352, 27.7343 ], [ 81.2598, 27.7071 ], [ 81.2419, 27.6826 ], [ 81.3028, 27.68 ], [ 81.3144, 27.557 ], [ 81.2931, 27.5426 ] ] ] } },
{ "type": "Feature", "properties": { "state": "Uttar Pradesh", "district": "Sonbhadra" }, "geometry": { "type": "Polygon", "coordinates": [ [ [ 83.4019, 24.266 ], [ 83.1896, 23.9211 ], [ 83.0866, 23.8782 ], [ 82.9388, 23.8759 ], [ 82.8005, 23.9675 ], [ 82.7973, 24.0051 ], [ 82.7459, 24.0131 ], [ 82.7663, 24.0779 ], [ 82.7084, 24.0808 ], [ 82.6574, 24.1348 ], [ 82.6709, 24.1585 ], [ 82.7204, 24.139 ], [ 82.7641, 24.2924 ], [ 82.7606, 24.373 ], [ 82.7072, 24.3852 ], [ 82.7365, 24.4998 ], [ 82.7125, 24.5562 ], [ 82.8008, 24.5527 ], [ 82.7964, 24.5998 ], [ 82.7601, 24.5998 ], [ 82.7628, 24.6457 ], [ 82.6952, 24.6443 ], [ 82.6656, 24.6999 ], [ 82.5293, 24.652 ], [ 82.5393, 24.8101 ], [ 82.6263, 24.8236 ], [ 82.6191, 24.7904 ], [ 82.651, 24.7868 ], [ 82.6953, 24.8302 ], [ 82.8003, 24.8538 ], [ 82.9468, 24.8396 ], [ 83.0024, 24.9074 ], [ 83.0088, 24.8166 ], [ 83.0996, 24.8184 ], [ 83.0818, 24.7813 ], [ 83.1725, 24.7182 ], [ 83.3005, 24.7209 ], [ 83.3136, 24.7874 ], [ 83.4798, 24.7378 ], [ 83.5137, 24.6812 ], [ 83.4975, 24.6517 ], [ 83.5417, 24.6246 ], [ 83.4982, 24.5271 ], [ 83.393, 24.5012 ], [ 83.4001, 24.4087 ], [ 83.4514, 24.3647 ], [ 83.3759, 24.3145 ], [ 83.4019, 24.266 ] ] ] } },
{ "type": "Feature", "properties": { "state": "Uttar Pradesh", "district": "Sultanpur" }, "geometry": { "type": "Polygon", "coordinates": [ [ [ 82.1789, 26.4114 ], [ 82.3778, 26.3793 ], [ 82.4391, 26.29 ], [ 82.6711, 26.259 ], [ 82.6817, 26.1564 ], [ 82.5916, 26.1996 ], [ 82.5607, 26.1346 ], [ 82.4358, 26.1363 ], [ 82.4576, 26.0479 ], [ 82.5073, 26.0347 ], [ 82.4929, 25.9785 ], [ 82.4684, 26.0084 ], [ 82.3729, 26.0357 ], [ 82.3381, 26.0092 ], [ 82.2429, 26.0605 ], [ 82.1943, 26.0188 ], [ 82.1003, 26.0794 ], [ 82.0514, 26.0559 ], [ 82.0437, 26.1549 ], [ 81.8009, 26.3306 ], [ 81.8731, 26.391 ], [ 81.9249, 26.389 ], [ 81.9402, 26.4537 ], [ 81.8971, 26.4527 ], [ 81.9232, 26.4718 ], [ 81.9094, 26.5209 ], [ 82.1247, 26.4699 ], [ 82.1789, 26.4114 ] ] ] } },
{ "type": "Feature", "properties": { "state": "Uttar Pradesh", "district": "Unnao" }, "geometry": { "type": "Polygon", "coordinates": [ [ [ 80.6899, 26.1194 ], [ 80.6055, 26.1565 ], [ 80.5989, 26.223 ], [ 80.5516, 26.239 ], [ 80.5242, 26.3626 ], [ 80.3387, 26.4909 ], [ 80.2498, 26.6749 ], [ 80.1772, 26.6922 ], [ 80.1238, 26.7483 ], [ 80.0974, 26.8772 ], [ 80.0421, 26.9247 ], [ 80.0991, 26.9974 ], [ 80.1733, 27.0023 ], [ 80.1753, 26.9637 ], [ 80.2201, 26.9759 ], [ 80.245, 27.0344 ], [ 80.2964, 27.0302 ], [ 80.2891, 27.0011 ], [ 80.4062, 26.8928 ], [ 80.4364, 26.972 ], [ 80.5507, 27.0162 ], [ 80.5903, 26.9893 ], [ 80.5512, 26.9417 ], [ 80.5996, 26.9494 ], [ 80.6182, 26.8858 ], [ 80.7461, 26.779 ], [ 80.683, 26.7652 ], [ 80.7082, 26.7048 ], [ 80.6878, 26.6909 ], [ 80.7199, 26.661 ], [ 80.7475, 26.6913 ], [ 80.785, 26.6514 ], [ 80.8333, 26.6681 ], [ 80.9905, 26.5399 ], [ 80.9758, 26.4723 ], [ 81.0417, 26.3781 ], [ 80.9601, 26.3115 ], [ 80.9293, 26.3616 ], [ 80.8846, 26.3477 ], [ 80.8369, 26.376 ], [ 80.8229, 26.3461 ], [ 80.8786, 26.2967 ], [ 80.8134, 26.2066 ], [ 80.7626, 26.2171 ], [ 80.7618, 26.1869 ], [ 80.6886, 26.1651 ], [ 80.6899, 26.1194 ] ] ] } },
{ "type": "Feature", "properties": { "state": "Uttar Pradesh", "district": "Varanasi" }, "geometry": { "type": "Polygon", "coordinates": [ [ [ 83.1711, 25.5128 ], [ 83.1222, 25.4519 ], [ 83.1824, 25.4214 ], [ 83.1672, 25.3541 ], [ 83.1371, 25.3204 ], [ 83.0087, 25.3056 ], [ 83.0626, 25.2472 ], [ 82.9938, 25.205 ], [ 82.8934, 25.218 ], [ 82.8484, 25.1715 ], [ 82.7954, 25.1748 ], [ 82.7759, 25.2073 ], [ 82.8083, 25.2088 ], [ 82.8116, 25.2588 ], [ 82.7767, 25.2316 ], [ 82.7715, 25.2739 ], [ 82.7443, 25.2432 ], [ 82.6636, 25.2509 ], [ 82.7024, 25.3879 ], [ 82.6761, 25.4198 ], [ 82.7278, 25.4649 ], [ 82.702, 25.4854 ], [ 82.7258, 25.5484 ], [ 82.771, 25.5317 ], [ 82.8581, 25.5828 ], [ 82.9212, 25.5728 ], [ 82.9494, 25.5271 ], [ 83.0131, 25.5781 ], [ 83.0355, 25.5423 ], [ 83.0637, 25.5533 ], [ 83.0805, 25.4942 ], [ 83.1064, 25.4998 ], [ 83.0938, 25.5273 ], [ 83.1711, 25.5128 ] ] ] } },
{ "type": "Feature", "properties": { "state": "Uttarakhand", "district": "Almora" }, "geometry": { "type": "Polygon", "coordinates": [ [ [ 79.4968, 29.8772 ], [ 79.6926, 29.8259 ], [ 79.6759, 29.7762 ], [ 79.7353, 29.6958 ], [ 79.9377, 29.6886 ], [ 79.9967, 29.5544 ], [ 80.0597, 29.5222 ], [ 79.948, 29.4813 ], [ 79.8847, 29.4922 ], [ 79.8246, 29.4321 ], [ 79.7744, 29.4554 ], [ 79.7316, 29.4368 ], [ 79.6656, 29.5331 ], [ 79.6024, 29.5603 ], [ 79.5173, 29.5516 ], [ 79.4664, 29.5002 ], [ 79.3283, 29.6148 ], [ 79.2106, 29.5273 ], [ 79.0241, 29.5915 ], [ 79.0796, 29.6299 ], [ 79.1103, 29.724 ], [ 79.1103, 29.8142 ], [ 79.0571, 29.867 ], [ 79.1668, 29.9146 ], [ 79.215, 29.9835 ], [ 79.2728, 29.9327 ], [ 79.3131, 29.9351 ], [ 79.3266, 29.9767 ], [ 79.3616, 29.933 ], [ 79.4568, 29.9885 ], [ 79.4987, 29.9386 ], [ 79.4968, 29.8772 ] ] ] } },
{ "type": "Feature", "properties": { "state": "Uttarakhand", "district": "Bageshwar" }, "geometry": { "type": "Polygon", "coordinates": [ [ [ 79.8833, 29.7075 ], [ 79.7353, 29.6958 ], [ 79.6759, 29.7762 ], [ 79.7078, 29.8127 ], [ 79.4951, 29.8776 ], [ 79.4987, 29.9386 ], [ 79.4568, 29.9885 ], [ 79.4738, 30.0295 ], [ 79.5303, 30.001 ], [ 79.7933, 30.023 ], [ 79.8156, 30.0611 ], [ 79.7506, 30.1416 ], [ 79.8064, 30.2284 ], [ 79.7855, 30.2885 ], [ 79.8592, 30.2738 ], [ 80.0089, 30.3198 ], [ 80.1051, 30.2299 ], [ 80.0583, 30.0245 ], [ 80.1467, 29.9109 ], [ 80.0036, 29.8948 ], [ 79.9991, 29.8583 ], [ 79.9633, 29.8557 ], [ 80.0262, 29.7978 ], [ 79.9759, 29.768 ], [ 79.8938, 29.8039 ], [ 79.8579, 29.7744 ], [ 79.8119, 29.7882 ], [ 79.8833, 29.7075 ] ] ] } },
{ "type": "Feature", "properties": { "state": "Uttarakhand", "district": "Chamoli" }, "geometry": { "type": "Polygon", "coordinates": [ [ [ 79.4516, 29.9782 ], [ 79.3616, 29.933 ], [ 79.3212, 29.978 ], [ 79.3131, 29.9351 ], [ 79.2728, 29.9327 ], [ 79.1762, 30.0438 ], [ 79.1827, 30.0881 ], [ 79.1229, 30.1275 ], [ 79.1308, 30.169 ], [ 79.083, 30.2219 ], [ 79.0255, 30.2294 ], [ 79.0781, 30.3048 ], [ 79.0165, 30.3324 ], [ 79.0709, 30.346 ], [ 79.0903, 30.3874 ], [ 79.1503, 30.3889 ], [ 79.1537, 30.4528 ], [ 79.2328, 30.5651 ], [ 79.3326, 30.6146 ], [ 79.3411, 30.6538 ], [ 79.2929, 30.6828 ], [ 79.276, 30.7574 ], [ 79.2108, 30.8252 ], [ 79.2624, 30.8841 ], [ 79.2494, 30.9599 ], [ 79.3079, 30.9687 ], [ 79.2982, 31.0231 ], [ 79.3997, 31.0803 ], [ 79.4131, 31.0376 ], [ 79.5013, 31.0391 ], [ 79.5311, 30.9741 ], [ 79.5872, 30.9431 ], [ 79.7421, 31.0068 ], [ 79.8549, 30.9789 ], [ 79.915, 30.8922 ], [ 80.0695, 30.8193 ], [ 80.0901, 30.7306 ], [ 79.9666, 30.7139 ], [ 80.0277, 30.607 ], [ 79.9822, 30.5437 ], [ 80.0237, 30.4092 ], [ 79.9793, 30.3201 ], [ 79.8592, 30.2738 ], [ 79.7855, 30.2885 ], [ 79.8064, 30.2284 ], [ 79.7506, 30.1416 ], [ 79.8156, 30.0611 ], [ 79.8006, 30.0276 ], [ 79.5303, 30.001 ], [ 79.4738, 30.0295 ], [ 79.4516, 29.9782 ] ] ] } },
{ "type": "Feature", "properties": { "state": "Uttarakhand", "district": "Champawat" }, "geometry": { "type": "Polygon", "coordinates": [ [ [ 79.8216, 29.4066 ], [ 79.8847, 29.4922 ], [ 79.948, 29.4813 ], [ 80.0902, 29.5262 ], [ 80.2475, 29.4384 ], [ 80.3201, 29.3038 ], [ 80.2953, 29.1976 ], [ 80.2424, 29.2033 ], [ 80.2734, 29.142 ], [ 80.1599, 29.1129 ], [ 80.0693, 29.1285 ], [ 80.059, 29.0792 ], [ 79.9951, 29.0956 ], [ 79.9596, 29.058 ], [ 79.9659, 29.1228 ], [ 79.867, 29.164 ], [ 79.9114, 29.2262 ], [ 79.8016, 29.2868 ], [ 79.7863, 29.3409 ], [ 79.8456, 29.3196 ], [ 79.889, 29.3594 ], [ 79.8216, 29.4066 ] ] ] } },
{ "type": "Feature", "properties": { "state": "Uttarakhand", "district": "Dehradun" }, "geometry": { "type": "Polygon", "coordinates": [ [ [ 77.5622, 30.4101 ], [ 77.8006, 30.5132 ], [ 77.8059, 30.5607 ], [ 77.7295, 30.5984 ], [ 77.782, 30.6194 ], [ 77.7791, 30.6638 ], [ 77.7334, 30.6858 ], [ 77.6883, 30.7687 ], [ 77.7444, 30.8299 ], [ 77.7445, 30.8812 ], [ 77.7894, 30.8585 ], [ 77.8015, 30.9391 ], [ 77.9565, 30.9799 ], [ 78.008, 30.9169 ], [ 77.9662, 30.902 ], [ 77.9751, 30.852 ], [ 78.0751, 30.7236 ], [ 78.0546, 30.672 ], [ 77.9997, 30.6516 ], [ 77.9744, 30.5167 ], [ 77.927, 30.5113 ], [ 77.9737, 30.4709 ], [ 78.0889, 30.4857 ], [ 78.2278, 30.4328 ], [ 78.1261, 30.356 ], [ 78.1637, 30.3116 ], [ 78.2698, 30.3004 ], [ 78.286, 30.2471 ], [ 78.2243, 30.1858 ], [ 78.2983, 30.1151 ], [ 78.1675, 29.9481 ], [ 78.1752, 29.9873 ], [ 78.1558, 29.9547 ], [ 78.0824, 30.0225 ], [ 77.9464, 30.2468 ], [ 77.7108, 30.3388 ], [ 77.6342, 30.4109 ], [ 77.5622, 30.4101 ] ] ] } },
{ "type": "Feature", "properties": { "state": "Uttarakhand", "district": "Garhwal" }, "geometry": { "type": "Polygon", "coordinates": [ [ [ 78.8901, 29.4575 ], [ 78.6934, 29.5089 ], [ 78.5765, 29.5806 ], [ 78.5177, 29.6392 ], [ 78.4876, 29.7414 ], [ 78.3272, 29.7988 ], [ 78.2618, 29.923 ], [ 78.1811, 29.9501 ], [ 78.3028, 30.1282 ], [ 78.3932, 30.1439 ], [ 78.4423, 30.0742 ], [ 78.5771, 30.0591 ], [ 78.5829, 30.1567 ], [ 78.6707, 30.2455 ], [ 78.7933, 30.2278 ], [ 78.9863, 30.3074 ], [ 79.0781, 30.3048 ], [ 79.0255, 30.2294 ], [ 79.083, 30.2219 ], [ 79.1308, 30.169 ], [ 79.1229, 30.1275 ], [ 79.1827, 30.0881 ], [ 79.2205, 29.9643 ], [ 79.1668, 29.9146 ], [ 79.07, 29.8906 ], [ 79.0571, 29.867 ], [ 79.1166, 29.7864 ], [ 79.0991, 29.6714 ], [ 78.8901, 29.4575 ] ] ] } },
{ "type": "Feature", "properties": { "state": "Uttarakhand", "district": "Hardwar" }, "geometry": { "type": "Polygon", "coordinates": [ [ [ 78.3317, 29.7962 ], [ 78.1391, 29.6761 ], [ 78.0439, 29.5931 ], [ 78.0369, 29.5526 ], [ 77.988, 29.5459 ], [ 77.9838, 29.5881 ], [ 77.9473, 29.5904 ], [ 77.977, 29.6421 ], [ 77.9408, 29.7146 ], [ 77.8213, 29.669 ], [ 77.7577, 29.7159 ], [ 77.7647, 29.7855 ], [ 77.7025, 29.8857 ], [ 77.7864, 30.1 ], [ 77.8179, 30.0916 ], [ 77.9464, 30.2468 ], [ 78.0824, 30.0225 ], [ 78.1558, 29.9547 ], [ 78.1733, 29.9885 ], [ 78.1675, 29.9481 ], [ 78.2618, 29.923 ], [ 78.3317, 29.7962 ] ] ] } },
{ "type": "Feature", "properties": { "state": "Uttarakhand", "district": "Nainital" }, "geometry": { "type": "Polygon", "coordinates": [ [ [ 79.8702, 29.1588 ], [ 79.9679, 29.1188 ], [ 79.9554, 29.0523 ], [ 79.8505, 28.9881 ], [ 79.842, 29.0222 ], [ 79.7878, 28.994 ], [ 79.7881, 29.0195 ], [ 79.7024, 29.0261 ], [ 79.6406, 29.0704 ], [ 79.4074, 29.054 ], [ 79.2351, 29.1894 ], [ 79.2684, 29.2437 ], [ 79.1216, 29.2762 ], [ 79.1171, 29.3082 ], [ 78.9509, 29.376 ], [ 78.9007, 29.3573 ], [ 78.8325, 29.3813 ], [ 78.8872, 29.409 ], [ 79.0005, 29.5909 ], [ 79.2106, 29.5273 ], [ 79.3283, 29.6148 ], [ 79.4664, 29.5002 ], [ 79.5173, 29.5516 ], [ 79.6024, 29.5603 ], [ 79.6656, 29.5331 ], [ 79.7215, 29.4405 ], [ 79.8444, 29.4389 ], [ 79.8216, 29.4066 ], [ 79.8874, 29.3542 ], [ 79.8456, 29.3196 ], [ 79.7863, 29.3409 ], [ 79.8082, 29.2764 ], [ 79.9114, 29.2262 ], [ 79.8702, 29.1588 ] ] ] } },
{ "type": "Feature", "properties": { "state": "Uttarakhand", "district": "Pithoragarh" }, "geometry": { "type": "Polygon", "coordinates": [ [ [ 80.1703, 29.4625 ], [ 79.9967, 29.5544 ], [ 79.9433, 29.685 ], [ 79.8087, 29.7784 ], [ 79.8938, 29.8039 ], [ 79.9759, 29.768 ], [ 80.0262, 29.7978 ], [ 79.9633, 29.8557 ], [ 79.9991, 29.8583 ], [ 80.0036, 29.8948 ], [ 80.1467, 29.9109 ], [ 80.0583, 30.0245 ], [ 80.1051, 30.2299 ], [ 79.9767, 30.3237 ], [ 80.0237, 30.4092 ], [ 79.9822, 30.5437 ], [ 80.0277, 30.607 ], [ 79.9658, 30.7109 ], [ 80.0168, 30.7382 ], [ 80.0889, 30.728 ], [ 80.0866, 30.7919 ], [ 80.1573, 30.8128 ], [ 80.2373, 30.7407 ], [ 80.1821, 30.6781 ], [ 80.2053, 30.5846 ], [ 80.4006, 30.5312 ], [ 80.5265, 30.4543 ], [ 80.5842, 30.4872 ], [ 80.8113, 30.32 ], [ 80.9941, 30.2705 ], [ 81.0189, 30.2368 ], [ 80.923, 30.2317 ], [ 80.8646, 30.1689 ], [ 80.8792, 30.1285 ], [ 80.7629, 30.0495 ], [ 80.7494, 30.0066 ], [ 80.6779, 29.9581 ], [ 80.5922, 29.9484 ], [ 80.5545, 29.8492 ], [ 80.4941, 29.7953 ], [ 80.4086, 29.7944 ], [ 80.3659, 29.7402 ], [ 80.4228, 29.6302 ], [ 80.2884, 29.4772 ], [ 80.3042, 29.4531 ], [ 80.1703, 29.4625 ] ] ] } },
{ "type": "Feature", "properties": { "state": "Uttarakhand", "district": "Rudraprayag" }, "geometry": { "type": "Polygon", "coordinates": [ [ [ 79.3418, 30.6335 ], [ 79.283, 30.5687 ], [ 79.2328, 30.5651 ], [ 79.1537, 30.4528 ], [ 79.1503, 30.3889 ], [ 79.0903, 30.3874 ], [ 79.0709, 30.346 ], [ 78.968, 30.2945 ], [ 78.9668, 30.3746 ], [ 79.0468, 30.433 ], [ 79.0022, 30.4646 ], [ 78.9659, 30.5858 ], [ 78.8994, 30.6385 ], [ 78.9165, 30.7253 ], [ 79.0037, 30.7586 ], [ 79.031, 30.811 ], [ 79.1253, 30.7553 ], [ 79.2841, 30.7262 ], [ 79.3418, 30.6335 ] ] ] } },
{ "type": "Feature", "properties": { "state": "Uttarakhand", "district": "Tehri Garhwal" }, "geometry": { "type": "Polygon", "coordinates": [ [ [ 78.2845, 30.1257 ], [ 78.2243, 30.1858 ], [ 78.286, 30.2471 ], [ 78.2698, 30.3004 ], [ 78.1637, 30.3116 ], [ 78.1261, 30.356 ], [ 78.2278, 30.4328 ], [ 78.0889, 30.4857 ], [ 77.9737, 30.4709 ], [ 77.927, 30.5113 ], [ 77.9744, 30.5167 ], [ 78.0018, 30.6177 ], [ 78.0347, 30.6026 ], [ 78.1416, 30.6398 ], [ 78.1538, 30.596 ], [ 78.1946, 30.583 ], [ 78.2639, 30.6173 ], [ 78.2765, 30.5561 ], [ 78.3256, 30.5677 ], [ 78.3995, 30.474 ], [ 78.4425, 30.5478 ], [ 78.4377, 30.6205 ], [ 78.4732, 30.6333 ], [ 78.4996, 30.5999 ], [ 78.4843, 30.5395 ], [ 78.5306, 30.5349 ], [ 78.5833, 30.6356 ], [ 78.5776, 30.6929 ], [ 78.8351, 30.7444 ], [ 78.8365, 30.8507 ], [ 78.8645, 30.8828 ], [ 78.9958, 30.8595 ], [ 79.0055, 30.7603 ], [ 78.9165, 30.7253 ], [ 78.896, 30.6668 ], [ 78.9953, 30.5417 ], [ 79.0022, 30.4646 ], [ 79.0468, 30.433 ], [ 78.9668, 30.3746 ], [ 78.9679, 30.2932 ], [ 78.7933, 30.2278 ], [ 78.6707, 30.2455 ], [ 78.5829, 30.1567 ], [ 78.5771, 30.0591 ], [ 78.4423, 30.0742 ], [ 78.3932, 30.1439 ], [ 78.2845, 30.1257 ] ] ] } },
{ "type": "Feature", "properties": { "state": "Uttarakhand", "district": "Udham Singh Nagar" }, "geometry": { "type": "Polygon", "coordinates": [ [ [ 79.9748, 28.7168 ], [ 79.9224, 28.7327 ], [ 79.9013, 28.8021 ], [ 79.8405, 28.8087 ], [ 79.8756, 28.8183 ], [ 79.854, 28.8443 ], [ 79.7834, 28.8054 ], [ 79.8086, 28.8628 ], [ 79.7745, 28.8918 ], [ 79.6662, 28.8483 ], [ 79.6135, 28.8687 ], [ 79.5509, 28.8459 ], [ 79.5365, 28.8925 ], [ 79.4112, 28.8559 ], [ 79.4014, 28.9323 ], [ 79.3597, 28.9705 ], [ 79.2989, 28.9531 ], [ 79.204, 29.0291 ], [ 79.1583, 29.0229 ], [ 79.1308, 29.1294 ], [ 79.027, 29.1723 ], [ 79.017, 29.1179 ], [ 78.9623, 29.1668 ], [ 78.9004, 29.1506 ], [ 78.8526, 29.2613 ], [ 78.7999, 29.2579 ], [ 78.7141, 29.3193 ], [ 78.7574, 29.3498 ], [ 78.7888, 29.3293 ], [ 78.8116, 29.3847 ], [ 78.9007, 29.3573 ], [ 78.9509, 29.376 ], [ 79.1171, 29.3082 ], [ 79.1216, 29.2762 ], [ 79.2684, 29.2437 ], [ 79.2351, 29.1894 ], [ 79.4074, 29.054 ], [ 79.6406, 29.0704 ], [ 79.7024, 29.0261 ], [ 79.7881, 29.0195 ], [ 79.7878, 28.994 ], [ 79.842, 29.0222 ], [ 79.8505, 28.9881 ], [ 79.9921, 29.0949 ], [ 80.059, 29.0792 ], [ 80.0693, 29.1285 ], [ 80.1391, 29.1333 ], [ 80.1599, 29.1129 ], [ 80.1373, 29.0073 ], [ 80.0601, 28.9163 ], [ 80.0724, 28.8297 ], [ 79.9748, 28.7168 ] ] ] } },
{ "type": "Feature", "properties": { "state": "Uttarakhand", "district": "Uttarkashi" }, "geometry": { "type": "Polygon", "coordinates": [ [ [ 78.5776, 30.6929 ], [ 78.5306, 30.5349 ], [ 78.4843, 30.5395 ], [ 78.4996, 30.5999 ], [ 78.4732, 30.6333 ], [ 78.4377, 30.6205 ], [ 78.4419, 30.5459 ], [ 78.3949, 30.4748 ], [ 78.3256, 30.5677 ], [ 78.2765, 30.5561 ], [ 78.2639, 30.6173 ], [ 78.1946, 30.583 ], [ 78.1538, 30.596 ], [ 78.1416, 30.6398 ], [ 78.0347, 30.6026 ], [ 78.0018, 30.6177 ], [ 77.9997, 30.6516 ], [ 78.0546, 30.672 ], [ 78.0751, 30.7236 ], [ 77.9743, 30.8538 ], [ 77.9662, 30.902 ], [ 78.008, 30.9169 ], [ 77.9745, 30.9687 ], [ 77.7632, 30.9202 ], [ 77.7346, 30.9596 ], [ 77.8171, 30.9536 ], [ 77.8006, 31.0621 ], [ 77.8875, 31.1547 ], [ 77.9548, 31.1788 ], [ 78.0142, 31.1549 ], [ 78.03, 31.1853 ], [ 78.2326, 31.235 ], [ 78.2984, 31.2882 ], [ 78.3693, 31.2879 ], [ 78.4701, 31.2038 ], [ 78.5954, 31.2364 ], [ 78.6477, 31.1947 ], [ 78.795, 31.205 ], [ 78.88, 31.1038 ], [ 78.9861, 31.1166 ], [ 78.9069, 31.2462 ], [ 78.9254, 31.3318 ], [ 78.9897, 31.3618 ], [ 79.0479, 31.4704 ], [ 79.1289, 31.4387 ], [ 79.249, 31.2945 ], [ 79.2339, 31.254 ], [ 79.2728, 31.2307 ], [ 79.2996, 31.1492 ], [ 79.3901, 31.0939 ], [ 79.2982, 31.0231 ], [ 79.3079, 30.9687 ], [ 79.2494, 30.9599 ], [ 79.2624, 30.8841 ], [ 79.2108, 30.8252 ], [ 79.276, 30.7574 ], [ 79.2663, 30.7323 ], [ 79.1201, 30.7574 ], [ 79.0185, 30.8121 ], [ 78.9853, 30.8678 ], [ 78.8645, 30.8828 ], [ 78.8365, 30.8507 ], [ 78.8351, 30.7444 ], [ 78.7396, 30.7174 ], [ 78.7086, 30.738 ], [ 78.5776, 30.6929 ] ] ] } },
{ "type": "Feature", "properties": { "state": "West Bengal", "district": "Alipurduar" }, "geometry": { "type": "Polygon", "coordinates": [ [ [ 89.4697, 26.8027 ], [ 89.6509, 26.7764 ], [ 89.6238, 26.7187 ], [ 89.7524, 26.7356 ], [ 89.7702, 26.7026 ], [ 89.8614, 26.7003 ], [ 89.8706, 26.4599 ], [ 89.8448, 26.4102 ], [ 89.8235, 26.4327 ], [ 89.8562, 26.4458 ], [ 89.8466, 26.4682 ], [ 89.756, 26.4626 ], [ 89.6951, 26.4209 ], [ 89.6562, 26.4354 ], [ 89.6165, 26.3954 ], [ 89.5813, 26.4286 ], [ 89.5487, 26.4165 ], [ 89.5368, 26.4754 ], [ 89.4539, 26.49 ], [ 89.393, 26.4643 ], [ 89.3559, 26.4951 ], [ 89.1813, 26.4999 ], [ 89.1186, 26.5229 ], [ 89.103, 26.5935 ], [ 89.0491, 26.6078 ], [ 89.1003, 26.8492 ], [ 89.1343, 26.8078 ], [ 89.2623, 26.8139 ], [ 89.3789, 26.8624 ], [ 89.4697, 26.8027 ] ] ] } },
{ "type": "Feature", "properties": { "state": "West Bengal", "district": "Bankura" }, "geometry": { "type": "Polygon", "coordinates": [ [ [ 87.0123, 23.6322 ], [ 87.4423, 23.4029 ], [ 87.6518, 23.2356 ], [ 87.6804, 23.1214 ], [ 87.7275, 23.1248 ], [ 87.7614, 23.0686 ], [ 87.7097, 23.0076 ], [ 87.6861, 23.0214 ], [ 87.6944, 22.993 ], [ 87.6413, 22.9845 ], [ 87.6503, 22.9393 ], [ 87.6154, 22.8887 ], [ 87.3552, 22.9494 ], [ 87.1685, 22.8894 ], [ 87.1242, 22.8402 ], [ 87.0578, 22.8459 ], [ 87.0827, 22.7348 ], [ 87.011, 22.6908 ], [ 87.0113, 22.6472 ], [ 86.9601, 22.6721 ], [ 86.9151, 22.6228 ], [ 86.6049, 22.8031 ], [ 86.6993, 22.8691 ], [ 86.6871, 22.9267 ], [ 86.7397, 23.0917 ], [ 86.7061, 23.117 ], [ 86.7792, 23.2056 ], [ 86.7752, 23.3361 ], [ 86.8416, 23.3936 ], [ 86.8533, 23.4328 ], [ 86.8147, 23.4342 ], [ 86.8149, 23.4643 ], [ 86.8918, 23.4907 ], [ 86.8514, 23.5671 ], [ 86.8821, 23.6243 ], [ 87.0123, 23.6322 ] ] ] } },
{ "type": "Feature", "properties": { "state": "West Bengal", "district": "Barddhaman" }, "geometry": { "type": "Polygon", "coordinates": [ [ [ 87.7193, 23.0197 ], [ 87.762, 23.0728 ], [ 87.7275, 23.1248 ], [ 87.6804, 23.1214 ], [ 87.6518, 23.2356 ], [ 87.2092, 23.5534 ], [ 87.0123, 23.6322 ], [ 86.9112, 23.6273 ], [ 86.7931, 23.695 ], [ 86.8198, 23.7611 ], [ 86.7928, 23.8314 ], [ 86.8208, 23.8113 ], [ 86.8712, 23.8442 ], [ 86.8769, 23.8134 ], [ 86.895, 23.88 ], [ 86.9432, 23.8429 ], [ 86.9669, 23.8653 ], [ 87.1508, 23.7457 ], [ 87.35, 23.7183 ], [ 87.4122, 23.6822 ], [ 87.4486, 23.6082 ], [ 87.5816, 23.5924 ], [ 87.7068, 23.6168 ], [ 87.7311, 23.5847 ], [ 87.8979, 23.5377 ], [ 87.9595, 23.628 ], [ 87.9086, 23.6609 ], [ 87.9072, 23.7096 ], [ 87.9507, 23.7462 ], [ 87.9688, 23.8417 ], [ 88.0028, 23.8433 ], [ 88.0549, 23.7768 ], [ 88.0323, 23.7568 ], [ 88.0577, 23.7184 ], [ 88.1935, 23.7627 ], [ 88.2321, 23.7085 ], [ 88.1639, 23.7084 ], [ 88.1341, 23.6498 ], [ 88.2141, 23.6028 ], [ 88.2615, 23.6136 ], [ 88.2857, 23.5735 ], [ 88.3126, 23.5862 ], [ 88.2749, 23.5347 ], [ 88.3462, 23.5451 ], [ 88.3875, 23.4977 ], [ 88.3283, 23.4146 ], [ 88.3557, 23.3932 ], [ 88.3317, 23.2794 ], [ 88.4161, 23.2095 ], [ 88.3686, 23.1763 ], [ 88.3616, 23.1176 ], [ 88.1685, 23.1541 ], [ 88.1465, 23.0744 ], [ 88.0496, 23.0434 ], [ 88.0484, 22.9847 ], [ 87.8929, 22.9308 ], [ 87.8893, 22.9569 ], [ 87.7764, 22.9325 ], [ 87.7193, 23.0197 ] ] ] } },
{ "type": "Feature", "properties": { "state": "West Bengal", "district": "Birbhum" }, "geometry": { "type": "Polygon", "coordinates": [ [ [ 87.8979, 23.5377 ], [ 87.7068, 23.6168 ], [ 87.5816, 23.5924 ], [ 87.4486, 23.6082 ], [ 87.4122, 23.6822 ], [ 87.35, 23.7183 ], [ 87.1508, 23.7457 ], [ 87.0845, 23.8053 ], [ 87.1536, 23.7985 ], [ 87.1358, 23.8681 ], [ 87.2362, 23.8531 ], [ 87.2186, 23.8308 ], [ 87.2427, 23.8262 ], [ 87.2482, 23.907 ], [ 87.2649, 23.8748 ], [ 87.2926, 23.8901 ], [ 87.2918, 23.9557 ], [ 87.2615, 23.9662 ], [ 87.238, 24.0412 ], [ 87.3324, 24.031 ], [ 87.3279, 23.996 ], [ 87.458, 23.9814 ], [ 87.4338, 24.0083 ], [ 87.5106, 24.0398 ], [ 87.4936, 24.1152 ], [ 87.5762, 24.0853 ], [ 87.6076, 24.1289 ], [ 87.5694, 24.1557 ], [ 87.6896, 24.1498 ], [ 87.6926, 24.1862 ], [ 87.6377, 24.2116 ], [ 87.6357, 24.2425 ], [ 87.7563, 24.3036 ], [ 87.81, 24.4066 ], [ 87.7848, 24.4145 ], [ 87.8229, 24.4944 ], [ 87.7952, 24.4911 ], [ 87.7854, 24.5823 ], [ 87.8873, 24.5627 ], [ 87.9459, 24.515 ], [ 87.9726, 24.4565 ], [ 87.9522, 24.3535 ], [ 88.0105, 24.3126 ], [ 88.0229, 24.2588 ], [ 87.9819, 24.1926 ], [ 87.9251, 24.1953 ], [ 87.8938, 24.1503 ], [ 87.9055, 24.0971 ], [ 87.8432, 23.9103 ], [ 87.8907, 23.834 ], [ 87.9617, 23.8013 ], [ 87.9072, 23.7096 ], [ 87.9086, 23.6609 ], [ 87.9595, 23.628 ], [ 87.9467, 23.5955 ], [ 87.8979, 23.5377 ] ] ] } },
{ "type": "Feature", "properties": { "state": "West Bengal", "district": "Dakshin Dinajpur" }, "geometry": { "type": "Polygon", "coordinates": [ [ [ 88.9484, 25.1766 ], [ 88.8758, 25.179 ], [ 88.8449, 25.2112 ], [ 88.8058, 25.1705 ], [ 88.6873, 25.2095 ], [ 88.5648, 25.1746 ], [ 88.4991, 25.2105 ], [ 88.4327, 25.1963 ], [ 88.461, 25.2687 ], [ 88.4313, 25.3149 ], [ 88.3807, 25.287 ], [ 88.285, 25.3142 ], [ 88.1776, 25.2891 ], [ 88.2461, 25.3558 ], [ 88.3174, 25.5125 ], [ 88.457, 25.599 ], [ 88.4999, 25.5841 ], [ 88.5399, 25.5084 ], [ 88.6091, 25.5164 ], [ 88.663, 25.4738 ], [ 88.8106, 25.5232 ], [ 88.8401, 25.3639 ], [ 88.9294, 25.3042 ], [ 89.0089, 25.3031 ], [ 89.0076, 25.2637 ], [ 88.952, 25.2475 ], [ 88.9484, 25.1766 ] ] ] } },
{ "type": "Feature", "properties": { "state": "West Bengal", "district": "Darjiling" }, "geometry": { "type": "Polygon", "coordinates": [ [ [ 88.4045, 26.6299 ], [ 88.3509, 26.5099 ], [ 88.2647, 26.4859 ], [ 88.2339, 26.4463 ], [ 88.179, 26.4906 ], [ 88.2312, 26.552 ], [ 88.1454, 26.511 ], [ 88.105, 26.5358 ], [ 88.163, 26.6363 ], [ 88.1905, 26.7714 ], [ 88.123, 26.9501 ], [ 88.1375, 26.9853 ], [ 88.0403, 27.0363 ], [ 87.9942, 27.1052 ], [ 88.017, 27.2189 ], [ 88.075, 27.2008 ], [ 88.0858, 27.1415 ], [ 88.1523, 27.1117 ], [ 88.3045, 27.1286 ], [ 88.4319, 27.0816 ], [ 88.5299, 27.1502 ], [ 88.5208, 27.1782 ], [ 88.5915, 27.1945 ], [ 88.87, 27.1091 ], [ 88.8698, 26.964 ], [ 88.7916, 26.9898 ], [ 88.7568, 26.9641 ], [ 88.7609, 26.9245 ], [ 88.6623, 26.9263 ], [ 88.6587, 26.9607 ], [ 88.6041, 26.8792 ], [ 88.4773, 26.8756 ], [ 88.4919, 26.8535 ], [ 88.4289, 26.8119 ], [ 88.4458, 26.7002 ], [ 88.3903, 26.6801 ], [ 88.4045, 26.6299 ] ] ] } },
{ "type": "Feature", "properties": { "state": "West Bengal", "district": "Haora" }, "geometry": { "type": "MultiPolygon", "coordinates": [ [ [ [ 87.924, 22.4256 ], [ 87.9234, 22.4279 ], [ 87.9257, 22.4248 ], [ 87.924, 22.4256 ] ] ], [ [ [ 87.9111, 22.4331 ], [ 87.9142, 22.4286 ], [ 87.9081, 22.4317 ], [ 87.9111, 22.4331 ] ] ], [ [ [ 88.2351, 22.5177 ], [ 88.1173, 22.4657 ], [ 88.1387, 22.4043 ], [ 88.0952, 22.3717 ], [ 88.0647, 22.2361 ], [ 87.9901, 22.2414 ], [ 87.9464, 22.4061 ], [ 87.9233, 22.435 ], [ 87.8808, 22.4381 ], [ 87.9108, 22.4122 ], [ 87.8766, 22.4398 ], [ 87.8886, 22.5152 ], [ 87.8418, 22.5575 ], [ 87.8575, 22.6045 ], [ 87.9382, 22.6286 ], [ 87.9233, 22.6852 ], [ 87.9521, 22.7703 ], [ 87.988, 22.7749 ], [ 88.0107, 22.6801 ], [ 88.0462, 22.674 ], [ 88.0613, 22.7082 ], [ 88.0636, 22.6815 ], [ 88.1108, 22.7036 ], [ 88.1728, 22.6839 ], [ 88.1703, 22.6677 ], [ 88.1796, 22.6508 ], [ 88.2393, 22.6746 ], [ 88.3444, 22.66 ], [ 88.3645, 22.6049 ], [ 88.3289, 22.5521 ], [ 88.2436, 22.5571 ], [ 88.2351, 22.5177 ] ] ] ] } },
{ "type": "Feature", "properties": { "state": "West Bengal", "district": "Hugli" }, "geometry": { "type": "Polygon", "coordinates": [ [ [ 88.3439, 22.6567 ], [ 88.2393, 22.6746 ], [ 88.1796, 22.6508 ], [ 88.1728, 22.6839 ], [ 88.1108, 22.7036 ], [ 88.0636, 22.6815 ], [ 88.0613, 22.7082 ], [ 88.0462, 22.674 ], [ 88.0107, 22.6801 ], [ 87.976, 22.7752 ], [ 87.9233, 22.6852 ], [ 87.9367, 22.6264 ], [ 87.8512, 22.594 ], [ 87.7625, 22.6893 ], [ 87.7393, 22.7727 ], [ 87.6758, 22.7787 ], [ 87.6145, 22.8477 ], [ 87.5154, 22.8633 ], [ 87.503, 22.9116 ], [ 87.6264, 22.893 ], [ 87.6413, 22.9845 ], [ 87.6944, 22.993 ], [ 87.7007, 23.0232 ], [ 87.7764, 22.9325 ], [ 87.996, 22.9553 ], [ 88.0484, 22.9847 ], [ 88.0496, 23.0434 ], [ 88.1465, 23.0744 ], [ 88.1685, 23.1541 ], [ 88.3519, 23.1143 ], [ 88.3686, 23.1763 ], [ 88.4635, 23.2232 ], [ 88.4494, 23.1374 ], [ 88.5043, 23.0912 ], [ 88.4035, 22.9826 ], [ 88.4073, 22.8808 ], [ 88.331, 22.7721 ], [ 88.3624, 22.7374 ], [ 88.3439, 22.6567 ] ] ] } },
{ "type": "Feature", "properties": { "state": "West Bengal", "district": "Jalpaiguri" }, "geometry": { "type": "Polygon", "coordinates": [ [ [ 88.6309, 26.4315 ], [ 88.6207, 26.4711 ], [ 88.56, 26.4571 ], [ 88.4227, 26.5661 ], [ 88.3903, 26.6801 ], [ 88.4458, 26.7002 ], [ 88.4289, 26.8119 ], [ 88.4919, 26.8535 ], [ 88.4773, 26.8756 ], [ 88.6041, 26.8792 ], [ 88.6587, 26.9607 ], [ 88.6623, 26.9263 ], [ 88.7609, 26.9245 ], [ 88.7568, 26.9641 ], [ 88.7916, 26.9898 ], [ 88.877, 26.9443 ], [ 88.9215, 26.9938 ], [ 88.9437, 26.9343 ], [ 88.9804, 26.9172 ], [ 89.0212, 26.9408 ], [ 89.0956, 26.8918 ], [ 89.0452, 26.6288 ], [ 89.1074, 26.5895 ], [ 89.1186, 26.5229 ], [ 89.0242, 26.5168 ], [ 88.9696, 26.5458 ], [ 88.8653, 26.3918 ], [ 88.7977, 26.3732 ], [ 88.7724, 26.3953 ], [ 88.7086, 26.3328 ], [ 88.6858, 26.4113 ], [ 88.6309, 26.4315 ] ] ] } },
{ "type": "Feature", "properties": { "state": "West Bengal", "district": "Koch Bihar" }, "geometry": { "type": "MultiPolygon", "coordinates": [ [ [ [ 89.652, 26.0648 ], [ 89.6527, 26.0636 ], [ 89.6523, 26.0624 ], [ 89.652, 26.0648 ] ] ], [ [ [ 89.0233, 26.2408 ], [ 89.0258, 26.2427 ], [ 89.0259, 26.2417 ], [ 89.0233, 26.2408 ] ] ], [ [ [ 88.8819, 26.244 ], [ 88.885, 26.2441 ], [ 88.8848, 26.2403 ], [ 88.8819, 26.244 ] ] ], [ [ [ 89.6205, 26.107 ], [ 89.5938, 26.1022 ], [ 89.6327, 26.107 ], [ 89.65, 26.0645 ], [ 89.5868, 26.0384 ], [ 89.5769, 25.9669 ], [ 89.5409, 25.9696 ], [ 89.5423, 26.0044 ], [ 89.431, 26.0111 ], [ 89.4326, 26.0389 ], [ 89.4238, 26.047 ], [ 89.3924, 26.0072 ], [ 89.3485, 26.0105 ], [ 89.2543, 26.0642 ], [ 89.2668, 26.0925 ], [ 89.2516, 26.0915 ], [ 89.2294, 26.1229 ], [ 89.1553, 26.1387 ], [ 89.1409, 26.2359 ], [ 89.1001, 26.2796 ], [ 89.1047, 26.3159 ], [ 89.1244, 26.2937 ], [ 89.1362, 26.3202 ], [ 89.0837, 26.3223 ], [ 89.0957, 26.3915 ], [ 88.994, 26.4129 ], [ 88.9832, 26.4466 ], [ 88.9558, 26.4603 ], [ 88.909, 26.3801 ], [ 89.0067, 26.3328 ], [ 89.0021, 26.2955 ], [ 89.0269, 26.3097 ], [ 89.0586, 26.2951 ], [ 89.0557, 26.2437 ], [ 89.0302, 26.2473 ], [ 88.957, 26.2406 ], [ 88.8982, 26.2887 ], [ 88.8682, 26.2775 ], [ 88.8835, 26.2367 ], [ 88.8439, 26.2307 ], [ 88.7935, 26.3101 ], [ 88.7466, 26.3111 ], [ 88.6794, 26.259 ], [ 88.6662, 26.2893 ], [ 88.7094, 26.2889 ], [ 88.6782, 26.3044 ], [ 88.6909, 26.329 ], [ 88.7465, 26.3225 ], [ 88.7343, 26.3538 ], [ 88.7724, 26.3953 ], [ 88.7977, 26.3732 ], [ 88.8653, 26.3918 ], [ 88.9696, 26.5458 ], [ 89.0242, 26.5168 ], [ 89.0689, 26.5386 ], [ 89.2721, 26.4856 ], [ 89.3559, 26.4951 ], [ 89.393, 26.4643 ], [ 89.4539, 26.49 ], [ 89.5368, 26.4754 ], [ 89.5487, 26.4165 ], [ 89.5813, 26.4286 ], [ 89.6165, 26.3954 ], [ 89.6562, 26.4354 ], [ 89.861, 26.464 ], [ 89.8235, 26.4327 ], [ 89.8551, 26.382 ], [ 89.782, 26.3533 ], [ 89.7587, 26.2893 ], [ 89.7157, 26.302 ], [ 89.7375, 26.2711 ], [ 89.7048, 26.2699 ], [ 89.7288, 26.2382 ], [ 89.6972, 26.2172 ], [ 89.732, 26.2123 ], [ 89.6948, 26.1891 ], [ 89.7338, 26.1734 ], [ 89.6743, 26.167 ], [ 89.702, 26.1741 ], [ 89.6734, 26.2058 ], [ 89.6875, 26.2266 ], [ 89.6338, 26.2303 ], [ 89.6499, 26.1903 ], [ 89.6308, 26.1841 ], [ 89.6606, 26.1768 ], [ 89.6074, 26.1792 ], [ 89.6205, 26.107 ] ], [ [ 89.6015, 26.1119 ], [ 89.6029, 26.1104 ], [ 89.603, 26.1117 ], [ 89.6015, 26.1119 ] ], [ [ 89.5728, 26.063 ], [ 89.5584, 26.0501 ], [ 89.5715, 26.0523 ], [ 89.5728, 26.063 ] ], [ [ 89.6077, 26.1188 ], [ 89.606, 26.1217 ], [ 89.6062, 26.1192 ], [ 89.6077, 26.1188 ] ], [ [ 89.6042, 26.1258 ], [ 89.6041, 26.1258 ], [ 89.6041, 26.1253 ], [ 89.6042, 26.1258 ] ], [ [ 89.586, 26.1895 ], [ 89.5831, 26.1841 ], [ 89.5863, 26.1846 ], [ 89.586, 26.1895 ] ], [ [ 89.6189, 26.1863 ], [ 89.6157, 26.1896 ], [ 89.6091, 26.191 ], [ 89.6189, 26.1863 ] ], [ [ 89.636, 26.1938 ], [ 89.633, 26.1917 ], [ 89.6351, 26.1905 ], [ 89.636, 26.1938 ] ], [ [ 89.5142, 26.0658 ], [ 89.5037, 26.0589 ], [ 89.5136, 26.0594 ], [ 89.5142, 26.0658 ] ], [ [ 89.3473, 26.015 ], [ 89.3491, 26.015 ], [ 89.3492, 26.0162 ], [ 89.3473, 26.015 ] ], [ [ 89.2404, 26.1117 ], [ 89.2398, 26.1116 ], [ 89.24, 26.1114 ], [ 89.2404, 26.1117 ] ], [ [ 89.1807, 26.2454 ], [ 89.1802, 26.2393 ], [ 89.1872, 26.2432 ], [ 89.1807, 26.2454 ] ], [ [ 89.1707, 26.2401 ], [ 89.1334, 26.2625 ], [ 89.1426, 26.2418 ], [ 89.1707, 26.2401 ] ], [ [ 89.1138, 26.2776 ], [ 89.1124, 26.2823 ], [ 89.1124, 26.2762 ], [ 89.1138, 26.2776 ] ], [ [ 89.076, 26.4012 ], [ 89.0725, 26.4034 ], [ 89.0724, 26.4012 ], [ 89.076, 26.4012 ] ], [ [ 89.0593, 26.4043 ], [ 89.0559, 26.4016 ], [ 89.0582, 26.4014 ], [ 89.0593, 26.4043 ] ], [ [ 89.1301, 26.2912 ], [ 89.1316, 26.2927 ], [ 89.1297, 26.2929 ], [ 89.1301, 26.2912 ] ], [ [ 89.1349, 26.2958 ], [ 89.1311, 26.2968 ], [ 89.1316, 26.2948 ], [ 89.1349, 26.2958 ] ], [ [ 89.1151, 26.3008 ], [ 89.1138, 26.3009 ], [ 89.1138, 26.2991 ], [ 89.1151, 26.3008 ] ], [ [ 89.1101, 26.3049 ], [ 89.109, 26.3046 ], [ 89.1106, 26.3046 ], [ 89.1101, 26.3049 ] ], [ [ 89.1296, 26.3206 ], [ 89.1286, 26.3218 ], [ 89.1266, 26.3207 ], [ 89.1296, 26.3206 ] ], [ [ 89.0482, 26.2458 ], [ 89.048, 26.246 ], [ 89.0479, 26.2458 ], [ 89.0482, 26.2458 ] ], [ [ 88.9814, 26.3012 ], [ 88.9608, 26.2951 ], [ 88.9213, 26.3355 ], [ 88.9545, 26.2747 ], [ 88.9814, 26.3012 ] ], [ [ 89.0146, 26.2657 ], [ 88.9983, 26.2537 ], [ 89.0057, 26.2499 ], [ 89.0146, 26.2657 ] ], [ [ 89.0368, 26.2643 ], [ 89.0288, 26.2572 ], [ 89.0328, 26.2563 ], [ 89.0368, 26.2643 ] ], [ [ 89.0498, 26.289 ], [ 89.047, 26.2869 ], [ 89.0503, 26.2881 ], [ 89.0498, 26.289 ] ], [ [ 89.0255, 26.2972 ], [ 89.0209, 26.2973 ], [ 89.0236, 26.2924 ], [ 89.0255, 26.2972 ] ], [ [ 88.9625, 26.3454 ], [ 88.9592, 26.3361 ], [ 88.9628, 26.3364 ], [ 88.9625, 26.3454 ] ], [ [ 88.9381, 26.3547 ], [ 88.9426, 26.3525 ], [ 88.941, 26.3553 ], [ 88.9381, 26.3547 ] ], [ [ 89.0059, 26.4215 ], [ 89.0055, 26.4195 ], [ 89.0055, 26.4194 ], [ 89.0059, 26.4215 ] ] ] ] } },
{ "type": "Feature", "properties": { "state": "West Bengal", "district": "Kolkata" }, "geometry": { "type": "Polygon", "coordinates": [ [ [ 88.2707, 22.5518 ], [ 88.3207, 22.5469 ], [ 88.3597, 22.6297 ], [ 88.3906, 22.6247 ], [ 88.4073, 22.5565 ], [ 88.3644, 22.4952 ], [ 88.2881, 22.5141 ], [ 88.2707, 22.5518 ] ] ] } },
{ "type": "Feature", "properties": { "state": "West Bengal", "district": "Maldah" }, "geometry": { "type": "Polygon", "coordinates": [ [ [ 88.463, 25.1512 ], [ 88.4416, 25.0123 ], [ 88.399, 24.943 ], [ 88.3402, 24.9403 ], [ 88.3468, 24.8925 ], [ 88.3331, 24.8704 ], [ 88.3251, 24.8659 ], [ 88.321, 24.8834 ], [ 88.3043, 24.8704 ], [ 88.277, 24.8957 ], [ 88.259, 24.8781 ], [ 88.2262, 24.9598 ], [ 88.1397, 24.9361 ], [ 88.175, 24.8603 ], [ 87.9944, 24.6566 ], [ 87.9562, 24.6876 ], [ 87.9612, 24.7687 ], [ 87.897, 24.8544 ], [ 87.9665, 24.8813 ], [ 87.97, 24.9236 ], [ 87.7727, 25.0991 ], [ 87.7876, 25.2205 ], [ 87.8366, 25.1993 ], [ 87.8228, 25.2343 ], [ 87.8565, 25.2778 ], [ 87.784, 25.3324 ], [ 87.7659, 25.4243 ], [ 87.8635, 25.4654 ], [ 87.8792, 25.516 ], [ 87.9556, 25.538 ], [ 88.1117, 25.4331 ], [ 88.1263, 25.2908 ], [ 88.1025, 25.2718 ], [ 88.1253, 25.2425 ], [ 88.1607, 25.2974 ], [ 88.1868, 25.2743 ], [ 88.2145, 25.3067 ], [ 88.3807, 25.287 ], [ 88.4382, 25.3126 ], [ 88.461, 25.2687 ], [ 88.4327, 25.1963 ], [ 88.463, 25.1512 ] ], [ [ 88.2859, 24.8883 ], [ 88.2857, 24.8882 ], [ 88.2859, 24.888 ], [ 88.2859, 24.8883 ] ] ] } },
{ "type": "Feature", "properties": { "state": "West Bengal", "district": "Murshidabad" }, "geometry": { "type": "Polygon", "coordinates": [ [ [ 88.1859, 23.764 ], [ 88.1513, 23.7292 ], [ 88.0956, 23.75 ], [ 88.0577, 23.7184 ], [ 88.0323, 23.7568 ], [ 88.0549, 23.7768 ], [ 88.0028, 23.8433 ], [ 87.9688, 23.8417 ], [ 87.9617, 23.8013 ], [ 87.8907, 23.834 ], [ 87.8426, 23.9049 ], [ 87.8678, 23.9314 ], [ 87.8616, 24.0284 ], [ 87.9055, 24.0971 ], [ 87.8938, 24.1503 ], [ 87.9251, 24.1953 ], [ 87.9819, 24.1926 ], [ 88.0229, 24.2588 ], [ 88.0105, 24.3126 ], [ 87.9522, 24.3535 ], [ 87.9697, 24.4688 ], [ 87.9298, 24.5345 ], [ 87.8876, 24.5402 ], [ 87.9081, 24.6082 ], [ 87.8727, 24.6107 ], [ 87.9016, 24.6126 ], [ 87.9022, 24.7185 ], [ 87.8139, 24.7534 ], [ 87.8337, 24.7879 ], [ 87.8352, 24.7632 ], [ 87.8654, 24.7743 ], [ 87.889, 24.8529 ], [ 87.9612, 24.7687 ], [ 87.9603, 24.6798 ], [ 88.0412, 24.6434 ], [ 88.1984, 24.4626 ], [ 88.3482, 24.3765 ], [ 88.4303, 24.3838 ], [ 88.5287, 24.3442 ], [ 88.555, 24.2965 ], [ 88.5676, 24.3267 ], [ 88.6965, 24.3154 ], [ 88.7374, 24.2701 ], [ 88.7464, 24.1472 ], [ 88.6514, 24.0701 ], [ 88.6271, 23.981 ], [ 88.5469, 24.0363 ], [ 88.509, 23.9869 ], [ 88.5183, 23.9459 ], [ 88.4556, 23.9224 ], [ 88.5078, 23.8927 ], [ 88.4625, 23.8842 ], [ 88.4732, 23.8174 ], [ 88.4487, 23.8148 ], [ 88.4442, 23.8509 ], [ 88.4147, 23.7978 ], [ 88.3515, 23.8246 ], [ 88.2363, 23.7966 ], [ 88.2355, 23.7565 ], [ 88.1859, 23.764 ] ] ] } },
{ "type": "Feature", "properties": { "state": "West Bengal", "district": "Nadia" }, "geometry": { "type": "Polygon", "coordinates": [ [ [ 88.408, 22.9515 ], [ 88.4154, 23.0128 ], [ 88.5045, 23.0986 ], [ 88.4494, 23.1374 ], [ 88.469, 23.2192 ], [ 88.3834, 23.2169 ], [ 88.3317, 23.2794 ], [ 88.3557, 23.3932 ], [ 88.3283, 23.4146 ], [ 88.3875, 23.4977 ], [ 88.3462, 23.5451 ], [ 88.2749, 23.5347 ], [ 88.3126, 23.5862 ], [ 88.1643, 23.6181 ], [ 88.1332, 23.6569 ], [ 88.1639, 23.7084 ], [ 88.2297, 23.7043 ], [ 88.1915, 23.7479 ], [ 88.239, 23.76 ], [ 88.2363, 23.7966 ], [ 88.3515, 23.8246 ], [ 88.4147, 23.7978 ], [ 88.4442, 23.8509 ], [ 88.4487, 23.8148 ], [ 88.4732, 23.8174 ], [ 88.4625, 23.8842 ], [ 88.5078, 23.8927 ], [ 88.4556, 23.9224 ], [ 88.5183, 23.9459 ], [ 88.509, 23.9869 ], [ 88.5469, 24.0363 ], [ 88.6217, 23.9782 ], [ 88.6514, 24.0701 ], [ 88.7236, 24.104 ], [ 88.7288, 23.9967 ], [ 88.7587, 24.0082 ], [ 88.7696, 23.9819 ], [ 88.7374, 23.9827 ], [ 88.7334, 23.9111 ], [ 88.6675, 23.8696 ], [ 88.5753, 23.8624 ], [ 88.602, 23.8165 ], [ 88.5558, 23.7845 ], [ 88.5806, 23.7652 ], [ 88.5622, 23.6372 ], [ 88.5937, 23.6409 ], [ 88.5817, 23.603 ], [ 88.646, 23.6081 ], [ 88.6555, 23.5576 ], [ 88.7434, 23.4806 ], [ 88.8004, 23.4976 ], [ 88.7954, 23.4436 ], [ 88.7644, 23.4421 ], [ 88.7488, 23.3981 ], [ 88.7655, 23.3677 ], [ 88.7321, 23.3525 ], [ 88.7456, 23.3078 ], [ 88.6962, 23.3022 ], [ 88.7195, 23.2547 ], [ 88.7674, 23.2458 ], [ 88.778, 23.2352 ], [ 88.7089, 23.2329 ], [ 88.6561, 22.871 ], [ 88.408, 22.9515 ] ], [ [ 88.5867, 23.8112 ], [ 88.5866, 23.8116 ], [ 88.5865, 23.8113 ], [ 88.5867, 23.8112 ] ] ] } },
{ "type": "Feature", "properties": { "state": "West Bengal", "district": "North24Parganas" }, "geometry": { "type": "MultiPolygon", "coordinates": [ [ [ [ 88.7572, 21.599 ], [ 88.7094, 21.5867 ], [ 88.7208, 21.6383 ], [ 88.7359, 21.6107 ], [ 88.7572, 21.599 ] ] ], [ [ [ 88.7687, 21.6555 ], [ 88.7981, 21.5917 ], [ 88.7519, 21.5767 ], [ 88.7582, 21.6 ], [ 88.7296, 21.64 ], [ 88.7356, 21.6446 ], [ 88.7487, 21.6458 ], [ 88.7687, 21.6555 ] ] ], [ [ [ 88.7465, 21.6461 ], [ 88.687, 21.6833 ], [ 88.6964, 21.7133 ], [ 88.7074, 21.6812 ], [ 88.7465, 21.6461 ] ] ], [ [ [ 88.8072, 21.6658 ], [ 88.7942, 21.6644 ], [ 88.7594, 21.6631 ], [ 88.7314, 21.6872 ], [ 88.7411, 21.6894 ], [ 88.745, 21.6822 ], [ 88.7575, 21.6823 ], [ 88.8067, 21.7067 ], [ 88.8072, 21.6658 ] ] ], [ [ [ 88.7281, 21.7778 ], [ 88.7528, 21.7316 ], [ 88.7767, 21.7211 ], [ 88.7359, 21.7193 ], [ 88.7628, 21.6929 ], [ 88.7578, 21.6837 ], [ 88.7412, 21.6908 ], [ 88.7293, 21.6868 ], [ 88.748, 21.6583 ], [ 88.7111, 21.6902 ], [ 88.695, 21.7439 ], [ 88.7111, 21.806 ], [ 88.7281, 21.7778 ] ] ], [ [ [ 88.7869, 21.7369 ], [ 88.7498, 21.7697 ], [ 88.7664, 21.7868 ], [ 88.7821, 21.8252 ], [ 88.7936, 21.8097 ], [ 88.7873, 21.7958 ], [ 88.7958, 21.7872 ], [ 88.7822, 21.7669 ], [ 88.7869, 21.7369 ] ] ], [ [ [ 88.7344, 21.7794 ], [ 88.7275, 21.7936 ], [ 88.7377, 21.7981 ], [ 88.7506, 21.8142 ], [ 88.7344, 21.7794 ] ] ], [ [ [ 88.7164, 21.9064 ], [ 88.7592, 21.8783 ], [ 88.7714, 21.8764 ], [ 88.7806, 21.8594 ], [ 88.7686, 21.8525 ], [ 88.7578, 21.7811 ], [ 88.7517, 21.8153 ], [ 88.7233, 21.7956 ], [ 88.7036, 21.8194 ], [ 88.705, 21.8278 ], [ 88.7167, 21.8261 ], [ 88.7281, 21.8375 ], [ 88.6961, 21.8422 ], [ 88.7164, 21.9064 ] ] ], [ [ [ 88.7167, 21.9178 ], [ 88.8145, 21.9014 ], [ 88.7897, 21.8647 ], [ 88.7936, 21.8742 ], [ 88.7908, 21.8792 ], [ 88.7167, 21.9178 ] ] ], [ [ [ 88.7758, 21.9415 ], [ 88.8053, 21.9331 ], [ 88.7328, 21.9253 ], [ 88.7249, 21.9779 ], [ 88.7489, 21.9792 ], [ 88.7507, 21.9549 ], [ 88.7758, 21.9415 ] ] ], [ [ [ 88.7426, 21.9905 ], [ 88.7583, 22.0071 ], [ 88.7426, 21.9837 ], [ 88.7426, 21.9905 ] ] ], [ [ [ 88.7792, 22.0368 ], [ 88.7611, 22.0219 ], [ 88.7525, 22.0526 ], [ 88.7753, 22.05 ], [ 88.7792, 22.0368 ] ] ], [ [ [ 88.8278, 22.086 ], [ 88.8288, 22.0715 ], [ 88.8052, 22.0657 ], [ 88.7942, 22.0557 ], [ 88.7872, 22.0722 ], [ 88.7812, 22.0484 ], [ 88.7481, 22.0582 ], [ 88.7963, 22.1092 ], [ 88.7993, 22.1079 ], [ 88.7983, 22.0983 ], [ 88.8055, 22.0834 ], [ 88.815, 22.0806 ], [ 88.8278, 22.086 ] ] ], [ [ [ 88.6904, 22.0811 ], [ 88.689, 22.0811 ], [ 88.6895, 22.0819 ], [ 88.6904, 22.0811 ] ] ], [ [ [ 88.6948, 22.0875 ], [ 88.7059, 22.0897 ], [ 88.6929, 22.0781 ], [ 88.6948, 22.0875 ] ] ], [ [ [ 88.8596, 22.2041 ], [ 88.8433, 22.1672 ], [ 88.8559, 22.1445 ], [ 88.8046, 22.1305 ], [ 88.7776, 22.1112 ], [ 88.7392, 22.057 ], [ 88.7047, 22.065 ], [ 88.7492, 22.135 ], [ 88.8092, 22.1794 ], [ 88.8296, 22.1653 ], [ 88.8383, 22.167 ], [ 88.8405, 22.1749 ], [ 88.8281, 22.208 ], [ 88.8432, 22.1896 ], [ 88.8471, 22.1895 ], [ 88.8513, 22.1944 ], [ 88.8528, 22.2039 ], [ 88.8596, 22.2041 ] ] ], [ [ [ 88.7892, 22.1686 ], [ 88.7725, 22.1784 ], [ 88.7853, 22.1736 ], [ 88.7892, 22.1686 ] ] ], [ [ [ 88.7572, 22.1896 ], [ 88.765, 22.1922 ], [ 88.7666, 22.1899 ], [ 88.7572, 22.1896 ] ] ], [ [ [ 88.7462, 22.2029 ], [ 88.7461, 22.2047 ], [ 88.7464, 22.2044 ], [ 88.7462, 22.2029 ] ] ], [ [ [ 88.7486, 22.2214 ], [ 88.7496, 22.2202 ], [ 88.7487, 22.2187 ], [ 88.7486, 22.2214 ] ] ], [ [ [ 88.8257, 22.2414 ], [ 88.7985, 22.226 ], [ 88.8055, 22.2084 ], [ 88.8182, 22.1956 ], [ 88.8275, 22.195 ], [ 88.8341, 22.1669 ], [ 88.8096, 22.1833 ], [ 88.7942, 22.1706 ], [ 88.7674, 22.1942 ], [ 88.7472, 22.199 ], [ 88.807, 22.283 ], [ 88.8257, 22.2414 ] ] ], [ [ [ 88.9127, 22.8816 ], [ 88.9685, 22.8441 ], [ 88.911, 22.7579 ], [ 88.9623, 22.6951 ], [ 88.9473, 22.6599 ], [ 88.9319, 22.6456 ], [ 88.9211, 22.6658 ], [ 88.9072, 22.6787 ], [ 88.8644, 22.6651 ], [ 88.8641, 22.6937 ], [ 88.8487, 22.7084 ], [ 88.8091, 22.7117 ], [ 88.8116, 22.7414 ], [ 88.8087, 22.7507 ], [ 88.818, 22.7496 ], [ 88.8131, 22.7421 ], [ 88.8262, 22.7375 ], [ 88.8342, 22.7455 ], [ 88.8365, 22.737 ], [ 88.84, 22.735 ], [ 88.8486, 22.7499 ], [ 88.84, 22.7356 ], [ 88.8356, 22.7465 ], [ 88.8323, 22.7463 ], [ 88.8266, 22.7387 ], [ 88.8195, 22.7503 ], [ 88.8114, 22.7535 ], [ 88.807, 22.7502 ], [ 88.809, 22.7095 ], [ 88.8472, 22.7065 ], [ 88.8638, 22.6637 ], [ 88.9078, 22.6768 ], [ 88.9326, 22.6187 ], [ 88.9573, 22.6179 ], [ 88.9376, 22.5699 ], [ 88.8964, 22.5633 ], [ 88.8689, 22.5458 ], [ 88.8428, 22.5079 ], [ 88.8529, 22.433 ], [ 88.8245, 22.4361 ], [ 88.8297, 22.4468 ], [ 88.8116, 22.4814 ], [ 88.7932, 22.4992 ], [ 88.7717, 22.5134 ], [ 88.7737, 22.5178 ], [ 88.7828, 22.5212 ], [ 88.7842, 22.525 ], [ 88.7664, 22.5608 ], [ 88.7828, 22.5228 ], [ 88.775, 22.5203 ], [ 88.7684, 22.5134 ], [ 88.7504, 22.517 ], [ 88.739, 22.5142 ], [ 88.7341, 22.5109 ], [ 88.7093, 22.5291 ], [ 88.6907, 22.5244 ], [ 88.6913, 22.5341 ], [ 88.6823, 22.5374 ], [ 88.6823, 22.5438 ], [ 88.6736, 22.55 ], [ 88.6809, 22.5774 ], [ 88.6783, 22.5936 ], [ 88.6717, 22.5567 ], [ 88.6722, 22.5494 ], [ 88.6811, 22.5437 ], [ 88.6809, 22.5364 ], [ 88.6902, 22.5329 ], [ 88.6902, 22.523 ], [ 88.7078, 22.5277 ], [ 88.7336, 22.51 ], [ 88.7784, 22.5061 ], [ 88.7795, 22.4932 ], [ 88.8025, 22.4434 ], [ 88.8185, 22.4306 ], [ 88.8483, 22.4306 ], [ 88.8461, 22.3883 ], [ 88.8611, 22.365 ], [ 88.8753, 22.3578 ], [ 88.8759, 22.3549 ], [ 88.8714, 22.3589 ], [ 88.8492, 22.3645 ], [ 88.822, 22.3609 ], [ 88.804, 22.3729 ], [ 88.7714, 22.3692 ], [ 88.7037, 22.4287 ], [ 88.5942, 22.6102 ], [ 88.5565, 22.6222 ], [ 88.5222, 22.5445 ], [ 88.419, 22.5805 ], [ 88.4073, 22.5565 ], [ 88.3906, 22.6247 ], [ 88.3521, 22.6469 ], [ 88.3624, 22.7374 ], [ 88.331, 22.7721 ], [ 88.4041, 22.8734 ], [ 88.4142, 22.9492 ], [ 88.6689, 22.8859 ], [ 88.713, 23.2355 ], [ 88.8075, 23.2195 ], [ 88.8122, 23.2563 ], [ 88.9422, 23.2064 ], [ 88.9755, 23.2246 ], [ 88.9958, 23.2152 ], [ 88.8613, 23.0789 ], [ 88.8844, 23.0372 ], [ 88.8784, 23.0038 ], [ 88.8478, 23.0055 ], [ 88.8559, 22.9543 ], [ 88.8943, 22.9522 ], [ 88.9127, 22.8816 ] ], [ [ 88.93, 22.6536 ], [ 88.9294, 22.654 ], [ 88.9294, 22.6537 ], [ 88.93, 22.6536 ] ] ], [ [ [ 88.8342, 21.6072 ], [ 88.9, 21.5522 ], [ 88.8358, 21.56 ], [ 88.8342, 21.6072 ] ] ], [ [ [ 88.8903, 21.6519 ], [ 88.8915, 21.6531 ], [ 88.8939, 21.6492 ], [ 88.8903, 21.6519 ] ] ], [ [ [ 88.8653, 21.7586 ], [ 88.86, 21.6372 ], [ 88.8442, 21.627 ], [ 88.8428, 21.6453 ], [ 88.8306, 21.652 ], [ 88.8286, 21.6506 ], [ 88.8458, 21.62 ], [ 88.8089, 21.6388 ], [ 88.815, 21.71 ], [ 88.7625, 21.7014 ], [ 88.8317, 21.7661 ], [ 88.8653, 21.7586 ] ] ], [ [ [ 88.8303, 21.7667 ], [ 88.7842, 21.7663 ], [ 88.8217, 21.8229 ], [ 88.8303, 21.7667 ] ] ], [ [ [ 88.875, 21.8456 ], [ 88.8914, 21.7536 ], [ 88.9133, 21.7278 ], [ 88.835, 21.7817 ], [ 88.8411, 21.8514 ], [ 88.875, 21.8456 ] ] ], [ [ [ 88.7936, 21.8664 ], [ 88.8297, 21.8622 ], [ 88.795, 21.7914 ], [ 88.7889, 21.7958 ], [ 88.7956, 21.8017 ], [ 88.7944, 21.8125 ], [ 88.7897, 21.8214 ], [ 88.7842, 21.8261 ], [ 88.7658, 21.8289 ], [ 88.7936, 21.8664 ] ] ], [ [ [ 88.9146, 21.9281 ], [ 88.9661, 21.8903 ], [ 88.9767, 21.8675 ], [ 88.9556, 21.8539 ], [ 88.9589, 21.8697 ], [ 88.9494, 21.8867 ], [ 88.9433, 21.8847 ], [ 88.9472, 21.8406 ], [ 88.915, 21.8808 ], [ 88.9069, 21.8789 ], [ 88.9392, 21.85 ], [ 88.8867, 21.8128 ], [ 88.8781, 21.8539 ], [ 88.8196, 21.9282 ], [ 88.8569, 21.9107 ], [ 88.8901, 21.9147 ], [ 88.9146, 21.9281 ] ] ], [ [ [ 88.8408, 21.8869 ], [ 88.8003, 21.8706 ], [ 88.8153, 21.9006 ], [ 88.8408, 21.8869 ] ] ], [ [ [ 88.9073, 21.9295 ], [ 88.7517, 21.9569 ], [ 88.7533, 21.9853 ], [ 88.7644, 21.9844 ], [ 88.7744, 21.9897 ], [ 88.782, 21.9727 ], [ 88.8003, 21.9705 ], [ 88.7767, 21.9908 ], [ 88.7536, 21.9881 ], [ 88.7617, 22.0149 ], [ 88.9036, 22.0106 ], [ 88.9073, 21.9295 ] ] ], [ [ [ 88.8754, 22.0162 ], [ 88.852, 22.0417 ], [ 88.8902, 22.0458 ], [ 88.892, 22.0493 ], [ 88.8869, 22.0578 ], [ 88.903, 22.0501 ], [ 88.8754, 22.0162 ] ] ], [ [ [ 88.8317, 22.0497 ], [ 88.7802, 22.0378 ], [ 88.7876, 22.0596 ], [ 88.7945, 22.0542 ], [ 88.819, 22.0609 ], [ 88.8317, 22.0497 ] ] ], [ [ [ 88.8901, 22.0508 ], [ 88.8506, 22.043 ], [ 88.8455, 22.0219 ], [ 88.8456, 22.0617 ], [ 88.8194, 22.0625 ], [ 88.8344, 22.0639 ], [ 88.8685, 22.0815 ], [ 88.8702, 22.0631 ], [ 88.8901, 22.0508 ] ] ], [ [ [ 88.8909, 22.0604 ], [ 88.8702, 22.0869 ], [ 88.8814, 22.0839 ], [ 88.9044, 22.0866 ], [ 88.8909, 22.0604 ] ] ], [ [ [ 88.8679, 22.085 ], [ 88.8437, 22.0981 ], [ 88.8675, 22.0825 ], [ 88.8381, 22.0731 ], [ 88.8192, 22.1044 ], [ 88.8055, 22.0851 ], [ 88.7987, 22.1109 ], [ 88.8403, 22.1225 ], [ 88.8492, 22.104 ], [ 88.8679, 22.085 ] ] ], [ [ [ 88.9177, 22.1173 ], [ 88.8823, 22.0856 ], [ 88.8607, 22.0951 ], [ 88.8459, 22.122 ], [ 88.8307, 22.1271 ], [ 88.8602, 22.1424 ], [ 88.8491, 22.1692 ], [ 88.8782, 22.168 ], [ 88.9177, 22.1173 ] ] ], [ [ [ 88.8706, 22.3578 ], [ 88.9541, 22.2252 ], [ 88.919, 22.233 ], [ 88.9018, 22.2241 ], [ 88.887, 22.2363 ], [ 88.8955, 22.2524 ], [ 88.8876, 22.2659 ], [ 88.8768, 22.2745 ], [ 88.8726, 22.2745 ], [ 88.8651, 22.2708 ], [ 88.8632, 22.2764 ], [ 88.85, 22.2893 ], [ 88.8433, 22.2897 ], [ 88.8649, 22.2702 ], [ 88.8872, 22.2649 ], [ 88.8857, 22.2362 ], [ 88.9003, 22.2229 ], [ 88.9139, 22.2161 ], [ 88.9045, 22.1972 ], [ 88.9186, 22.1654 ], [ 88.8982, 22.1779 ], [ 88.8723, 22.1714 ], [ 88.8662, 22.1941 ], [ 88.8834, 22.2001 ], [ 88.8861, 22.2068 ], [ 88.8835, 22.2123 ], [ 88.841, 22.2143 ], [ 88.8758, 22.2528 ], [ 88.8394, 22.2155 ], [ 88.8419, 22.2117 ], [ 88.8495, 22.2098 ], [ 88.8823, 22.2116 ], [ 88.8811, 22.2002 ], [ 88.8299, 22.2101 ], [ 88.8246, 22.2043 ], [ 88.8255, 22.1984 ], [ 88.8195, 22.1964 ], [ 88.8006, 22.2258 ], [ 88.8284, 22.2419 ], [ 88.8183, 22.3589 ], [ 88.8706, 22.3578 ] ] ], [ [ [ 88.8053, 22.3244 ], [ 88.8095, 22.3196 ], [ 88.8104, 22.3168 ], [ 88.8053, 22.3244 ] ] ], [ [ [ 88.8742, 22.3886 ], [ 88.8786, 22.4042 ], [ 88.8748, 22.3868 ], [ 88.8986, 22.3367 ], [ 88.8774, 22.3611 ], [ 88.8608, 22.3708 ], [ 88.8617, 22.4106 ], [ 88.8742, 22.3886 ] ] ], [ [ [ 88.8689, 22.4106 ], [ 88.8719, 22.4053 ], [ 88.8661, 22.4108 ], [ 88.8689, 22.4106 ] ] ], [ [ [ 88.8955, 22.5542 ], [ 88.895, 22.5008 ], [ 88.8923, 22.4654 ], [ 88.9028, 22.4147 ], [ 88.9217, 22.4006 ], [ 88.888, 22.3783 ], [ 88.8981, 22.3667 ], [ 88.8766, 22.3869 ], [ 88.8822, 22.4036 ], [ 88.8561, 22.4228 ], [ 88.8677, 22.4879 ], [ 88.8436, 22.5074 ], [ 88.8955, 22.5542 ] ] ], [ [ [ 88.8561, 22.4589 ], [ 88.8592, 22.4694 ], [ 88.8581, 22.4617 ], [ 88.8561, 22.4589 ] ] ], [ [ [ 88.7808, 22.5003 ], [ 88.8217, 22.4348 ], [ 88.8348, 22.4338 ], [ 88.8192, 22.4323 ], [ 88.804, 22.4445 ], [ 88.7808, 22.5003 ] ] ], [ [ [ 88.9878, 21.6131 ], [ 88.9421, 21.6402 ], [ 88.9547, 21.6769 ], [ 88.9619, 21.6634 ], [ 88.9625, 21.647 ], [ 88.9655, 21.6418 ], [ 88.9686, 21.6404 ], [ 88.9914, 21.6436 ], [ 88.9878, 21.6131 ] ] ], [ [ [ 88.9879, 21.653 ], [ 88.9964, 21.649 ], [ 89.0228, 21.654 ], [ 89.0288, 21.6048 ], [ 89.0, 21.6017 ], [ 88.9924, 21.6441 ], [ 88.9639, 21.6461 ], [ 88.9633, 21.663 ], [ 88.951, 21.701 ], [ 88.9732, 21.6974 ], [ 88.9845, 21.7057 ], [ 88.9894, 21.7014 ], [ 88.9879, 21.653 ] ] ], [ [ [ 89.0611, 21.7211 ], [ 89.095, 21.644 ], [ 89.0516, 21.6175 ], [ 89.0285, 21.6353 ], [ 89.0247, 21.6949 ], [ 89.022, 21.7004 ], [ 89.0098, 21.7049 ], [ 89.0611, 21.7211 ] ] ], [ [ [ 88.8814, 21.7444 ], [ 88.9419, 21.6897 ], [ 88.9208, 21.6322 ], [ 88.8731, 21.6944 ], [ 88.8814, 21.7444 ] ] ], [ [ [ 88.9706, 21.7208 ], [ 89.0092, 21.7017 ], [ 89.0242, 21.6877 ], [ 89.0211, 21.6711 ], [ 88.993, 21.6514 ], [ 88.9925, 21.7014 ], [ 88.9706, 21.7208 ] ] ], [ [ [ 88.973, 21.7398 ], [ 88.9694, 21.7228 ], [ 88.9731, 21.6986 ], [ 88.9228, 21.7197 ], [ 88.9234, 21.7627 ], [ 88.9679, 21.7395 ], [ 88.973, 21.7398 ] ] ], [ [ [ 88.9997, 21.7639 ], [ 89.0593, 21.7259 ], [ 89.0174, 21.7178 ], [ 89.0164, 21.7324 ], [ 88.9997, 21.7639 ] ] ], [ [ [ 88.9971, 21.7706 ], [ 89.0043, 21.7161 ], [ 88.9879, 21.7466 ], [ 88.9511, 21.7578 ], [ 89.003, 21.7847 ], [ 89.0116, 21.7799 ], [ 88.9971, 21.7706 ] ] ], [ [ [ 89.0237, 21.7591 ], [ 88.9981, 21.7686 ], [ 89.0128, 21.7794 ], [ 88.9949, 21.8123 ], [ 89.0166, 21.8116 ], [ 89.0237, 21.7591 ] ] ], [ [ [ 88.9333, 21.8144 ], [ 88.9178, 21.7917 ], [ 88.9233, 21.7881 ], [ 88.9114, 21.7617 ], [ 88.9128, 21.7553 ], [ 88.8978, 21.7519 ], [ 88.8831, 21.8081 ], [ 88.9333, 21.8144 ] ] ], [ [ [ 88.9244, 21.8358 ], [ 88.97, 21.8028 ], [ 88.9542, 21.8081 ], [ 88.9403, 21.7931 ], [ 88.9404, 21.7824 ], [ 88.96, 21.7753 ], [ 88.9567, 21.7686 ], [ 88.9214, 21.7661 ], [ 88.9142, 21.7556 ], [ 88.9389, 21.8167 ], [ 88.9244, 21.8358 ] ] ], [ [ [ 89.0248, 21.8492 ], [ 88.9981, 21.8711 ], [ 88.9892, 21.8681 ], [ 89.0247, 21.8233 ], [ 88.9942, 21.8142 ], [ 88.9734, 21.776 ], [ 88.9428, 21.7865 ], [ 88.9765, 21.8047 ], [ 88.9789, 21.8222 ], [ 88.9503, 21.8369 ], [ 88.9783, 21.8659 ], [ 88.9694, 21.8908 ], [ 89.0144, 21.8767 ], [ 89.0248, 21.8492 ] ] ], [ [ [ 89.0774, 21.9904 ], [ 89.0598, 21.932 ], [ 89.0051, 21.9435 ], [ 89.0325, 22.0021 ], [ 88.9924, 21.9736 ], [ 88.9897, 21.9857 ], [ 88.9756, 21.9914 ], [ 88.9831, 21.9928 ], [ 88.9994, 22.0071 ], [ 88.9745, 21.9936 ], [ 88.9792, 22.0047 ], [ 88.9681, 22.0155 ], [ 88.9855, 22.0459 ], [ 88.9849, 22.0549 ], [ 89.0408, 22.0489 ], [ 89.0774, 21.9904 ] ] ], [ [ [ 88.9805, 22.1329 ], [ 88.97, 22.1563 ], [ 88.9632, 22.1601 ], [ 88.9528, 22.1585 ], [ 88.9849, 22.1271 ], [ 88.9689, 22.0826 ], [ 88.956, 22.1018 ], [ 88.9505, 22.1042 ], [ 88.9669, 22.0786 ], [ 88.9246, 22.0646 ], [ 88.9239, 22.0242 ], [ 88.9461, 22.0 ], [ 88.9349, 22.0551 ], [ 88.9636, 22.057 ], [ 88.9601, 22.052 ], [ 88.9615, 22.049 ], [ 88.9771, 22.0384 ], [ 88.9622, 22.0172 ], [ 88.9725, 21.9878 ], [ 88.9922, 21.97 ], [ 89.0135, 21.9791 ], [ 88.9909, 21.9519 ], [ 89.0126, 21.902 ], [ 88.9688, 21.9211 ], [ 88.972, 21.9287 ], [ 88.9647, 21.9348 ], [ 88.9762, 21.939 ], [ 88.9764, 21.9461 ], [ 88.9625, 21.935 ], [ 88.9661, 21.9229 ], [ 88.9315, 21.9421 ], [ 88.9014, 22.0653 ], [ 88.9403, 22.128 ], [ 88.8939, 22.1697 ], [ 88.9197, 22.1611 ], [ 88.9587, 22.1903 ], [ 88.9805, 22.1329 ] ] ], [ [ [ 89.0475, 22.1342 ], [ 89.0146, 22.114 ], [ 89.0355, 22.1093 ], [ 89.0377, 22.0531 ], [ 89.0277, 22.0792 ], [ 89.026, 22.0529 ], [ 89.0147, 22.0644 ], [ 88.9631, 22.0497 ], [ 88.9969, 22.138 ], [ 88.9727, 22.1934 ], [ 89.0141, 22.1943 ], [ 89.0186, 22.1538 ], [ 89.0475, 22.1342 ] ] ], [ [ [ 88.9406, 22.1891 ], [ 88.9095, 22.1937 ], [ 88.9188, 22.2308 ], [ 88.9542, 22.2216 ], [ 88.9406, 22.1891 ] ] ], [ [ [ 88.9838, 22.325 ], [ 89.0233, 22.2975 ], [ 88.9942, 22.2856 ], [ 89.0669, 22.1983 ], [ 89.0686, 22.1474 ], [ 89.0963, 22.155 ], [ 89.0622, 22.1284 ], [ 89.0197, 22.2056 ], [ 88.9725, 22.2097 ], [ 88.9472, 22.2556 ], [ 88.9742, 22.395 ], [ 88.9674, 22.4077 ], [ 88.9889, 22.3916 ], [ 88.9838, 22.325 ] ] ], [ [ [ 88.9172, 22.429 ], [ 88.913, 22.4228 ], [ 88.9115, 22.4247 ], [ 88.9172, 22.429 ] ] ], [ [ [ 88.9672, 22.5256 ], [ 88.9986, 22.4303 ], [ 88.9642, 22.4092 ], [ 88.9578, 22.3647 ], [ 88.9394, 22.419 ], [ 88.9325, 22.3112 ], [ 88.8964, 22.3798 ], [ 88.93, 22.3903 ], [ 88.895, 22.5596 ], [ 88.9672, 22.5256 ] ] ], [ [ [ 88.9342, 22.564 ], [ 88.9336, 22.5578 ], [ 88.93, 22.5631 ], [ 88.9342, 22.564 ] ] ], [ [ [ 88.9365, 22.6191 ], [ 88.9346, 22.6215 ], [ 88.9361, 22.6216 ], [ 88.9365, 22.6191 ] ] ] ] } },
{ "type": "Feature", "properties": { "state": "West Bengal", "district": "Pashchim Medinipur" }, "geometry": { "type": "Polygon", "coordinates": [ [ [ 86.7253, 22.2135 ], [ 86.8001, 22.2136 ], [ 86.7903, 22.2628 ], [ 86.7996, 22.241 ], [ 86.8119, 22.2639 ], [ 86.8857, 22.2521 ], [ 86.8862, 22.2941 ], [ 86.8292, 22.3246 ], [ 86.8439, 22.3961 ], [ 86.7515, 22.4507 ], [ 86.7483, 22.4787 ], [ 86.798, 22.484 ], [ 86.7841, 22.5442 ], [ 86.756, 22.5743 ], [ 86.6517, 22.5758 ], [ 86.6367, 22.6551 ], [ 86.5551, 22.7079 ], [ 86.5948, 22.7947 ], [ 86.9222, 22.6231 ], [ 86.9601, 22.6721 ], [ 87.0113, 22.6472 ], [ 87.011, 22.6908 ], [ 87.0827, 22.7348 ], [ 87.0578, 22.8459 ], [ 87.1242, 22.8402 ], [ 87.1685, 22.8894 ], [ 87.3552, 22.9494 ], [ 87.4595, 22.9086 ], [ 87.5175, 22.928 ], [ 87.5154, 22.8633 ], [ 87.6145, 22.8477 ], [ 87.6758, 22.7787 ], [ 87.7393, 22.7727 ], [ 87.7625, 22.6893 ], [ 87.8886, 22.5152 ], [ 87.7565, 22.4727 ], [ 87.6927, 22.5063 ], [ 87.6541, 22.4575 ], [ 87.6436, 22.3294 ], [ 87.7197, 22.318 ], [ 87.6971, 22.2247 ], [ 87.7261, 22.1879 ], [ 87.6681, 22.1036 ], [ 87.4757, 22.0748 ], [ 87.4594, 22.0028 ], [ 87.5113, 21.9464 ], [ 87.4463, 21.8845 ], [ 87.4393, 21.7644 ], [ 87.2716, 21.8034 ], [ 87.2348, 21.9544 ], [ 87.1709, 21.9726 ], [ 87.1564, 21.9289 ], [ 87.0935, 21.9079 ], [ 87.0946, 21.8603 ], [ 87.0302, 21.8653 ], [ 86.9979, 21.9075 ], [ 87.0343, 21.9892 ], [ 87.0176, 22.0413 ], [ 86.9572, 22.0834 ], [ 86.832, 22.0951 ], [ 86.7903, 22.1539 ], [ 86.7154, 22.1435 ], [ 86.7253, 22.2135 ] ] ] } },
{ "type": "Feature", "properties": { "state": "West Bengal", "district": "Purba Medinipur" }, "geometry": { "type": "MultiPolygon", "coordinates": [ [ [ [ 88.1433, 22.0206 ], [ 88.0875, 21.9328 ], [ 88.0472, 21.9117 ], [ 88.0733, 21.9953 ], [ 88.1433, 22.0206 ] ] ], [ [ [ 87.4786, 21.6279 ], [ 87.4239, 21.7906 ], [ 87.4463, 21.8845 ], [ 87.5113, 21.9464 ], [ 87.4594, 22.0028 ], [ 87.4732, 22.0711 ], [ 87.6996, 22.1244 ], [ 87.7266, 22.19 ], [ 87.6971, 22.2247 ], [ 87.7197, 22.318 ], [ 87.6436, 22.3294 ], [ 87.6454, 22.4334 ], [ 87.69, 22.5053 ], [ 87.7565, 22.4727 ], [ 87.8822, 22.5056 ], [ 87.8736, 22.4445 ], [ 87.9481, 22.3464 ], [ 87.94, 22.2603 ], [ 87.9814, 22.2159 ], [ 88.0086, 22.2014 ], [ 88.1356, 22.1847 ], [ 88.1919, 22.1058 ], [ 88.0622, 22.0131 ], [ 88.0319, 22.0639 ], [ 87.9919, 22.1025 ], [ 87.9634, 22.1035 ], [ 88.0531, 22.0103 ], [ 87.9292, 21.8006 ], [ 87.7897, 21.695 ], [ 87.4786, 21.6279 ] ] ], [ [ [ 88.0281, 22.0594 ], [ 88.0294, 22.0625 ], [ 88.0308, 22.0592 ], [ 88.0281, 22.0594 ] ] ], [ [ [ 87.9939, 22.2156 ], [ 87.9919, 22.2128 ], [ 87.9883, 22.2186 ], [ 87.9939, 22.2156 ] ] ], [ [ [ 87.9372, 22.4036 ], [ 87.9386, 22.3972 ], [ 87.9333, 22.4097 ], [ 87.9372, 22.4036 ] ] ] ] } },
{ "type": "Feature", "properties": { "state": "West Bengal", "district": "Puruliya" }, "geometry": { "type": "Polygon", "coordinates": [ [ [ 85.8776, 23.4759 ], [ 85.9439, 23.4546 ], [ 86.0472, 23.4936 ], [ 86.0108, 23.5516 ], [ 86.0469, 23.5839 ], [ 86.1448, 23.5678 ], [ 86.1455, 23.4731 ], [ 86.2387, 23.4697 ], [ 86.2432, 23.4196 ], [ 86.2785, 23.4411 ], [ 86.3, 23.4201 ], [ 86.3719, 23.4827 ], [ 86.3809, 23.5844 ], [ 86.4449, 23.6315 ], [ 86.5287, 23.629 ], [ 86.711, 23.6972 ], [ 86.8364, 23.6808 ], [ 86.8941, 23.638 ], [ 86.8514, 23.5671 ], [ 86.8918, 23.4907 ], [ 86.8149, 23.4643 ], [ 86.8147, 23.4342 ], [ 86.8533, 23.4328 ], [ 86.8416, 23.3936 ], [ 86.7752, 23.3361 ], [ 86.7792, 23.2056 ], [ 86.7061, 23.117 ], [ 86.7397, 23.0917 ], [ 86.6871, 22.9267 ], [ 86.6993, 22.8691 ], [ 86.6127, 22.8205 ], [ 86.5551, 22.7079 ], [ 86.5066, 22.7015 ], [ 86.4126, 22.7864 ], [ 86.463, 22.8966 ], [ 86.4328, 22.9234 ], [ 86.5184, 22.9443 ], [ 86.5403, 22.9872 ], [ 86.393, 22.9742 ], [ 86.2983, 23.0133 ], [ 86.2125, 22.9918 ], [ 86.0369, 23.1436 ], [ 85.9215, 23.1259 ], [ 85.8324, 23.1926 ], [ 85.8264, 23.2631 ], [ 85.878, 23.3237 ], [ 85.8663, 23.3648 ], [ 85.8957, 23.3706 ], [ 85.8629, 23.41 ], [ 85.8776, 23.4759 ] ] ] } },
{ "type": "Feature", "properties": { "state": "West Bengal", "district": "South24Parganas" }, "geometry": { "type": "MultiPolygon", "coordinates": [ [ [ [ 88.0186, 21.5728 ], [ 88.0203, 21.5667 ], [ 88.0158, 21.5817 ], [ 88.0186, 21.5728 ] ] ], [ [ [ 88.1694, 21.5995 ], [ 88.1889, 21.5644 ], [ 88.1803, 21.5606 ], [ 88.1694, 21.5995 ] ] ], [ [ [ 88.2621, 21.7302 ], [ 88.3114, 21.6711 ], [ 88.2864, 21.6039 ], [ 88.3061, 21.5803 ], [ 88.2689, 21.5578 ], [ 88.2164, 21.6164 ], [ 88.2347, 21.6354 ], [ 88.2333, 21.6681 ], [ 88.1978, 21.6892 ], [ 88.2204, 21.7 ], [ 88.2174, 21.7622 ], [ 88.272, 21.7544 ], [ 88.2621, 21.7302 ] ] ], [ [ [ 88.1956, 21.6819 ], [ 88.2263, 21.6702 ], [ 88.2119, 21.6017 ], [ 88.1814, 21.6861 ], [ 88.2028, 21.7217 ], [ 88.1956, 21.6819 ] ] ], [ [ [ 88.1961, 21.7306 ], [ 88.2014, 21.7367 ], [ 88.195, 21.7242 ], [ 88.1961, 21.7306 ] ] ], [ [ [ 88.3022, 21.7098 ], [ 88.2772, 21.7386 ], [ 88.2889, 21.7785 ], [ 88.3022, 21.7098 ] ] ], [ [ [ 88.1347, 21.8774 ], [ 88.1658, 21.8072 ], [ 88.1636, 21.7995 ], [ 88.1707, 21.7424 ], [ 88.1433, 21.6336 ], [ 88.0417, 21.6492 ], [ 88.0442, 21.7177 ], [ 88.1347, 21.8774 ] ] ], [ [ [ 88.1992, 21.7692 ], [ 88.1958, 21.7578 ], [ 88.1944, 21.7644 ], [ 88.1992, 21.7692 ] ] ], [ [ [ 88.2819, 21.7686 ], [ 88.2806, 21.7672 ], [ 88.2792, 21.7697 ], [ 88.2819, 21.7686 ] ] ], [ [ [ 88.2636, 21.7924 ], [ 88.288, 21.782 ], [ 88.2833, 21.7694 ], [ 88.2636, 21.7924 ] ] ], [ [ [ 88.3237, 21.8604 ], [ 88.378, 21.7694 ], [ 88.3571, 21.7669 ], [ 88.3435, 21.7603 ], [ 88.3159, 21.7091 ], [ 88.3109, 21.7956 ], [ 88.296, 21.7741 ], [ 88.2856, 21.7894 ], [ 88.2626, 21.7953 ], [ 88.2601, 21.8065 ], [ 88.3077, 21.8303 ], [ 88.3237, 21.8604 ] ] ], [ [ [ 88.1789, 21.7931 ], [ 88.1853, 21.7894 ], [ 88.1806, 21.7864 ], [ 88.1789, 21.7931 ] ] ], [ [ [ 88.1653, 21.7986 ], [ 88.1741, 21.7997 ], [ 88.1703, 21.7906 ], [ 88.1653, 21.7986 ] ] ], [ [ [ 88.1856, 21.8192 ], [ 88.1778, 21.8253 ], [ 88.1814, 21.8267 ], [ 88.1856, 21.8192 ] ] ], [ [ [ 88.136, 21.8945 ], [ 88.1376, 21.8977 ], [ 88.1386, 21.8981 ], [ 88.136, 21.8945 ] ] ], [ [ [ 88.1053, 21.8975 ], [ 88.1093, 21.8839 ], [ 88.1128, 21.9106 ], [ 88.1053, 21.8975 ] ] ], [ [ [ 88.1294, 21.8989 ], [ 88.1339, 21.9278 ], [ 88.1446, 21.9153 ], [ 88.1294, 21.8989 ] ] ], [ [ [ 88.1597, 21.9286 ], [ 88.1714, 21.9322 ], [ 88.1653, 21.9161 ], [ 88.1597, 21.9286 ] ] ], [ [ [ 88.4966, 21.6002 ], [ 88.5314, 21.5425 ], [ 88.4817, 21.5547 ], [ 88.4966, 21.6002 ] ] ], [ [ [ 88.3004, 21.704 ], [ 88.3581, 21.6472 ], [ 88.3103, 21.6092 ], [ 88.3158, 21.6776 ], [ 88.3004, 21.704 ] ] ], [ [ [ 88.4526, 21.7095 ], [ 88.4539, 21.6242 ], [ 88.4422, 21.615 ], [ 88.4194, 21.6892 ], [ 88.4526, 21.7095 ] ] ], [ [ [ 88.395, 21.755 ], [ 88.4319, 21.6274 ], [ 88.3986, 21.5956 ], [ 88.3797, 21.6808 ], [ 88.4035, 21.7167 ], [ 88.3686, 21.7273 ], [ 88.3867, 21.7339 ], [ 88.395, 21.755 ] ] ], [ [ [ 88.3597, 21.7345 ], [ 88.3694, 21.7186 ], [ 88.3981, 21.7133 ], [ 88.3606, 21.6864 ], [ 88.3428, 21.7544 ], [ 88.3708, 21.7636 ], [ 88.3597, 21.7456 ], [ 88.3597, 21.7345 ] ] ], [ [ [ 88.3878, 21.7434 ], [ 88.3613, 21.7472 ], [ 88.3808, 21.7672 ], [ 88.3878, 21.7434 ] ] ], [ [ [ 88.475, 21.7914 ], [ 88.4312, 21.7058 ], [ 88.446, 21.798 ], [ 88.4613, 21.7886 ], [ 88.475, 21.7914 ] ] ], [ [ [ 88.5406, 21.8106 ], [ 88.5711, 21.7336 ], [ 88.5417, 21.7377 ], [ 88.5344, 21.7332 ], [ 88.5265, 21.7192 ], [ 88.5194, 21.7192 ], [ 88.5044, 21.7574 ], [ 88.5255, 21.7737 ], [ 88.5326, 21.783 ], [ 88.5353, 21.792 ], [ 88.5047, 21.7725 ], [ 88.5406, 21.8106 ] ] ], [ [ [ 88.4251, 21.8105 ], [ 88.4228, 21.7198 ], [ 88.3827, 21.7791 ], [ 88.4251, 21.8105 ] ] ], [ [ [ 88.5053, 21.783 ], [ 88.5021, 21.7844 ], [ 88.5064, 21.7883 ], [ 88.5053, 21.783 ] ] ], [ [ [ 88.5003, 21.8125 ], [ 88.4495, 21.812 ], [ 88.4898, 21.8347 ], [ 88.5003, 21.8125 ] ] ], [ [ [ 88.5242, 21.835 ], [ 88.5222, 21.8458 ], [ 88.5186, 21.8547 ], [ 88.5258, 21.8497 ], [ 88.5242, 21.835 ] ] ], [ [ [ 88.4198, 21.9031 ], [ 88.4902, 21.8564 ], [ 88.4479, 21.8148 ], [ 88.4497, 21.8044 ], [ 88.4639, 21.7911 ], [ 88.424, 21.8124 ], [ 88.4015, 21.798 ], [ 88.3995, 21.8708 ], [ 88.4186, 21.8889 ], [ 88.4198, 21.9031 ] ] ], [ [ [ 88.5366, 21.8533 ], [ 88.5365, 21.8537 ], [ 88.5419, 21.857 ], [ 88.5366, 21.8533 ] ] ], [ [ [ 88.4767, 21.8989 ], [ 88.5092, 21.9108 ], [ 88.4903, 21.8894 ], [ 88.4767, 21.8989 ] ] ], [ [ [ 88.4228, 21.9039 ], [ 88.4228, 21.9061 ], [ 88.4255, 21.9047 ], [ 88.4228, 21.9039 ] ] ], [ [ [ 88.4538, 21.9076 ], [ 88.4423, 21.9088 ], [ 88.4565, 21.9138 ], [ 88.4538, 21.9076 ] ] ], [ [ [ 88.1173, 22.4657 ], [ 88.2351, 22.5177 ], [ 88.2436, 22.5571 ], [ 88.3467, 22.495 ], [ 88.419, 22.5805 ], [ 88.5222, 22.5445 ], [ 88.5613, 22.622 ], [ 88.6259, 22.571 ], [ 88.7037, 22.4287 ], [ 88.7714, 22.3692 ], [ 88.8213, 22.3681 ], [ 88.8044, 22.2827 ], [ 88.7336, 22.1956 ], [ 88.702, 22.2094 ], [ 88.6656, 22.2175 ], [ 88.635, 22.2164 ], [ 88.6581, 22.2394 ], [ 88.6849, 22.2943 ], [ 88.6906, 22.3267 ], [ 88.6661, 22.339 ], [ 88.6792, 22.2939 ], [ 88.6309, 22.2221 ], [ 88.6393, 22.2081 ], [ 88.6725, 22.2012 ], [ 88.6193, 22.1088 ], [ 88.6049, 22.1592 ], [ 88.576, 22.1966 ], [ 88.6034, 22.1591 ], [ 88.5976, 22.1306 ], [ 88.62, 22.1045 ], [ 88.6273, 22.0548 ], [ 88.6295, 22.0506 ], [ 88.6367, 22.0453 ], [ 88.6034, 22.0236 ], [ 88.6064, 22.0477 ], [ 88.5967, 22.0633 ], [ 88.6017, 22.0736 ], [ 88.5966, 22.0673 ], [ 88.5962, 22.061 ], [ 88.6049, 22.0483 ], [ 88.5999, 22.0236 ], [ 88.6144, 22.0197 ], [ 88.6022, 21.9067 ], [ 88.5783, 21.8894 ], [ 88.5864, 21.9281 ], [ 88.5503, 21.9214 ], [ 88.5473, 21.9738 ], [ 88.5487, 21.9223 ], [ 88.5705, 21.9036 ], [ 88.5624, 21.8989 ], [ 88.545, 21.906 ], [ 88.5406, 21.9039 ], [ 88.5281, 21.8531 ], [ 88.4943, 21.8791 ], [ 88.5218, 21.9137 ], [ 88.5255, 21.9294 ], [ 88.5217, 21.9427 ], [ 88.4937, 21.9671 ], [ 88.5191, 21.9882 ], [ 88.537, 21.9788 ], [ 88.5433, 21.982 ], [ 88.55, 21.9962 ], [ 88.5566, 22.0232 ], [ 88.5546, 22.0357 ], [ 88.5414, 21.9817 ], [ 88.5176, 21.9887 ], [ 88.4916, 21.9669 ], [ 88.5207, 21.9154 ], [ 88.4832, 21.91 ], [ 88.4736, 21.8953 ], [ 88.4706, 21.9567 ], [ 88.4654, 21.963 ], [ 88.4461, 21.9654 ], [ 88.4494, 21.984 ], [ 88.4434, 21.9901 ], [ 88.4611, 22.0114 ], [ 88.4416, 21.9911 ], [ 88.4448, 21.965 ], [ 88.4691, 21.9573 ], [ 88.4585, 21.9188 ], [ 88.4197, 21.9066 ], [ 88.4092, 21.8856 ], [ 88.3847, 21.8992 ], [ 88.4078, 21.9195 ], [ 88.3988, 21.9531 ], [ 88.3739, 21.9653 ], [ 88.3943, 21.9707 ], [ 88.3744, 21.9689 ], [ 88.3733, 21.964 ], [ 88.3772, 21.9609 ], [ 88.3981, 21.9522 ], [ 88.4064, 21.9198 ], [ 88.3831, 21.9025 ], [ 88.3907, 21.799 ], [ 88.3549, 21.8228 ], [ 88.3706, 21.8974 ], [ 88.3652, 21.9121 ], [ 88.359, 21.922 ], [ 88.3543, 21.9257 ], [ 88.3532, 21.8569 ], [ 88.3098, 21.8777 ], [ 88.262, 21.8587 ], [ 88.2697, 21.8852 ], [ 88.2606, 21.8579 ], [ 88.3138, 21.8466 ], [ 88.259, 21.8076 ], [ 88.2636, 21.788 ], [ 88.2819, 21.7611 ], [ 88.2517, 21.8019 ], [ 88.2827, 21.7576 ], [ 88.2725, 21.7309 ], [ 88.2732, 21.7555 ], [ 88.2172, 21.7644 ], [ 88.1633, 21.8794 ], [ 88.1772, 21.9261 ], [ 88.1537, 21.9592 ], [ 88.2239, 22.0753 ], [ 88.2075, 22.1578 ], [ 88.1656, 22.1989 ], [ 88.0697, 22.2119 ], [ 88.1047, 22.2953 ], [ 88.0907, 22.3608 ], [ 88.1387, 22.4043 ], [ 88.1173, 22.4657 ] ] ], [ [ [ 88.5863, 21.5879 ], [ 88.5436, 21.5667 ], [ 88.5369, 21.587 ], [ 88.5429, 21.5892 ], [ 88.5564, 21.5991 ], [ 88.5567, 21.6044 ], [ 88.51, 21.6022 ], [ 88.5244, 21.6532 ], [ 88.5863, 21.5879 ] ] ], [ [ [ 88.5858, 21.6581 ], [ 88.5911, 21.6183 ], [ 88.554, 21.6395 ], [ 88.5708, 21.666 ], [ 88.5675, 21.6905 ], [ 88.5777, 21.6897 ], [ 88.5858, 21.6581 ] ] ], [ [ [ 88.6297, 21.6653 ], [ 88.6345, 21.6514 ], [ 88.6303, 21.6492 ], [ 88.6297, 21.6653 ] ] ], [ [ [ 88.5885, 21.6573 ], [ 88.5804, 21.683 ], [ 88.5919, 21.6906 ], [ 88.5881, 21.7016 ], [ 88.6063, 21.68 ], [ 88.5885, 21.6573 ] ] ], [ [ [ 88.5706, 21.7306 ], [ 88.5907, 21.6906 ], [ 88.5802, 21.6847 ], [ 88.5699, 21.7106 ], [ 88.5528, 21.724 ], [ 88.543, 21.7239 ], [ 88.5683, 21.7098 ], [ 88.5742, 21.694 ], [ 88.5627, 21.7064 ], [ 88.5528, 21.7028 ], [ 88.5486, 21.6364 ], [ 88.5172, 21.7114 ], [ 88.5264, 21.7169 ], [ 88.5411, 21.7359 ], [ 88.5706, 21.7306 ] ] ], [ [ [ 88.6198, 21.7383 ], [ 88.5797, 21.7258 ], [ 88.569, 21.7692 ], [ 88.5822, 21.7778 ], [ 88.5856, 21.7539 ], [ 88.6198, 21.7383 ] ] ], [ [ [ 88.6286, 21.7544 ], [ 88.6269, 21.7303 ], [ 88.6041, 21.7094 ], [ 88.6231, 21.7367 ], [ 88.5863, 21.7566 ], [ 88.5926, 21.7852 ], [ 88.6286, 21.7544 ] ] ], [ [ [ 88.6181, 21.8292 ], [ 88.576, 21.817 ], [ 88.5906, 21.8519 ], [ 88.6181, 21.8292 ] ] ], [ [ [ 88.5603, 21.8281 ], [ 88.5558, 21.8258 ], [ 88.5592, 21.8297 ], [ 88.5603, 21.8281 ] ] ], [ [ [ 88.6353, 21.8692 ], [ 88.6535, 21.8677 ], [ 88.6389, 21.7847 ], [ 88.6211, 21.8314 ], [ 88.5947, 21.8544 ], [ 88.6206, 21.8978 ], [ 88.627, 21.8939 ], [ 88.6318, 21.8721 ], [ 88.6353, 21.8692 ] ] ], [ [ [ 88.5614, 21.8297 ], [ 88.5306, 21.8492 ], [ 88.5425, 21.8556 ], [ 88.5503, 21.881 ], [ 88.5456, 21.9046 ], [ 88.5764, 21.8886 ], [ 88.5614, 21.8297 ] ] ], [ [ [ 88.5858, 21.8746 ], [ 88.5814, 21.8735 ], [ 88.5847, 21.8766 ], [ 88.5858, 21.8746 ] ] ], [ [ [ 88.6669, 21.9133 ], [ 88.6345, 21.8706 ], [ 88.6372, 21.9214 ], [ 88.6669, 21.9133 ] ] ], [ [ [ 88.7158, 22.0006 ], [ 88.6782, 21.9429 ], [ 88.6286, 21.958 ], [ 88.6529, 22.0191 ], [ 88.7158, 22.0006 ] ] ], [ [ [ 88.7309, 22.0436 ], [ 88.7334, 22.0436 ], [ 88.7334, 22.0422 ], [ 88.7309, 22.0436 ] ] ], [ [ [ 88.6361, 22.0511 ], [ 88.6283, 22.0553 ], [ 88.6308, 22.0631 ], [ 88.6361, 22.0511 ] ] ], [ [ [ 88.7276, 22.1235 ], [ 88.6828, 22.0802 ], [ 88.7402, 22.0204 ], [ 88.7041, 22.0067 ], [ 88.6634, 22.0244 ], [ 88.6343, 22.1105 ], [ 88.6839, 22.2072 ], [ 88.7886, 22.1681 ], [ 88.7381, 22.1345 ], [ 88.7276, 22.1235 ] ] ], [ [ [ 88.7318, 22.1168 ], [ 88.7301, 22.124 ], [ 88.7363, 22.1288 ], [ 88.7318, 22.1168 ] ] ] ] } },
{ "type": "Feature", "properties": { "state": "West Bengal", "district": "Uttar Dinajpur" }, "geometry": { "type": "MultiPolygon", "coordinates": [ [ [ [ 88.4578, 25.5954 ], [ 88.4557, 25.5956 ], [ 88.4598, 25.5953 ], [ 88.4578, 25.5954 ] ] ], [ [ [ 88.4567, 25.6605 ], [ 88.4468, 25.5963 ], [ 88.3174, 25.5125 ], [ 88.2461, 25.3558 ], [ 88.1776, 25.2891 ], [ 88.1451, 25.2931 ], [ 88.1253, 25.2425 ], [ 88.1025, 25.2718 ], [ 88.1263, 25.2908 ], [ 88.1117, 25.4331 ], [ 88.021, 25.5869 ], [ 88.0543, 25.6329 ], [ 88.0486, 25.6906 ], [ 87.8985, 25.7698 ], [ 87.9105, 25.8148 ], [ 87.8834, 25.8286 ], [ 87.9109, 25.8517 ], [ 87.8228, 25.8715 ], [ 87.8038, 25.9121 ], [ 87.8421, 26.0445 ], [ 87.9129, 26.091 ], [ 87.9681, 26.0814 ], [ 87.9641, 26.152 ], [ 88.0131, 26.1409 ], [ 88.2796, 26.3355 ], [ 88.274, 26.3773 ], [ 88.2292, 26.3899 ], [ 88.2683, 26.4179 ], [ 88.2366, 26.4528 ], [ 88.3101, 26.4968 ], [ 88.3549, 26.4471 ], [ 88.3723, 26.4884 ], [ 88.4852, 26.4604 ], [ 88.5248, 26.3598 ], [ 88.4516, 26.3705 ], [ 88.3496, 26.2823 ], [ 88.3501, 26.2203 ], [ 88.1804, 26.1457 ], [ 88.1584, 26.0808 ], [ 88.1871, 26.0241 ], [ 88.1296, 25.997 ], [ 88.0883, 25.9192 ], [ 88.1013, 25.8296 ], [ 88.1521, 25.7758 ], [ 88.2643, 25.8118 ], [ 88.3209, 25.7376 ], [ 88.4567, 25.6605 ] ] ] ] } }
]
}
